feature,Class,Category,Species.Name,Molecular.Species.Name,Structural.Species.Name,Level,Mass,Sum.Formula,Total.FA,Total.C,Total.DB,Total.OH,FA,FA.C,FA.DB,FA.OH,LCB,LCB2,LCB.C,LCB.DB,LCB.OH,LCB.Bond.Type,FA1,FA1.C,FA1.DB,FA1.OH,FA1.Bond.Type,FA2,FA2.C,FA2.DB,FA2.OH,FA2.Bond.Type,FA3,FA3.C,FA3.DB,FA3.OH,FA3.Bond.Type,FA4,FA4.C,FA4.DB,FA4.OH,FA4.Bond.Type,Lipid.Maps.Category,Lipid.Maps.Class,Lipid.Maps.Subclass,Cellular.Component,Function,Bond.type,Headgroup.Charge,Lateral.Diffusion,Bilayer.Thickness,Intrinsic.Curvature,Transition.Temperature,FA.Unsaturation.Category1,FA.Unsaturation.Category2,FA.Chain.Length.Category1,FA.Chain.Length.Category2,FA.Chain.Length.Category3,LION.abbr,GATOM.abbr,LIPIDMAPS.reaction.abbr
SPB 18:1;O2,SPB,SP,SPB 18:1;O2,SPB 18:1;O2,SPB 18:1;O2,SN_POSITION,299.28243,C18H37NO2,18:1;O2,18,1,2,18:1;O2,18,1,2,18:1;O2,d18:1,18,1,2,LCB,,,,,,,,,,,,,,,,,,,,,Sphingolipids [SP],Sphingoid bases [SP01],,,,,,,,,,FA with less than 2 double bonds,Monounsaturated fatty acid,FA with 18 carbons or less,FA with 16-18 carbons,Long-chain FA,SPB(d18:1),SPB 18:1;O2,Sphingosine
SPB 18:0;O2,SPB,SP,SPB 18:0;O2,SPB 18:0;O2,SPB 18:0;O2,SN_POSITION,301.29808,C18H39NO2,18:0;O2,18,0,2,18:0;O2,18,0,2,18:0;O2,d18:0,18,0,2,LCB,,,,,,,,,,,,,,,,,,,,,Sphingolipids [SP],Sphingoid bases [SP01],,,,,,,,,,FA with less than 2 double bonds,Saturated fatty acid,FA with 18 carbons or less,FA with 16-18 carbons,Long-chain FA,SPB(d18:0),SPB 18:0;O2,Sphinganine
SPB 18:0;O3,SPB,SP,SPB 18:0;O3,SPB 18:0;O3,SPB 18:0;O3,SN_POSITION,317.29299,C18H39NO3,18:0;O3,18,0,3,18:0;O3,18,0,3,18:0;O3,t18:0,18,0,3,LCB,,,,,,,,,,,,,,,,,,,,,Sphingolipids [SP],Sphingoid bases [SP01],,,,,,,,,,FA with less than 2 double bonds,Saturated fatty acid,FA with 18 carbons or less,FA with 16-18 carbons,Long-chain FA,SPB(t18:0),SPB 18:0;O3,
SPB 18:1;O3,SPB,SP,SPB 18:1;O3,SPB 18:1;O3,SPB 18:1;O3,SN_POSITION,315.27734,C18H37NO3,18:1;O3,18,1,3,18:1;O3,18,1,3,18:1;O3,t18:1,18,1,3,LCB,,,,,,,,,,,,,,,,,,,,,Sphingolipids [SP],Sphingoid bases [SP01],,,,,,,,,,FA with less than 2 double bonds,Monounsaturated fatty acid,FA with 18 carbons or less,FA with 16-18 carbons,Long-chain FA,SPB(t18:1),SPB 18:1;O3,
SPBP 18:1;O2,SPBP,SP,SPBP 18:1;O2,SPBP 18:1;O2,SPBP 18:1;O2,SN_POSITION,379.24876,C18H38NO5P,18:1;O2,18,1,2,18:1;O2,18,1,2,18:1;O2,d18:1,18,1,2,LCB,,,,,,,,,,,,,,,,,,,,,Sphingolipids [SP],Sphingoid bases [SP01],,,,,,,,,,FA with less than 2 double bonds,Monounsaturated fatty acid,FA with 18 carbons or less,FA with 16-18 carbons,Long-chain FA,SPBP(d18:1),SPBP 18:1;O2,
SPBP 18:0;O2,SPBP,SP,SPBP 18:0;O2,SPBP 18:0;O2,SPBP 18:0;O2,SN_POSITION,381.26441,C18H40NO5P,18:0;O2,18,0,2,18:0;O2,18,0,2,18:0;O2,d18:0,18,0,2,LCB,,,,,,,,,,,,,,,,,,,,,Sphingolipids [SP],Sphingoid bases [SP01],,,,,,,,,,FA with less than 2 double bonds,Saturated fatty acid,FA with 18 carbons or less,FA with 16-18 carbons,Long-chain FA,SPBP(d18:0),SPBP 18:0;O2,
SPBP 18:0;O3,SPBP,SP,SPBP 18:0;O3,SPBP 18:0;O3,SPBP 18:0;O3,SN_POSITION,397.25933,C18H40NO6P,18:0;O3,18,0,3,18:0;O3,18,0,3,18:0;O3,t18:0,18,0,3,LCB,,,,,,,,,,,,,,,,,,,,,Sphingolipids [SP],Sphingoid bases [SP01],,,,,,,,,,FA with less than 2 double bonds,Saturated fatty acid,FA with 18 carbons or less,FA with 16-18 carbons,Long-chain FA,SPBP(t18:0),SPBP 18:0;O3,
Glucosyl Sphingosine,Glucosyl Sphingosine,SP,,,,,461.335255,C24H47NO7,18:1;O2,18,1,2,18:1;O2,18,1,2,18:1;O2,d18:1,18,1,2,LCB,,,,,,,,,,,,,,,,,,,,,Sphingolipids [SP],Basic glycosphingolipids [SP07],,,,,,,,,,,,,,,,,
LSM 18:1;O2,LSM,SP,LSM 18:1;O2,LSM 18:1;O2,LSM 18:1;O2,SN_POSITION,464.33791,C23H49N2O5P,18:1;O2,18,1,2,18:1;O2,18,1,2,18:1;O2,d18:1,18,1,2,LCB,,,,,,,,,,,,,,,,,,,,,Sphingolipids [SP],,,,,,,,,,,FA with less than 2 double bonds,Monounsaturated fatty acid,FA with 18 carbons or less,FA with 16-18 carbons,Long-chain FA,LSM(d18:1),LSM(d18:1),
Lyso-GB3,Lyso-Gb3,SP,,,,,785.4409,C36H67NO17,18:1;O2,18,1,2,18:1;O2,18,0,,18:1;O2,d18:1,,,,,,,,,,,,,,,,,,,,,,,,,,,,,,,,,,,,,,,,,,,
Cer 18:1;O2/14:0,Cer[NS],SP,Cer 32:1;O2,Cer 18:1;O2/14:0,Cer 18:1;O2/14:0,SN_POSITION,509.4808,C32H63NO3,32:1;O2,32,1,2,18:1;O2|14:0,18|14,1|0,2|0,18:1;O2,d18:1,18,1,2,LCB,14:00,14,0,0,ESTER,,,,,,,,,,,,,,,,Sphingolipids [SP],ceramides [SP02],N-acylsphingosines (ceramides) [SP0201],endoplasmic reticulum (ER)|plasma membrane,lipid-mediated signalling,,,,,negative intrinsic curvature,,FA with less than 2 double bonds|FA with less than 2 double bonds,Monounsaturated fatty acid|Saturated fatty acid,FA with 18 carbons or less|FA with 18 carbons or less,FA with 16-18 carbons|FA with 13-15 carbons,Long-chain FA|Long-chain FA,Cer(d18:1/14:0),Cer(d18:1/14:0),Ceramide
Cer 18:1;O2/14:1,Cer[NS],SP,Cer 32:2;O2,Cer 18:1;O2/14:1,Cer 18:1;O2/14:1,SN_POSITION,507.46515,C32H61NO3,32:2;O2,32,2,2,18:1;O2|14:1,18|14,1|1,2|0,18:1;O2,d18:1,18,1,2,LCB,14:01,14,1,0,ESTER,,,,,,,,,,,,,,,,Sphingolipids [SP],ceramides [SP02],N-acylsphingosines (ceramides) [SP0201],endoplasmic reticulum (ER)|plasma membrane,lipid-mediated signalling,,,,,negative intrinsic curvature,,FA with less than 2 double bonds|FA with less than 2 double bonds,Monounsaturated fatty acid|Monounsaturated fatty acid,FA with 18 carbons or less|FA with 18 carbons or less,FA with 16-18 carbons|FA with 13-15 carbons,Long-chain FA|Long-chain FA,Cer(d18:1/14:1),Cer(d18:1/14:1),Ceramide
Cer 18:1;O2/16:0,Cer[NS],SP,Cer 34:1;O2,Cer 18:1;O2/16:0,Cer 18:1;O2/16:0,SN_POSITION,537.5121,C34H67NO3,34:1;O2,34,1,2,18:1;O2|16:0,18|16,1|0,2|0,18:1;O2,d18:1,18,1,2,LCB,16:00,16,0,0,ESTER,,,,,,,,,,,,,,,,Sphingolipids [SP],ceramides [SP02],N-acylsphingosines (ceramides) [SP0201],endoplasmic reticulum (ER)|plasma membrane,lipid-mediated signalling,,,,,negative intrinsic curvature,,FA with less than 2 double bonds|FA with less than 2 double bonds,Monounsaturated fatty acid|Saturated fatty acid,FA with 18 carbons or less|FA with 18 carbons or less,FA with 16-18 carbons|FA with 16-18 carbons,Long-chain FA|Long-chain FA,Cer(d18:1/16:0),Cer(d18:1/16:0),Ceramide
Cer 18:1;O2/16:1,Cer[NS],SP,Cer 34:2;O2,Cer 18:1;O2/16:1,Cer 18:1;O2/16:1,SN_POSITION,535.49645,C34H65NO3,34:2;O2,34,2,2,18:1;O2|16:1,18|16,1|1,2|0,18:1;O2,d18:1,18,1,2,LCB,16:01,16,1,0,ESTER,,,,,,,,,,,,,,,,Sphingolipids [SP],ceramides [SP02],N-acylsphingosines (ceramides) [SP0201],endoplasmic reticulum (ER)|plasma membrane,lipid-mediated signalling,,,,,negative intrinsic curvature,,FA with less than 2 double bonds|FA with less than 2 double bonds,Monounsaturated fatty acid|Monounsaturated fatty acid,FA with 18 carbons or less|FA with 18 carbons or less,FA with 16-18 carbons|FA with 16-18 carbons,Long-chain FA|Long-chain FA,Cer(d18:1/16:1),Cer(d18:1/16:1),Ceramide
Cer 18:1;O2/18:0,Cer[NS],SP,Cer 36:1;O2,Cer 18:1;O2/18:0,Cer 18:1;O2/18:0,SN_POSITION,565.5434,C36H71NO3,36:1;O2,36,1,2,18:1;O2|18:0,18|18,1|0,2|0,18:1;O2,d18:1,18,1,2,LCB,18:00,18,0,0,ESTER,,,,,,,,,,,,,,,,Sphingolipids [SP],ceramides [SP02],N-acylsphingosines (ceramides) [SP0201],endoplasmic reticulum (ER)|plasma membrane,lipid-mediated signalling,,,,,negative intrinsic curvature,,FA with less than 2 double bonds|FA with less than 2 double bonds,Monounsaturated fatty acid|Saturated fatty acid,FA with 18 carbons or less|FA with 18 carbons or less,FA with 16-18 carbons|FA with 16-18 carbons,Long-chain FA|Long-chain FA,Cer(d18:1/18:0),Cer(d18:1/18:0),Ceramide
Cer 18:1;O2/18:1,Cer[NS],SP,Cer 36:2;O2,Cer 18:1;O2/18:1,Cer 18:1;O2/18:1,SN_POSITION,563.52775,C36H69NO3,36:2;O2,36,2,2,18:1;O2|18:1,18|18,1|1,2|0,18:1;O2,d18:1,18,1,2,LCB,18:01,18,1,0,ESTER,,,,,,,,,,,,,,,,Sphingolipids [SP],ceramides [SP02],N-acylsphingosines (ceramides) [SP0201],endoplasmic reticulum (ER)|plasma membrane,lipid-mediated signalling,,,,,negative intrinsic curvature,,FA with less than 2 double bonds|FA with less than 2 double bonds,Monounsaturated fatty acid|Monounsaturated fatty acid,FA with 18 carbons or less|FA with 18 carbons or less,FA with 16-18 carbons|FA with 16-18 carbons,Long-chain FA|Long-chain FA,Cer(d18:1/18:1),Cer(d18:1/18:1),Ceramide
Cer 18:1;O2/20:0,Cer[NS],SP,Cer 38:1;O2,Cer 18:1;O2/20:0,Cer 18:1;O2/20:0,SN_POSITION,593.5747,C38H75NO3,38:1;O2,38,1,2,18:1;O2|20:0,18|20,1|0,2|0,18:1;O2,d18:1,18,1,2,LCB,20:00,20,0,0,ESTER,,,,,,,,,,,,,,,,Sphingolipids [SP],ceramides [SP02],N-acylsphingosines (ceramides) [SP0201],endoplasmic reticulum (ER)|plasma membrane,lipid-mediated signalling,,,,,negative intrinsic curvature,,FA with less than 2 double bonds|FA with less than 2 double bonds,Monounsaturated fatty acid|Saturated fatty acid,FA with 18 carbons or less|FA with more than 18 carbons,FA with 16-18 carbons|FA with 19-21 carbons,Long-chain FA|Long-chain FA,Cer(d18:1/20:0),Cer(d18:1/20:0),Ceramide
Cer 18:1;O2/20:1,Cer[NS],SP,Cer 38:2;O2,Cer 18:1;O2/20:1,Cer 18:1;O2/20:1,SN_POSITION,591.55905,C38H73NO3,38:2;O2,38,2,2,18:1;O2|20:1,18|20,1|1,2|0,18:1;O2,d18:1,18,1,2,LCB,20:01,20,1,0,ESTER,,,,,,,,,,,,,,,,Sphingolipids [SP],ceramides [SP02],N-acylsphingosines (ceramides) [SP0201],endoplasmic reticulum (ER)|plasma membrane,lipid-mediated signalling,,,,,negative intrinsic curvature,,FA with less than 2 double bonds|FA with less than 2 double bonds,Monounsaturated fatty acid|Monounsaturated fatty acid,FA with 18 carbons or less|FA with more than 18 carbons,FA with 16-18 carbons|FA with 19-21 carbons,Long-chain FA|Long-chain FA,Cer(d18:1/20:1),Cer(d18:1/20:1),Ceramide
Cer 18:1;O2/22:0,Cer[NS],SP,Cer 40:1;O2,Cer 18:1;O2/22:0,Cer 18:1;O2/22:0,SN_POSITION,621.606,C40H79NO3,40:1;O2,40,1,2,18:1;O2|22:0,18|22,1|0,2|0,18:1;O2,d18:1,18,1,2,LCB,22:00,22,0,0,ESTER,,,,,,,,,,,,,,,,Sphingolipids [SP],ceramides [SP02],N-acylsphingosines (ceramides) [SP0201],endoplasmic reticulum (ER)|plasma membrane,lipid-mediated signalling,,,,,negative intrinsic curvature,,FA with less than 2 double bonds|FA with less than 2 double bonds,Monounsaturated fatty acid|Saturated fatty acid,FA with 18 carbons or less|FA with more than 18 carbons,FA with 16-18 carbons|FA with 22-24 carbons,Long-chain FA|Very long-chain FA,Cer(d18:1/22:0),Cer(d18:1/22:0),Ceramide
Cer 18:1;O2/22:1,Cer[NS],SP,Cer 40:2;O2,Cer 18:1;O2/22:1,Cer 18:1;O2/22:1,SN_POSITION,619.59035,C40H77NO3,40:2;O2,40,2,2,18:1;O2|22:1,18|22,1|1,2|0,18:1;O2,d18:1,18,1,2,LCB,22:01,22,1,0,ESTER,,,,,,,,,,,,,,,,Sphingolipids [SP],ceramides [SP02],N-acylsphingosines (ceramides) [SP0201],endoplasmic reticulum (ER)|plasma membrane,lipid-mediated signalling,,,,,negative intrinsic curvature,,FA with less than 2 double bonds|FA with less than 2 double bonds,Monounsaturated fatty acid|Monounsaturated fatty acid,FA with 18 carbons or less|FA with more than 18 carbons,FA with 16-18 carbons|FA with 22-24 carbons,Long-chain FA|Very long-chain FA,Cer(d18:1/22:1),Cer(d18:1/22:1),Ceramide
Cer 18:1;O2/24:0,Cer[NS],SP,Cer 42:1;O2,Cer 18:1;O2/24:0,Cer 18:1;O2/24:0,SN_POSITION,649.6373,C42H83NO3,42:1;O2,42,1,2,18:1;O2|24:0,18|24,1|0,2|0,18:1;O2,d18:1,18,1,2,LCB,24:00:00,24,0,0,ESTER,,,,,,,,,,,,,,,,Sphingolipids [SP],ceramides [SP02],N-acylsphingosines (ceramides) [SP0201],endoplasmic reticulum (ER)|plasma membrane,lipid-mediated signalling,,,,,negative intrinsic curvature,,FA with less than 2 double bonds|FA with less than 2 double bonds,Monounsaturated fatty acid|Saturated fatty acid,FA with 18 carbons or less|FA with more than 18 carbons,FA with 16-18 carbons|FA with 22-24 carbons,Long-chain FA|Very long-chain FA,Cer(d18:1/24:0),Cer(d18:1/24:0),Ceramide
Cer 18:1;O2/24:1,Cer[NS],SP,Cer 42:2;O2,Cer 18:1;O2/24:1,Cer 18:1;O2/24:1,SN_POSITION,647.62165,C42H81NO3,42:2;O2,42,2,2,18:1;O2|24:1,18|24,1|1,2|0,18:1;O2,d18:1,18,1,2,LCB,24:01:00,24,1,0,ESTER,,,,,,,,,,,,,,,,Sphingolipids [SP],ceramides [SP02],N-acylsphingosines (ceramides) [SP0201],endoplasmic reticulum (ER)|plasma membrane,lipid-mediated signalling,,,,,negative intrinsic curvature,,FA with less than 2 double bonds|FA with less than 2 double bonds,Monounsaturated fatty acid|Monounsaturated fatty acid,FA with 18 carbons or less|FA with more than 18 carbons,FA with 16-18 carbons|FA with 22-24 carbons,Long-chain FA|Very long-chain FA,Cer(d18:1/24:1),Cer(d18:1/24:1),Ceramide
Cer 18:1;O2/24:2,Cer[NS],SP,Cer 42:3;O2,Cer 18:1;O2/24:2,Cer 18:1;O2/24:2,SN_POSITION,645.606,C42H79NO3,42:3;O2,42,3,2,18:1;O2|24:2,18|24,1|2,2|0,18:1;O2,d18:1,18,1,2,LCB,24:02:00,24,2,0,ESTER,,,,,,,,,,,,,,,,Sphingolipids [SP],ceramides [SP02],N-acylsphingosines (ceramides) [SP0201],endoplasmic reticulum (ER)|plasma membrane,lipid-mediated signalling,,,,,negative intrinsic curvature,,FA with less than 2 double bonds|Polyunsaturated fatty acid,Monounsaturated fatty acid|FA with 2 double bonds,FA with 18 carbons or less|FA with more than 18 carbons,FA with 16-18 carbons|FA with 22-24 carbons,Long-chain FA|Very long-chain FA,Cer(d18:1/24:2),Cer(d18:1/24:2),Ceramide
Cer 18:1;O2/26:0,Cer[NS],SP,Cer 44:1;O2,Cer 18:1;O2/26:0,Cer 18:1;O2/26:0,SN_POSITION,677.6686,C44H87NO3,44:1;O2,44,1,2,18:1;O2|26:0,18|26,1|0,2|0,18:1;O2,d18:1,18,1,2,LCB,26:00:00,26,0,0,ESTER,,,,,,,,,,,,,,,,Sphingolipids [SP],ceramides [SP02],N-acylsphingosines (ceramides) [SP0201],endoplasmic reticulum (ER)|plasma membrane,lipid-mediated signalling,,,,,negative intrinsic curvature,,FA with less than 2 double bonds|FA with less than 2 double bonds,Monounsaturated fatty acid|Saturated fatty acid,FA with 18 carbons or less|FA with more than 18 carbons,FA with 16-18 carbons|FA with more than 24 carbons,Long-chain FA|Very long-chain FA,Cer(d18:1/26:0),Cer(d18:1/26:0),Ceramide
Cer 18:1;O2/26:1,Cer[NS],SP,Cer 44:2;O2,Cer 18:1;O2/26:1,Cer 18:1;O2/26:1,SN_POSITION,675.65295,C44H85NO3,44:2;O2,44,2,2,18:1;O2|26:1,18|26,1|1,2|0,18:1;O2,d18:1,18,1,2,LCB,26:01:00,26,1,0,ESTER,,,,,,,,,,,,,,,,Sphingolipids [SP],ceramides [SP02],N-acylsphingosines (ceramides) [SP0201],endoplasmic reticulum (ER)|plasma membrane,lipid-mediated signalling,,,,,negative intrinsic curvature,,FA with less than 2 double bonds|FA with less than 2 double bonds,Monounsaturated fatty acid|Monounsaturated fatty acid,FA with 18 carbons or less|FA with more than 18 carbons,FA with 16-18 carbons|FA with more than 24 carbons,Long-chain FA|Very long-chain FA,Cer(d18:1/26:1),Cer(d18:1/26:1),Ceramide
Cer 18:1;O2/28:0,Cer[NS],SP,Cer 46:1;O2,Cer 18:1;O2/28:0,Cer 18:1;O2/28:0,SN_POSITION,705.6999,C46H91NO3,46:1;O2,46,1,2,18:1;O2|28:0,18|28,1|0,2|0,18:1;O2,d18:1,18,1,2,LCB,28:00:00,28,0,0,ESTER,,,,,,,,,,,,,,,,Sphingolipids [SP],ceramides [SP02],N-acylsphingosines (ceramides) [SP0201],endoplasmic reticulum (ER)|plasma membrane,lipid-mediated signalling,,,,,negative intrinsic curvature,,FA with less than 2 double bonds|FA with less than 2 double bonds,Monounsaturated fatty acid|Saturated fatty acid,FA with 18 carbons or less|FA with more than 18 carbons,FA with 16-18 carbons|FA with more than 24 carbons,Long-chain FA|Very long-chain FA,Cer(d18:1/28:0),Cer(d18:1/28:0),Ceramide
Cer 18:1;O2/28:1,Cer[NS],SP,Cer 46:2;O2,Cer 18:1;O2/28:1,Cer 18:1;O2/28:1,SN_POSITION,703.68425,C46H89NO3,46:2;O2,46,2,2,18:1;O2|28:1,18|28,1|1,2|0,18:1;O2,d18:1,18,1,2,LCB,28:01:00,28,1,0,ESTER,,,,,,,,,,,,,,,,Sphingolipids [SP],ceramides [SP02],N-acylsphingosines (ceramides) [SP0201],endoplasmic reticulum (ER)|plasma membrane,lipid-mediated signalling,,,,,negative intrinsic curvature,,FA with less than 2 double bonds|FA with less than 2 double bonds,Monounsaturated fatty acid|Monounsaturated fatty acid,FA with 18 carbons or less|FA with more than 18 carbons,FA with 16-18 carbons|FA with more than 24 carbons,Long-chain FA|Very long-chain FA,Cer(d18:1/28:1),Cer(d18:1/28:1),Ceramide
Cer 18:0;O2/14:0,Cer[NDS],SP,Cer 32:0;O2,Cer 18:0;O2/14:0,Cer 18:0;O2/14:0,FULL_STRUCTURE,511.49645,C32H65NO3,32:0;O2,32,0,2,18:0;O2|14:0,18|14,0|0,2|0,18:0;O2,d18:0,18,0,2,LCB,14:00,14,0,0,ESTER,,,,,,,,,,,,,,,,Sphingolipids [SP],ceramides [SP02],N-acylsphinganines (dihydroceramides) [SP0202],endoplasmic reticulum (ER)|plasma membrane,lipid-mediated signalling,,,,,negative intrinsic curvature,,FA with less than 2 double bonds|FA with less than 2 double bonds,Saturated fatty acid|Saturated fatty acid,FA with 18 carbons or less|FA with 18 carbons or less,FA with 16-18 carbons|FA with 13-15 carbons,Long-chain FA|Long-chain FA,Cer(d18:0/14:0),Cer(d18:0/14:0),Dihydroceramide
Cer 18:0;O2/16:0,Cer[NDS],SP,Cer 34:0;O2,Cer 18:0;O2/16:0,Cer 18:0;O2/16:0,FULL_STRUCTURE,539.52775,C34H69NO3,34:0;O2,34,0,2,18:0;O2|16:0,18|16,0|0,2|0,18:0;O2,d18:0,18,0,2,LCB,16:00,16,0,0,ESTER,,,,,,,,,,,,,,,,Sphingolipids [SP],ceramides [SP02],N-acylsphinganines (dihydroceramides) [SP0202],endoplasmic reticulum (ER)|plasma membrane,lipid-mediated signalling,,,,,negative intrinsic curvature,,FA with less than 2 double bonds|FA with less than 2 double bonds,Saturated fatty acid|Saturated fatty acid,FA with 18 carbons or less|FA with 18 carbons or less,FA with 16-18 carbons|FA with 16-18 carbons,Long-chain FA|Long-chain FA,Cer(d18:0/16:0),Cer(d18:0/16:0),Dihydroceramide
Cer 18:0;O2/18:0,Cer[NDS],SP,Cer 36:0;O2,Cer 18:0;O2/18:0,Cer 18:0;O2/18:0,FULL_STRUCTURE,567.55905,C36H73NO3,36:0;O2,36,0,2,18:0;O2|18:0,18|18,0|0,2|0,18:0;O2,d18:0,18,0,2,LCB,18:00,18,0,0,ESTER,,,,,,,,,,,,,,,,Sphingolipids [SP],ceramides [SP02],N-acylsphinganines (dihydroceramides) [SP0202],endoplasmic reticulum (ER)|plasma membrane,lipid-mediated signalling,,,,,negative intrinsic curvature,,FA with less than 2 double bonds|FA with less than 2 double bonds,Saturated fatty acid|Saturated fatty acid,FA with 18 carbons or less|FA with 18 carbons or less,FA with 16-18 carbons|FA with 16-18 carbons,Long-chain FA|Long-chain FA,Cer(d18:0/18:0),Cer(d18:0/18:0),Dihydroceramide
Cer 18:0;O2/20:0,Cer[NDS],SP,Cer 38:0;O2,Cer 18:0;O2/20:0,Cer 18:0;O2/20:0,FULL_STRUCTURE,595.59035,C38H77NO3,38:0;O2,38,0,2,18:0;O2|20:0,18|20,0|0,2|0,18:0;O2,d18:0,18,0,2,LCB,20:00,20,0,0,ESTER,,,,,,,,,,,,,,,,Sphingolipids [SP],ceramides [SP02],N-acylsphinganines (dihydroceramides) [SP0202],endoplasmic reticulum (ER)|plasma membrane,lipid-mediated signalling,,,,,negative intrinsic curvature,,FA with less than 2 double bonds|FA with less than 2 double bonds,Saturated fatty acid|Saturated fatty acid,FA with 18 carbons or less|FA with more than 18 carbons,FA with 16-18 carbons|FA with 19-21 carbons,Long-chain FA|Long-chain FA,Cer(d18:0/20:0),Cer(d18:0/20:0),Dihydroceramide
Cer 18:0;O2/22:0,Cer[NDS],SP,Cer 40:0;O2,Cer 18:0;O2/22:0,Cer 18:0;O2/22:0,FULL_STRUCTURE,623.62165,C40H81NO3,40:0;O2,40,0,2,18:0;O2|22:0,18|22,0|0,2|0,18:0;O2,d18:0,18,0,2,LCB,22:00,22,0,0,ESTER,,,,,,,,,,,,,,,,Sphingolipids [SP],ceramides [SP02],N-acylsphinganines (dihydroceramides) [SP0202],endoplasmic reticulum (ER)|plasma membrane,lipid-mediated signalling,,,,,negative intrinsic curvature,,FA with less than 2 double bonds|FA with less than 2 double bonds,Saturated fatty acid|Saturated fatty acid,FA with 18 carbons or less|FA with more than 18 carbons,FA with 16-18 carbons|FA with 22-24 carbons,Long-chain FA|Very long-chain FA,Cer(d18:0/22:0),Cer(d18:0/22:0),Dihydroceramide
Cer 18:0;O2/22:1,Cer[NDS],SP,Cer 40:1;O2,Cer 18:0;O2/22:1,Cer 18:0;O2/22:1,SN_POSITION,621.606,C40H79NO3,40:1;O2,40,1,2,18:0;O2|22:1,18|22,0|1,2|0,18:0;O2,d18:0,18,0,2,LCB,22:01,22,1,0,ESTER,,,,,,,,,,,,,,,,Sphingolipids [SP],ceramides [SP02],N-acylsphinganines (dihydroceramides) [SP0202],endoplasmic reticulum (ER)|plasma membrane,lipid-mediated signalling,,,,,negative intrinsic curvature,,FA with less than 2 double bonds|FA with less than 2 double bonds,Saturated fatty acid|Monounsaturated fatty acid,FA with 18 carbons or less|FA with more than 18 carbons,FA with 16-18 carbons|FA with 22-24 carbons,Long-chain FA|Very long-chain FA,Cer(d18:0/22:1),Cer(d18:0/22:1),Dihydroceramide
Cer 18:0;O2/24:0,Cer[NDS],SP,Cer 42:0;O2,Cer 18:0;O2/24:0,Cer 18:0;O2/24:0,FULL_STRUCTURE,651.65295,C42H85NO3,42:0;O2,42,0,2,18:0;O2|24:0,18|24,0|0,2|0,18:0;O2,d18:0,18,0,2,LCB,24:00:00,24,0,0,ESTER,,,,,,,,,,,,,,,,Sphingolipids [SP],ceramides [SP02],N-acylsphinganines (dihydroceramides) [SP0202],endoplasmic reticulum (ER)|plasma membrane,lipid-mediated signalling,,,,,negative intrinsic curvature,,FA with less than 2 double bonds|FA with less than 2 double bonds,Saturated fatty acid|Saturated fatty acid,FA with 18 carbons or less|FA with more than 18 carbons,FA with 16-18 carbons|FA with 22-24 carbons,Long-chain FA|Very long-chain FA,Cer(d18:0/24:0),Cer(d18:0/24:0),Dihydroceramide
Cer 18:0;O2/24:1,Cer[NDS],SP,Cer 42:1;O2,Cer 18:0;O2/24:1,Cer 18:0;O2/24:1,SN_POSITION,649.6373,C42H83NO3,42:1;O2,42,1,2,18:0;O2|24:1,18|24,0|1,2|0,18:0;O2,d18:0,18,0,2,LCB,24:01:00,24,1,0,ESTER,,,,,,,,,,,,,,,,Sphingolipids [SP],ceramides [SP02],N-acylsphinganines (dihydroceramides) [SP0202],endoplasmic reticulum (ER)|plasma membrane,lipid-mediated signalling,,,,,negative intrinsic curvature,,FA with less than 2 double bonds|FA with less than 2 double bonds,Saturated fatty acid|Monounsaturated fatty acid,FA with 18 carbons or less|FA with more than 18 carbons,FA with 16-18 carbons|FA with 22-24 carbons,Long-chain FA|Very long-chain FA,Cer(d18:0/24:1),Cer(d18:0/24:1),Dihydroceramide
Cer 32:0;O3,Cer[NP],SP,Cer 32:0;O3,,,SPECIES,527.49136,C32H65NO4,32:0;O3,32,0,3,,,,,,,,,,,,,,,,,,,,,,,,,,,,,,,Sphingolipids [SP],ceramides [SP02],N-acyl-4-hydroxysphinganines (phytoceramides) [SP0203],endoplasmic reticulum (ER)|plasma membrane,lipid-mediated signalling,,,,,negative intrinsic curvature,,,,,,,Cer(32:0),Cer 32:0;O3,Ceramide
Cer 34:0;O3,Cer[NP],SP,Cer 34:0;O3,,,SPECIES,555.52266,C34H69NO4,34:0;O3,34,0,3,,,,,,,,,,,,,,,,,,,,,,,,,,,,,,,Sphingolipids [SP],ceramides [SP02],N-acyl-4-hydroxysphinganines (phytoceramides) [SP0203],endoplasmic reticulum (ER)|plasma membrane,lipid-mediated signalling,,,,,negative intrinsic curvature,,,,,,,Cer(34:0),Cer 34:0;O3,Ceramide
Cer 36:0;O3,Cer[NP],SP,Cer 36:0;O3,,,SPECIES,583.55396,C36H73NO4,36:0;O3,36,0,3,,,,,,,,,,,,,,,,,,,,,,,,,,,,,,,Sphingolipids [SP],ceramides [SP02],N-acyl-4-hydroxysphinganines (phytoceramides) [SP0203],endoplasmic reticulum (ER)|plasma membrane,lipid-mediated signalling,,,,,negative intrinsic curvature,,,,,,,Cer(36:0),Cer 36:0;O3,Ceramide
Cer 38:0;O3,Cer[NP],SP,Cer 38:0;O3,,,SPECIES,611.58526,C38H77NO4,38:0;O3,38,0,3,,,,,,,,,,,,,,,,,,,,,,,,,,,,,,,Sphingolipids [SP],ceramides [SP02],N-acyl-4-hydroxysphinganines (phytoceramides) [SP0203],endoplasmic reticulum (ER)|plasma membrane,lipid-mediated signalling,,,,,negative intrinsic curvature,,,,,,,Cer(38:0),Cer 38:0;O3,Ceramide
Cer 40:0;O3,Cer[NP],SP,Cer 40:0;O3,,,SPECIES,639.61656,C40H81NO4,40:0;O3,40,0,3,,,,,,,,,,,,,,,,,,,,,,,,,,,,,,,Sphingolipids [SP],ceramides [SP02],N-acyl-4-hydroxysphinganines (phytoceramides) [SP0203],endoplasmic reticulum (ER)|plasma membrane,lipid-mediated signalling,,,,,negative intrinsic curvature,,,,,,,Cer(40:0),Cer 40:0;O3,Ceramide
Cer 42:0;O3,Cer[NP],SP,Cer 42:0;O3,,,SPECIES,667.64786,C42H85NO4,42:0;O3,42,0,3,,,,,,,,,,,,,,,,,,,,,,,,,,,,,,,Sphingolipids [SP],ceramides [SP02],N-acyl-4-hydroxysphinganines (phytoceramides) [SP0203],endoplasmic reticulum (ER)|plasma membrane,lipid-mediated signalling,,,,,negative intrinsic curvature,,,,,,,Cer(42:0),Cer 42:0;O3,Ceramide
Cer 44:0;O3,Cer[NP],SP,Cer 44:0;O3,,,SPECIES,695.67916,C44H89NO4,44:0;O3,44,0,3,,,,,,,,,,,,,,,,,,,,,,,,,,,,,,,Sphingolipids [SP],ceramides [SP02],N-acyl-4-hydroxysphinganines (phytoceramides) [SP0203],endoplasmic reticulum (ER)|plasma membrane,lipid-mediated signalling,,,,,negative intrinsic curvature,,,,,,,Cer(44:0),Cer 44:0;O3,Ceramide
Cer 46:0;O3,Cer[NP],SP,Cer 46:0;O3,,,SPECIES,723.71046,C46H93NO4,46:0;O3,46,0,3,,,,,,,,,,,,,,,,,,,,,,,,,,,,,,,Sphingolipids [SP],ceramides [SP02],N-acyl-4-hydroxysphinganines (phytoceramides) [SP0203],endoplasmic reticulum (ER)|plasma membrane,lipid-mediated signalling,,,,,negative intrinsic curvature,,,,,,,Cer(46:0),Cer 46:0;O3,Ceramide
Cer 32:0;O4,Cer[AP],SP,Cer 32:0;O4,,,SPECIES,543.48627,C32H65NO5,32:0;O4,32,0,4,,,,,,,,,,,,,,,,,,,,,,,,,,,,,,,Sphingolipids [SP],ceramides [SP02],N-acyl-4-hydroxysphinganines (phytoceramides) [SP0203],endoplasmic reticulum (ER)|plasma membrane,lipid-mediated signalling,,,,,negative intrinsic curvature,,,,,,,Cer(32:0),Cer 32:0;O4,Ceramide
Cer 34:0;O4,Cer[AP],SP,Cer 34:0;O4,,,SPECIES,571.51757,C34H69NO5,34:0;O4,34,0,4,,,,,,,,,,,,,,,,,,,,,,,,,,,,,,,Sphingolipids [SP],ceramides [SP02],N-acyl-4-hydroxysphinganines (phytoceramides) [SP0203],endoplasmic reticulum (ER)|plasma membrane,lipid-mediated signalling,,,,,negative intrinsic curvature,,,,,,,Cer(34:0),Cer 34:0;O4,Ceramide
Cer 36:0;O4,Cer[AP],SP,Cer 36:0;O4,,,SPECIES,599.54887,C36H73NO5,36:0;O4,36,0,4,,,,,,,,,,,,,,,,,,,,,,,,,,,,,,,Sphingolipids [SP],ceramides [SP02],N-acyl-4-hydroxysphinganines (phytoceramides) [SP0203],endoplasmic reticulum (ER)|plasma membrane,lipid-mediated signalling,,,,,negative intrinsic curvature,,,,,,,Cer(36:0),Cer 36:0;O4,Ceramide
Cer 38:0;O4,Cer[AP],SP,Cer 38:0;O4,,,SPECIES,627.58017,C38H77NO5,38:0;O4,38,0,4,,,,,,,,,,,,,,,,,,,,,,,,,,,,,,,Sphingolipids [SP],ceramides [SP02],N-acyl-4-hydroxysphinganines (phytoceramides) [SP0203],endoplasmic reticulum (ER)|plasma membrane,lipid-mediated signalling,,,,,negative intrinsic curvature,,,,,,,Cer(38:0),Cer 38:0;O4,Ceramide
Cer 40:0;O4,Cer[AP],SP,Cer 40:0;O4,,,SPECIES,655.61147,C40H81NO5,40:0;O4,40,0,4,,,,,,,,,,,,,,,,,,,,,,,,,,,,,,,Sphingolipids [SP],ceramides [SP02],N-acyl-4-hydroxysphinganines (phytoceramides) [SP0203],endoplasmic reticulum (ER)|plasma membrane,lipid-mediated signalling,,,,,negative intrinsic curvature,,,,,,,Cer(40:0),Cer 40:0;O4,Ceramide
Cer 42:0;O4,Cer[AP],SP,Cer 42:0;O4,,,SPECIES,683.64278,C42H85NO5,42:0;O4,42,0,4,,,,,,,,,,,,,,,,,,,,,,,,,,,,,,,Sphingolipids [SP],ceramides [SP02],N-acyl-4-hydroxysphinganines (phytoceramides) [SP0203],endoplasmic reticulum (ER)|plasma membrane,lipid-mediated signalling,,,,,negative intrinsic curvature,,,,,,,Cer(42:0),Cer 42:0;O4,Ceramide
Cer 44:0;O4,Cer[AP],SP,Cer 44:0;O4,,,SPECIES,711.67408,C44H89NO5,44:0;O4,44,0,4,,,,,,,,,,,,,,,,,,,,,,,,,,,,,,,Sphingolipids [SP],ceramides [SP02],N-acyl-4-hydroxysphinganines (phytoceramides) [SP0203],endoplasmic reticulum (ER)|plasma membrane,lipid-mediated signalling,,,,,negative intrinsic curvature,,,,,,,Cer(44:0),Cer 44:0;O4,Ceramide
Cer 46:0;O4,Cer[AP],SP,Cer 46:0;O4,,,SPECIES,739.70538,C46H93NO5,46:0;O4,46,0,4,,,,,,,,,,,,,,,,,,,,,,,,,,,,,,,Sphingolipids [SP],ceramides [SP02],N-acyl-4-hydroxysphinganines (phytoceramides) [SP0203],endoplasmic reticulum (ER)|plasma membrane,lipid-mediated signalling,,,,,negative intrinsic curvature,,,,,,,Cer(46:0),Cer 46:0;O4,Ceramide
SM 18:1;O2/14:0,SM,SP,SM 32:1;O2,SM 18:1;O2/14:0,SM 18:1;O2/14:0,SN_POSITION,674.53628,C37H75N2O6P,32:1;O2,32,1,2,18:1;O2|14:0,18|14,1|0,2|0,18:1;O2,d18:1,18,1,2,LCB,14:00,14,0,0,ESTER,,,,,,,,,,,,,,,,Sphingolipids [SP],phosphosphingolipids [SP03],ceramide phosphocholines (sphingomyelins) [SP0301],plasma membrane|golgi apparatus|endosome/lysosome,membrane component,,headgroup with positive charge / zwitter-ion,,,,average transition temperature,FA with less than 2 double bonds|FA with less than 2 double bonds,Monounsaturated fatty acid|Saturated fatty acid,FA with 18 carbons or less|FA with 18 carbons or less,FA with 16-18 carbons|FA with 13-15 carbons,Long-chain FA|Long-chain FA,SM(d18:1/14:0),SM(d18:1/14:0),Sphingomyelin
SM 18:1;O2/14:1,SM,SP,SM 32:2;O2,SM 18:1;O2/14:1,SM 18:1;O2/14:1,SN_POSITION,672.52063,C37H73N2O6P,32:2;O2,32,2,2,18:1;O2|14:1,18|14,1|1,2|0,18:1;O2,d18:1,18,1,2,LCB,14:01,14,1,0,ESTER,,,,,,,,,,,,,,,,Sphingolipids [SP],phosphosphingolipids [SP03],ceramide phosphocholines (sphingomyelins) [SP0301],plasma membrane|golgi apparatus|endosome/lysosome,membrane component,,headgroup with positive charge / zwitter-ion,,,,low transition temperature,FA with less than 2 double bonds|FA with less than 2 double bonds,Monounsaturated fatty acid|Monounsaturated fatty acid,FA with 18 carbons or less|FA with 18 carbons or less,FA with 16-18 carbons|FA with 13-15 carbons,Long-chain FA|Long-chain FA,SM(d18:1/14:1),SM(d18:1/14:1),Sphingomyelin
SM 18:1;O2/16:0,SM,SP,SM 34:1;O2,SM 18:1;O2/16:0,SM 18:1;O2/16:0,SN_POSITION,702.56758,C39H79N2O6P,34:1;O2,34,1,2,18:1;O2|16:0,18|16,1|0,2|0,18:1;O2,d18:1,18,1,2,LCB,16:00,16,0,0,ESTER,,,,,,,,,,,,,,,,Sphingolipids [SP],phosphosphingolipids [SP03],ceramide phosphocholines (sphingomyelins) [SP0301],plasma membrane|golgi apparatus|endosome/lysosome,membrane component,,headgroup with positive charge / zwitter-ion,,,,high transition temperature,FA with less than 2 double bonds|FA with less than 2 double bonds,Monounsaturated fatty acid|Saturated fatty acid,FA with 18 carbons or less|FA with 18 carbons or less,FA with 16-18 carbons|FA with 16-18 carbons,Long-chain FA|Long-chain FA,SM(d18:1/16:0),SM(d18:1/16:0),Sphingomyelin
SM 18:1;O2/16:1,SM,SP,SM 34:2;O2,SM 18:1;O2/16:1,SM 18:1;O2/16:1,SN_POSITION,700.55193,C39H77N2O6P,34:2;O2,34,2,2,18:1;O2|16:1,18|16,1|1,2|0,18:1;O2,d18:1,18,1,2,LCB,16:01,16,1,0,ESTER,,,,,,,,,,,,,,,,Sphingolipids [SP],phosphosphingolipids [SP03],ceramide phosphocholines (sphingomyelins) [SP0301],plasma membrane|golgi apparatus|endosome/lysosome,membrane component,,headgroup with positive charge / zwitter-ion,,,,average transition temperature,FA with less than 2 double bonds|FA with less than 2 double bonds,Monounsaturated fatty acid|Monounsaturated fatty acid,FA with 18 carbons or less|FA with 18 carbons or less,FA with 16-18 carbons|FA with 16-18 carbons,Long-chain FA|Long-chain FA,SM(d18:1/16:1),SM(d18:1/16:1),Sphingomyelin
SM 18:1;O2/18:0,SM,SP,SM 36:1;O2,SM 18:1;O2/18:0,SM 18:1;O2/18:0,SN_POSITION,730.59888,C41H83N2O6P,36:1;O2,36,1,2,18:1;O2|18:0,18|18,1|0,2|0,18:1;O2,d18:1,18,1,2,LCB,18:00,18,0,0,ESTER,,,,,,,,,,,,,,,,Sphingolipids [SP],phosphosphingolipids [SP03],ceramide phosphocholines (sphingomyelins) [SP0301],plasma membrane|golgi apparatus|endosome/lysosome,membrane component,,headgroup with positive charge / zwitter-ion,,,,high transition temperature,FA with less than 2 double bonds|FA with less than 2 double bonds,Monounsaturated fatty acid|Saturated fatty acid,FA with 18 carbons or less|FA with 18 carbons or less,FA with 16-18 carbons|FA with 16-18 carbons,Long-chain FA|Long-chain FA,SM(d18:1/18:0),SM(d18:1/18:0),Sphingomyelin
SM 18:1;O2/18:1,SM,SP,SM 36:2;O2,SM 18:1;O2/18:1,SM 18:1;O2/18:1,SN_POSITION,728.58323,C41H81N2O6P,36:2;O2,36,2,2,18:1;O2|18:1,18|18,1|1,2|0,18:1;O2,d18:1,18,1,2,LCB,18:01,18,1,0,ESTER,,,,,,,,,,,,,,,,Sphingolipids [SP],phosphosphingolipids [SP03],ceramide phosphocholines (sphingomyelins) [SP0301],plasma membrane|golgi apparatus|endosome/lysosome,membrane component,,headgroup with positive charge / zwitter-ion,,,,average transition temperature,FA with less than 2 double bonds|FA with less than 2 double bonds,Monounsaturated fatty acid|Monounsaturated fatty acid,FA with 18 carbons or less|FA with 18 carbons or less,FA with 16-18 carbons|FA with 16-18 carbons,Long-chain FA|Long-chain FA,SM(d18:1/18:1),SM(d18:1/18:1),Sphingomyelin
SM 18:1;O2/20:0,SM,SP,SM 38:1;O2,SM 18:1;O2/20:0,SM 18:1;O2/20:0,SN_POSITION,758.63018,C43H87N2O6P,38:1;O2,38,1,2,18:1;O2|20:0,18|20,1|0,2|0,18:1;O2,d18:1,18,1,2,LCB,20:00,20,0,0,ESTER,,,,,,,,,,,,,,,,Sphingolipids [SP],phosphosphingolipids [SP03],ceramide phosphocholines (sphingomyelins) [SP0301],plasma membrane|golgi apparatus|endosome/lysosome,membrane component,,headgroup with positive charge / zwitter-ion,,,,high transition temperature,FA with less than 2 double bonds|FA with less than 2 double bonds,Monounsaturated fatty acid|Saturated fatty acid,FA with 18 carbons or less|FA with more than 18 carbons,FA with 16-18 carbons|FA with 19-21 carbons,Long-chain FA|Long-chain FA,SM(d18:1/20:0),SM(d18:1/20:0),Sphingomyelin
SM 18:1;O2/20:1,SM,SP,SM 38:2;O2,SM 18:1;O2/20:1,SM 18:1;O2/20:1,SN_POSITION,756.61453,C43H85N2O6P,38:2;O2,38,2,2,18:1;O2|20:1,18|20,1|1,2|0,18:1;O2,d18:1,18,1,2,LCB,20:01,20,1,0,ESTER,,,,,,,,,,,,,,,,Sphingolipids [SP],phosphosphingolipids [SP03],ceramide phosphocholines (sphingomyelins) [SP0301],plasma membrane|golgi apparatus|endosome/lysosome,membrane component,,headgroup with positive charge / zwitter-ion,,,,high transition temperature,FA with less than 2 double bonds|FA with less than 2 double bonds,Monounsaturated fatty acid|Monounsaturated fatty acid,FA with 18 carbons or less|FA with more than 18 carbons,FA with 16-18 carbons|FA with 19-21 carbons,Long-chain FA|Long-chain FA,SM(d18:1/20:1),SM(d18:1/20:1),Sphingomyelin
SM 18:1;O2/22:0,SM,SP,SM 40:1;O2,SM 18:1;O2/22:0,SM 18:1;O2/22:0,SN_POSITION,786.66148,C45H91N2O6P,40:1;O2,40,1,2,18:1;O2|22:0,18|22,1|0,2|0,18:1;O2,d18:1,18,1,2,LCB,22:00,22,0,0,ESTER,,,,,,,,,,,,,,,,Sphingolipids [SP],phosphosphingolipids [SP03],ceramide phosphocholines (sphingomyelins) [SP0301],plasma membrane|golgi apparatus|endosome/lysosome,membrane component,,headgroup with positive charge / zwitter-ion,,,,very high transition temperature,FA with less than 2 double bonds|FA with less than 2 double bonds,Monounsaturated fatty acid|Saturated fatty acid,FA with 18 carbons or less|FA with more than 18 carbons,FA with 16-18 carbons|FA with 22-24 carbons,Long-chain FA|Very long-chain FA,SM(d18:1/22:0),SM(d18:1/22:0),Sphingomyelin
SM 18:1;O2/22:1,SM,SP,SM 40:2;O2,SM 18:1;O2/22:1,SM 18:1;O2/22:1,SN_POSITION,784.64583,C45H89N2O6P,40:2;O2,40,2,2,18:1;O2|22:1,18|22,1|1,2|0,18:1;O2,d18:1,18,1,2,LCB,22:01,22,1,0,ESTER,,,,,,,,,,,,,,,,Sphingolipids [SP],phosphosphingolipids [SP03],ceramide phosphocholines (sphingomyelins) [SP0301],plasma membrane|golgi apparatus|endosome/lysosome,membrane component,,headgroup with positive charge / zwitter-ion,,,,high transition temperature,FA with less than 2 double bonds|FA with less than 2 double bonds,Monounsaturated fatty acid|Monounsaturated fatty acid,FA with 18 carbons or less|FA with more than 18 carbons,FA with 16-18 carbons|FA with 22-24 carbons,Long-chain FA|Very long-chain FA,SM(d18:1/22:1),SM(d18:1/22:1),Sphingomyelin
SM 18:1;O2/24:0,SM,SP,SM 42:1;O2,SM 18:1;O2/24:0,SM 18:1;O2/24:0,SN_POSITION,814.69278,C47H95N2O6P,42:1;O2,42,1,2,18:1;O2|24:0,18|24,1|0,2|0,18:1;O2,d18:1,18,1,2,LCB,24:00:00,24,0,0,ESTER,,,,,,,,,,,,,,,,Sphingolipids [SP],phosphosphingolipids [SP03],ceramide phosphocholines (sphingomyelins) [SP0301],plasma membrane|golgi apparatus|endosome/lysosome,membrane component,,headgroup with positive charge / zwitter-ion,,,,very high transition temperature,FA with less than 2 double bonds|FA with less than 2 double bonds,Monounsaturated fatty acid|Saturated fatty acid,FA with 18 carbons or less|FA with more than 18 carbons,FA with 16-18 carbons|FA with 22-24 carbons,Long-chain FA|Very long-chain FA,SM(d18:1/24:0),SM(d18:1/24:0),Sphingomyelin
SM 18:1;O2/24:1,SM,SP,SM 42:2;O2,SM 18:1;O2/24:1,SM 18:1;O2/24:1,SN_POSITION,812.67713,C47H93N2O6P,42:2;O2,42,2,2,18:1;O2|24:1,18|24,1|1,2|0,18:1;O2,d18:1,18,1,2,LCB,24:01:00,24,1,0,ESTER,,,,,,,,,,,,,,,,Sphingolipids [SP],phosphosphingolipids [SP03],ceramide phosphocholines (sphingomyelins) [SP0301],plasma membrane|golgi apparatus|endosome/lysosome,membrane component,,headgroup with positive charge / zwitter-ion,,,,very high transition temperature,FA with less than 2 double bonds|FA with less than 2 double bonds,Monounsaturated fatty acid|Monounsaturated fatty acid,FA with 18 carbons or less|FA with more than 18 carbons,FA with 16-18 carbons|FA with 22-24 carbons,Long-chain FA|Very long-chain FA,SM(d18:1/24:1),SM(d18:1/24:1),Sphingomyelin
SM 18:1;O2/24:2,SM,SP,SM 42:3;O2,SM 18:1;O2/24:2,SM 18:1;O2/24:2,SN_POSITION,810.66148,C47H91N2O6P,42:3;O2,42,3,2,18:1;O2|24:2,18|24,1|2,2|0,18:1;O2,d18:1,18,1,2,LCB,24:02:00,24,2,0,ESTER,,,,,,,,,,,,,,,,Sphingolipids [SP],phosphosphingolipids [SP03],ceramide phosphocholines (sphingomyelins) [SP0301],plasma membrane|golgi apparatus|endosome/lysosome,membrane component,,headgroup with positive charge / zwitter-ion,,,,very high transition temperature,FA with less than 2 double bonds|Polyunsaturated fatty acid,Monounsaturated fatty acid|FA with 2 double bonds,FA with 18 carbons or less|FA with more than 18 carbons,FA with 16-18 carbons|FA with 22-24 carbons,Long-chain FA|Very long-chain FA,SM(d18:1/24:2),SM(d18:1/24:2),Sphingomyelin
SM 18:1;O2/24:3,SM,SP,SM 42:4;O2,SM 18:1;O2/24:3,SM 18:1;O2/24:3,SN_POSITION,808.64583,C47H89N2O6P,42:4;O2,42,4,2,18:1;O2|24:3,18|24,1|3,2|0,18:1;O2,d18:1,18,1,2,LCB,24:03:00,24,3,0,ESTER,,,,,,,,,,,,,,,,Sphingolipids [SP],phosphosphingolipids [SP03],ceramide phosphocholines (sphingomyelins) [SP0301],plasma membrane|golgi apparatus|endosome/lysosome,membrane component,,headgroup with positive charge / zwitter-ion,,,,very high transition temperature,FA with less than 2 double bonds|Polyunsaturated fatty acid,Monounsaturated fatty acid|FA with more than 2 double bonds,FA with 18 carbons or less|FA with more than 18 carbons,FA with 16-18 carbons|FA with 22-24 carbons,Long-chain FA|Very long-chain FA,SM(d18:1/24:3),SM(d18:1/24:3),Sphingomyelin
SM 18:1;O2/24:4,SM,SP,SM 42:5;O2,SM 18:1;O2/24:4,SM 18:1;O2/24:4,SN_POSITION,806.63018,C47H87N2O6P,42:5;O2,42,5,2,18:1;O2|24:4,18|24,1|4,2|0,18:1;O2,d18:1,18,1,2,LCB,1.002777778,24,4,0,ESTER,,,,,,,,,,,,,,,,Sphingolipids [SP],phosphosphingolipids [SP03],ceramide phosphocholines (sphingomyelins) [SP0301],plasma membrane|golgi apparatus|endosome/lysosome,membrane component,,headgroup with positive charge / zwitter-ion,,,,high transition temperature,FA with less than 2 double bonds|Polyunsaturated fatty acid,Monounsaturated fatty acid|FA with more than 2 double bonds,FA with 18 carbons or less|FA with more than 18 carbons,FA with 16-18 carbons|FA with 22-24 carbons,Long-chain FA|Very long-chain FA,SM(d18:1/24:4),SM(d18:1/24:4),Sphingomyelin
SM 18:1;O2/24:5,SM,SP,SM 42:6;O2,SM 18:1;O2/24:5,SM 18:1;O2/24:5,SN_POSITION,804.61453,C47H85N2O6P,42:6;O2,42,6,2,18:1;O2|24:5,18|24,1|5,2|0,18:1;O2,d18:1,18,1,2,LCB,1.003472222,24,5,0,ESTER,,,,,,,,,,,,,,,,Sphingolipids [SP],phosphosphingolipids [SP03],ceramide phosphocholines (sphingomyelins) [SP0301],plasma membrane|golgi apparatus|endosome/lysosome,membrane component,,headgroup with positive charge / zwitter-ion,,,,high transition temperature,FA with less than 2 double bonds|Polyunsaturated fatty acid,Monounsaturated fatty acid|FA with more than 2 double bonds,FA with 18 carbons or less|FA with more than 18 carbons,FA with 16-18 carbons|FA with 22-24 carbons,Long-chain FA|Very long-chain FA,SM(d18:1/24:5),SM(d18:1/24:5),Sphingomyelin
SM 18:1;O2/26:0,SM,SP,SM 44:1;O2,SM 18:1;O2/26:0,SM 18:1;O2/26:0,SN_POSITION,842.72408,C49H99N2O6P,44:1;O2,44,1,2,18:1;O2|26:0,18|26,1|0,2|0,18:1;O2,d18:1,18,1,2,LCB,26:00:00,26,0,0,ESTER,,,,,,,,,,,,,,,,Sphingolipids [SP],phosphosphingolipids [SP03],ceramide phosphocholines (sphingomyelins) [SP0301],plasma membrane|golgi apparatus|endosome/lysosome,membrane component,,headgroup with positive charge / zwitter-ion,,,,very high transition temperature,FA with less than 2 double bonds|FA with less than 2 double bonds,Monounsaturated fatty acid|Saturated fatty acid,FA with 18 carbons or less|FA with more than 18 carbons,FA with 16-18 carbons|FA with more than 24 carbons,Long-chain FA|Very long-chain FA,SM(d18:1/26:0),SM(d18:1/26:0),Sphingomyelin
SM 18:1;O2/26:1,SM,SP,SM 44:2;O2,SM 18:1;O2/26:1,SM 18:1;O2/26:1,SN_POSITION,840.70843,C49H97N2O6P,44:2;O2,44,2,2,18:1;O2|26:1,18|26,1|1,2|0,18:1;O2,d18:1,18,1,2,LCB,26:01:00,26,1,0,ESTER,,,,,,,,,,,,,,,,Sphingolipids [SP],phosphosphingolipids [SP03],ceramide phosphocholines (sphingomyelins) [SP0301],plasma membrane|golgi apparatus|endosome/lysosome,membrane component,,headgroup with positive charge / zwitter-ion,,,,very high transition temperature,FA with less than 2 double bonds|FA with less than 2 double bonds,Monounsaturated fatty acid|Monounsaturated fatty acid,FA with 18 carbons or less|FA with more than 18 carbons,FA with 16-18 carbons|FA with more than 24 carbons,Long-chain FA|Very long-chain FA,SM(d18:1/26:1),SM(d18:1/26:1),Sphingomyelin
SM 18:0;O2/14:0,DHSM,SP,SM 32:0;O2,SM 18:0;O2/14:0,SM 18:0;O2/14:0,FULL_STRUCTURE,676.55193,C37H77N2O6P,32:0;O2,32,0,2,18:0;O2|14:0,18|14,0|0,2|0,18:0;O2,d18:0,18,0,2,LCB,14:00,14,0,0,ESTER,,,,,,,,,,,,,,,,Sphingolipids [SP],phosphosphingolipids [SP03],ceramide phosphocholines (sphingomyelins) [SP0301],plasma membrane|golgi apparatus|endosome/lysosome,membrane component,,headgroup with positive charge / zwitter-ion,,,,very high transition temperature,FA with less than 2 double bonds|FA with less than 2 double bonds,Saturated fatty acid|Saturated fatty acid,FA with 18 carbons or less|FA with 18 carbons or less,FA with 16-18 carbons|FA with 13-15 carbons,Long-chain FA|Long-chain FA,SM(d18:0/14:0),SM(d18:0/14:0),Dihydrosphingomyelin
SM 18:0;O2/16:0,DHSM,SP,SM 34:0;O2,SM 18:0;O2/16:0,SM 18:0;O2/16:0,FULL_STRUCTURE,704.58323,C39H81N2O6P,34:0;O2,34,0,2,18:0;O2|16:0,18|16,0|0,2|0,18:0;O2,d18:0,18,0,2,LCB,16:00,16,0,0,ESTER,,,,,,,,,,,,,,,,Sphingolipids [SP],phosphosphingolipids [SP03],ceramide phosphocholines (sphingomyelins) [SP0301],plasma membrane|golgi apparatus|endosome/lysosome,membrane component,,headgroup with positive charge / zwitter-ion,,,,very high transition temperature,FA with less than 2 double bonds|FA with less than 2 double bonds,Saturated fatty acid|Saturated fatty acid,FA with 18 carbons or less|FA with 18 carbons or less,FA with 16-18 carbons|FA with 16-18 carbons,Long-chain FA|Long-chain FA,SM(d18:0/16:0),SM(d18:0/16:0),Dihydrosphingomyelin
SM 18:0;O2/18:0,DHSM,SP,SM 36:0;O2,SM 18:0;O2/18:0,SM 18:0;O2/18:0,FULL_STRUCTURE,732.61453,C41H85N2O6P,36:0;O2,36,0,2,18:0;O2|18:0,18|18,0|0,2|0,18:0;O2,d18:0,18,0,2,LCB,18:00,18,0,0,ESTER,,,,,,,,,,,,,,,,Sphingolipids [SP],phosphosphingolipids [SP03],ceramide phosphocholines (sphingomyelins) [SP0301],plasma membrane|golgi apparatus|endosome/lysosome,membrane component,,headgroup with positive charge / zwitter-ion,,,,very high transition temperature,FA with less than 2 double bonds|FA with less than 2 double bonds,Saturated fatty acid|Saturated fatty acid,FA with 18 carbons or less|FA with 18 carbons or less,FA with 16-18 carbons|FA with 16-18 carbons,Long-chain FA|Long-chain FA,SM(d18:0/18:0),SM(d18:0/18:0),Dihydrosphingomyelin
SM 18:0;O2/20:0,DHSM,SP,SM 38:0;O2,SM 18:0;O2/20:0,SM 18:0;O2/20:0,FULL_STRUCTURE,760.64583,C43H89N2O6P,38:0;O2,38,0,2,18:0;O2|20:0,18|20,0|0,2|0,18:0;O2,d18:0,18,0,2,LCB,20:00,20,0,0,ESTER,,,,,,,,,,,,,,,,Sphingolipids [SP],phosphosphingolipids [SP03],ceramide phosphocholines (sphingomyelins) [SP0301],plasma membrane|golgi apparatus|endosome/lysosome,membrane component,,headgroup with positive charge / zwitter-ion,,,,very high transition temperature,FA with less than 2 double bonds|FA with less than 2 double bonds,Saturated fatty acid|Saturated fatty acid,FA with 18 carbons or less|FA with more than 18 carbons,FA with 16-18 carbons|FA with 19-21 carbons,Long-chain FA|Long-chain FA,SM(d18:0/20:0),SM(d18:0/20:0),Dihydrosphingomyelin
SM 18:0;O2/22:0,DHSM,SP,SM 40:0;O2,SM 18:0;O2/22:0,SM 18:0;O2/22:0,FULL_STRUCTURE,788.67713,C45H93N2O6P,40:0;O2,40,0,2,18:0;O2|22:0,18|22,0|0,2|0,18:0;O2,d18:0,18,0,2,LCB,22:00,22,0,0,ESTER,,,,,,,,,,,,,,,,Sphingolipids [SP],phosphosphingolipids [SP03],ceramide phosphocholines (sphingomyelins) [SP0301],plasma membrane|golgi apparatus|endosome/lysosome,membrane component,,headgroup with positive charge / zwitter-ion,,,,very high transition temperature,FA with less than 2 double bonds|FA with less than 2 double bonds,Saturated fatty acid|Saturated fatty acid,FA with 18 carbons or less|FA with more than 18 carbons,FA with 16-18 carbons|FA with 22-24 carbons,Long-chain FA|Very long-chain FA,SM(d18:0/22:0),SM(d18:0/22:0),Dihydrosphingomyelin
SM 18:0;O2/24:0,DHSM,SP,SM 42:0;O2,SM 18:0;O2/24:0,SM 18:0;O2/24:0,FULL_STRUCTURE,816.70843,C47H97N2O6P,42:0;O2,42,0,2,18:0;O2|24:0,18|24,0|0,2|0,18:0;O2,d18:0,18,0,2,LCB,24:00:00,24,0,0,ESTER,,,,,,,,,,,,,,,,Sphingolipids [SP],phosphosphingolipids [SP03],ceramide phosphocholines (sphingomyelins) [SP0301],plasma membrane|golgi apparatus|endosome/lysosome,membrane component,,headgroup with positive charge / zwitter-ion,,,,very high transition temperature,FA with less than 2 double bonds|FA with less than 2 double bonds,Saturated fatty acid|Saturated fatty acid,FA with 18 carbons or less|FA with more than 18 carbons,FA with 16-18 carbons|FA with 22-24 carbons,Long-chain FA|Very long-chain FA,SM(d18:0/24:0),SM(d18:0/24:0),Dihydrosphingomyelin
SM 18:0;O2/24:1,DHSM,SP,SM 42:1;O2,SM 18:0;O2/24:1,SM 18:0;O2/24:1,SN_POSITION,814.69278,C47H95N2O6P,42:1;O2,42,1,2,18:0;O2|24:1,18|24,0|1,2|0,18:0;O2,d18:0,18,0,2,LCB,24:01:00,24,1,0,ESTER,,,,,,,,,,,,,,,,Sphingolipids [SP],phosphosphingolipids [SP03],ceramide phosphocholines (sphingomyelins) [SP0301],plasma membrane|golgi apparatus|endosome/lysosome,membrane component,,headgroup with positive charge / zwitter-ion,,,,very high transition temperature,FA with less than 2 double bonds|FA with less than 2 double bonds,Saturated fatty acid|Monounsaturated fatty acid,FA with 18 carbons or less|FA with more than 18 carbons,FA with 16-18 carbons|FA with 22-24 carbons,Long-chain FA|Very long-chain FA,SM(d18:0/24:1),SM(d18:0/24:1),Dihydrosphingomyelin
SM 18:0;O2/26:0,DHSM,SP,SM 44:0;O2,SM 18:0;O2/26:0,SM 18:0;O2/26:0,FULL_STRUCTURE,844.73973,C49H101N2O6P,44:0;O2,44,0,2,18:0;O2|26:0,18|26,0|0,2|0,18:0;O2,d18:0,18,0,2,LCB,26:00:00,26,0,0,ESTER,,,,,,,,,,,,,,,,Sphingolipids [SP],phosphosphingolipids [SP03],ceramide phosphocholines (sphingomyelins) [SP0301],plasma membrane|golgi apparatus|endosome/lysosome,membrane component,,headgroup with positive charge / zwitter-ion,,,,very high transition temperature,FA with less than 2 double bonds|FA with less than 2 double bonds,Saturated fatty acid|Saturated fatty acid,FA with 18 carbons or less|FA with more than 18 carbons,FA with 16-18 carbons|FA with more than 24 carbons,Long-chain FA|Very long-chain FA,SM(d18:0/26:0),SM(d18:0/26:0),Dihydrosphingomyelin
SM 18:0;O2/26:1,DHSM,SP,SM 44:1;O2,SM 18:0;O2/26:1,SM 18:0;O2/26:1,SN_POSITION,842.72408,C49H99N2O6P,44:1;O2,44,1,2,18:0;O2|26:1,18|26,0|1,2|0,18:0;O2,d18:0,18,0,2,LCB,26:01:00,26,1,0,ESTER,,,,,,,,,,,,,,,,Sphingolipids [SP],phosphosphingolipids [SP03],ceramide phosphocholines (sphingomyelins) [SP0301],plasma membrane|golgi apparatus|endosome/lysosome,membrane component,,headgroup with positive charge / zwitter-ion,,,,very high transition temperature,FA with less than 2 double bonds|FA with less than 2 double bonds,Saturated fatty acid|Monounsaturated fatty acid,FA with 18 carbons or less|FA with more than 18 carbons,FA with 16-18 carbons|FA with more than 24 carbons,Long-chain FA|Very long-chain FA,SM(d18:0/26:1),SM(d18:0/26:1),Dihydrosphingomyelin
IPC 38:0;O3,IPC,SP,IPC 38:0;O3,,,SPECIES,853.60441,C44H88NO12P,38:0;O3,38,0,3,,,,,,,,,,,,,,,,,,,,,,,,,,,,,,,Sphingolipids [SP],Phosphosphingolipids [SP03],Ceramide phosphoinositols [SP0303],,,,,,,,,,,,,,IPC(38:0),IPC 38:0;O3,
IPC 40:0;O3,IPC,SP,IPC 40:0;O3,,,SPECIES,881.63571,C46H92NO12P,40:0;O3,40,0,3,,,,,,,,,,,,,,,,,,,,,,,,,,,,,,,Sphingolipids [SP],Phosphosphingolipids [SP03],Ceramide phosphoinositols [SP0303],,,,,,,,,,,,,,IPC(40:0),IPC 40:0;O3,
IPC 42:0;O3,IPC,SP,IPC 42:0;O3,,,SPECIES,909.66701,C48H96NO12P,42:0;O3,42,0,3,,,,,,,,,,,,,,,,,,,,,,,,,,,,,,,Sphingolipids [SP],Phosphosphingolipids [SP03],Ceramide phosphoinositols [SP0303],,,,,,,,,,,,,,IPC(42:0),IPC 42:0;O3,
IPC 44:0;O3,IPC,SP,IPC 44:0;O3,,,SPECIES,937.69832,C50H100NO12P,44:0;O3,44,0,3,,,,,,,,,,,,,,,,,,,,,,,,,,,,,,,Sphingolipids [SP],Phosphosphingolipids [SP03],Ceramide phosphoinositols [SP0303],,,,,,,,,,,,,,IPC(44:0),IPC 44:0;O3,
IPC 46:0;O3,IPC,SP,IPC 46:0;O3,,,SPECIES,965.72962,C52H104NO12P,46:0;O3,46,0,3,,,,,,,,,,,,,,,,,,,,,,,,,,,,,,,Sphingolipids [SP],Phosphosphingolipids [SP03],Ceramide phosphoinositols [SP0303],,,,,,,,,,,,,,IPC(46:0),IPC 46:0;O3,
IPC 38:0;O4,IPC,SP,IPC 38:0;O4,,,SPECIES,869.59933,C44H88NO13P,38:0;O4,38,0,4,,,,,,,,,,,,,,,,,,,,,,,,,,,,,,,Sphingolipids [SP],Phosphosphingolipids [SP03],Ceramide phosphoinositols [SP0303],,,,,,,,,,,,,,IPC(38:0),IPC 38:0;O4,
IPC 40:0;O4,IPC,SP,IPC 40:0;O4,,,SPECIES,897.63063,C46H92NO13P,40:0;O4,40,0,4,,,,,,,,,,,,,,,,,,,,,,,,,,,,,,,Sphingolipids [SP],Phosphosphingolipids [SP03],Ceramide phosphoinositols [SP0303],,,,,,,,,,,,,,IPC(40:0),IPC 40:0;O4,
IPC 42:0;O4,IPC,SP,IPC 42:0;O4,,,SPECIES,925.66193,C48H96NO13P,42:0;O4,42,0,4,,,,,,,,,,,,,,,,,,,,,,,,,,,,,,,Sphingolipids [SP],Phosphosphingolipids [SP03],Ceramide phosphoinositols [SP0303],,,,,,,,,,,,,,IPC(42:0),IPC 42:0;O4,
IPC 44:0;O4,IPC,SP,IPC 44:0;O4,,,SPECIES,953.69323,C50H100NO13P,44:0;O4,44,0,4,,,,,,,,,,,,,,,,,,,,,,,,,,,,,,,Sphingolipids [SP],Phosphosphingolipids [SP03],Ceramide phosphoinositols [SP0303],,,,,,,,,,,,,,IPC(44:0),IPC 44:0;O4,
IPC 46:0;O4,IPC,SP,IPC 46:0;O4,,,SPECIES,981.72453,C52H104NO13P,46:0;O4,46,0,4,,,,,,,,,,,,,,,,,,,,,,,,,,,,,,,Sphingolipids [SP],Phosphosphingolipids [SP03],Ceramide phosphoinositols [SP0303],,,,,,,,,,,,,,IPC(46:0),IPC 46:0;O4,
IPC 38:0;O2,IPC,SP,IPC 38:0;O2,,,SPECIES,837.6095,C44H88NO11P,38:0;O2,38,0,2,,,,,,,,,,,,,,,,,,,,,,,,,,,,,,,Sphingolipids [SP],Phosphosphingolipids [SP03],Ceramide phosphoinositols [SP0303],,,,,,,,,,,,,,IPC(38:0),IPC 38:0;O2,
IPC 40:0;O2,IPC,SP,IPC 40:0;O2,,,SPECIES,865.6408,C46H92NO11P,40:0;O2,40,0,2,,,,,,,,,,,,,,,,,,,,,,,,,,,,,,,Sphingolipids [SP],Phosphosphingolipids [SP03],Ceramide phosphoinositols [SP0303],,,,,,,,,,,,,,IPC(40:0),IPC 40:0;O2,
IPC 42:0;O2,IPC,SP,IPC 42:0;O2,,,SPECIES,893.6721,C48H96NO11P,42:0;O2,42,0,2,,,,,,,,,,,,,,,,,,,,,,,,,,,,,,,Sphingolipids [SP],Phosphosphingolipids [SP03],Ceramide phosphoinositols [SP0303],,,,,,,,,,,,,,IPC(42:0),IPC 42:0;O2,
IPC 44:0;O2,IPC,SP,IPC 44:0;O2,,,SPECIES,921.7034,C50H100NO11P,44:0;O2,44,0,2,,,,,,,,,,,,,,,,,,,,,,,,,,,,,,,Sphingolipids [SP],Phosphosphingolipids [SP03],Ceramide phosphoinositols [SP0303],,,,,,,,,,,,,,IPC(44:0),IPC 44:0;O2,
IPC 46:0;O2,IPC,SP,IPC 46:0;O2,,,SPECIES,949.7347,C52H104NO11P,46:0;O2,46,0,2,,,,,,,,,,,,,,,,,,,,,,,,,,,,,,,Sphingolipids [SP],Phosphosphingolipids [SP03],Ceramide phosphoinositols [SP0303],,,,,,,,,,,,,,IPC(46:0),IPC 46:0;O2,
MIPC 38:0;O3,MIPC,SP,MIPC 38:0;O3,,,SPECIES,1015.65724,C50H98NO17P,38:0;O3,38,0,3,,,,,,,,,,,,,,,,,,,,,,,,,,,,,,,Sphingolipids [SP],Phosphosphingolipids [SP03],Ceramide phosphoinositols [SP0303],,,,,,,,,,,,,,MIPC(38:0),MIPC 38:0;O3,
MIPC 40:0;O3,MIPC,SP,MIPC 40:0;O3,,,SPECIES,1043.68854,C52H102NO17P,40:0;O3,40,0,3,,,,,,,,,,,,,,,,,,,,,,,,,,,,,,,Sphingolipids [SP],Phosphosphingolipids [SP03],Ceramide phosphoinositols [SP0303],,,,,,,,,,,,,,MIPC(40:0),MIPC 40:0;O3,
MIPC 42:0;O3,MIPC,SP,MIPC 42:0;O3,,,SPECIES,1071.71984,C54H106NO17P,42:0;O3,42,0,3,,,,,,,,,,,,,,,,,,,,,,,,,,,,,,,Sphingolipids [SP],Phosphosphingolipids [SP03],Ceramide phosphoinositols [SP0303],,,,,,,,,,,,,,MIPC(42:0),MIPC 42:0;O3,
MIPC 44:0;O3,MIPC,SP,MIPC 44:0;O3,,,SPECIES,1099.75114,C56H110NO17P,44:0;O3,44,0,3,,,,,,,,,,,,,,,,,,,,,,,,,,,,,,,Sphingolipids [SP],Phosphosphingolipids [SP03],Ceramide phosphoinositols [SP0303],,,,,,,,,,,,,,MIPC(44:0),MIPC 44:0;O3,
MIPC 46:0;O3,MIPC,SP,MIPC 46:0;O3,,,SPECIES,1127.78244,C58H114NO17P,46:0;O3,46,0,3,,,,,,,,,,,,,,,,,,,,,,,,,,,,,,,Sphingolipids [SP],Phosphosphingolipids [SP03],Ceramide phosphoinositols [SP0303],,,,,,,,,,,,,,MIPC(46:0),MIPC 46:0;O3,
MIPC 38:0;O4,MIPC,SP,MIPC 38:0;O4,,,SPECIES,1031.65215,C50H98NO18P,38:0;O4,38,0,4,,,,,,,,,,,,,,,,,,,,,,,,,,,,,,,Sphingolipids [SP],Phosphosphingolipids [SP03],Ceramide phosphoinositols [SP0303],,,,,,,,,,,,,,MIPC(38:0),MIPC 38:0;O4,
MIPC 40:0;O4,MIPC,SP,MIPC 40:0;O4,,,SPECIES,1059.68345,C52H102NO18P,40:0;O4,40,0,4,,,,,,,,,,,,,,,,,,,,,,,,,,,,,,,Sphingolipids [SP],Phosphosphingolipids [SP03],Ceramide phosphoinositols [SP0303],,,,,,,,,,,,,,MIPC(40:0),MIPC 40:0;O4,
MIPC 42:0;O4,MIPC,SP,MIPC 42:0;O4,,,SPECIES,1087.71475,C54H106NO18P,42:0;O4,42,0,4,,,,,,,,,,,,,,,,,,,,,,,,,,,,,,,Sphingolipids [SP],Phosphosphingolipids [SP03],Ceramide phosphoinositols [SP0303],,,,,,,,,,,,,,MIPC(42:0),MIPC 42:0;O4,
MIPC 44:0;O4,MIPC,SP,MIPC 44:0;O4,,,SPECIES,1115.74605,C56H110NO18P,44:0;O4,44,0,4,,,,,,,,,,,,,,,,,,,,,,,,,,,,,,,Sphingolipids [SP],Phosphosphingolipids [SP03],Ceramide phosphoinositols [SP0303],,,,,,,,,,,,,,MIPC(44:0),MIPC 44:0;O4,
MIPC 46:0;O4,MIPC,SP,MIPC 46:0;O4,,,SPECIES,1143.77735,C58H114NO18P,46:0;O4,46,0,4,,,,,,,,,,,,,,,,,,,,,,,,,,,,,,,Sphingolipids [SP],Phosphosphingolipids [SP03],Ceramide phosphoinositols [SP0303],,,,,,,,,,,,,,MIPC(46:0),MIPC 46:0;O4,
MIPC 38:0;O2,MIPC,SP,MIPC 38:0;O2,,,SPECIES,999.66232,C50H98NO16P,38:0;O2,38,0,2,,,,,,,,,,,,,,,,,,,,,,,,,,,,,,,Sphingolipids [SP],Phosphosphingolipids [SP03],Ceramide phosphoinositols [SP0303],,,,,,,,,,,,,,MIPC(38:0),MIPC 38:0;O2,
MIPC 40:0;O2,MIPC,SP,MIPC 40:0;O2,,,SPECIES,1027.69362,C52H102NO16P,40:0;O2,40,0,2,,,,,,,,,,,,,,,,,,,,,,,,,,,,,,,Sphingolipids [SP],Phosphosphingolipids [SP03],Ceramide phosphoinositols [SP0303],,,,,,,,,,,,,,MIPC(40:0),MIPC 40:0;O2,
MIPC 42:0;O2,MIPC,SP,MIPC 42:0;O2,,,SPECIES,1055.72492,C54H106NO16P,42:0;O2,42,0,2,,,,,,,,,,,,,,,,,,,,,,,,,,,,,,,Sphingolipids [SP],Phosphosphingolipids [SP03],Ceramide phosphoinositols [SP0303],,,,,,,,,,,,,,MIPC(42:0),MIPC 42:0;O2,
MIPC 44:0;O2,MIPC,SP,MIPC 44:0;O2,,,SPECIES,1083.75622,C56H110NO16P,44:0;O2,44,0,2,,,,,,,,,,,,,,,,,,,,,,,,,,,,,,,Sphingolipids [SP],Phosphosphingolipids [SP03],Ceramide phosphoinositols [SP0303],,,,,,,,,,,,,,MIPC(44:0),MIPC 44:0;O2,
MIPC 46:0;O2,MIPC,SP,MIPC 46:0;O2,,,SPECIES,1111.78752,C58H114NO16P,46:0;O2,46,0,2,,,,,,,,,,,,,,,,,,,,,,,,,,,,,,,Sphingolipids [SP],Phosphosphingolipids [SP03],Ceramide phosphoinositols [SP0303],,,,,,,,,,,,,,MIPC(46:0),MIPC 46:0;O2,
M(IP)2C 38:0;O3,M(IP)2C,SP,M(IP)2C 38:0;O3,,,SPECIES,1257.67639,C56H109NO25P2,38:0;O3,38,0,3,,,,,,,,,,,,,,,,,,,,,,,,,,,,,,,Sphingolipids [SP],Phosphosphingolipids [SP03],Ceramide phosphoinositols [SP0303],,,,,,,,,,,,,,M(IP)2C(38:0),M(IP)2C 38:0;O3,
M(IP)2C 40:0;O3,M(IP)2C,SP,M(IP)2C 40:0;O3,,,SPECIES,1285.70769,C58H113NO25P2,40:0;O3,40,0,3,,,,,,,,,,,,,,,,,,,,,,,,,,,,,,,Sphingolipids [SP],Phosphosphingolipids [SP03],Ceramide phosphoinositols [SP0303],,,,,,,,,,,,,,M(IP)2C(40:0),M(IP)2C 40:0;O3,
M(IP)2C 42:0;O3,M(IP)2C,SP,M(IP)2C 42:0;O3,,,SPECIES,1313.73899,C60H117NO25P2,42:0;O3,42,0,3,,,,,,,,,,,,,,,,,,,,,,,,,,,,,,,Sphingolipids [SP],Phosphosphingolipids [SP03],Ceramide phosphoinositols [SP0303],,,,,,,,,,,,,,M(IP)2C(42:0),M(IP)2C 42:0;O3,
M(IP)2C 44:0;O3,M(IP)2C,SP,M(IP)2C 44:0;O3,,,SPECIES,1341.77029,C62H121NO25P2,44:0;O3,44,0,3,,,,,,,,,,,,,,,,,,,,,,,,,,,,,,,Sphingolipids [SP],Phosphosphingolipids [SP03],Ceramide phosphoinositols [SP0303],,,,,,,,,,,,,,M(IP)2C(44:0),M(IP)2C 44:0;O3,
M(IP)2C 46:0;O3,M(IP)2C,SP,M(IP)2C 46:0;O3,,,SPECIES,1369.80159,C64H125NO25P2,46:0;O3,46,0,3,,,,,,,,,,,,,,,,,,,,,,,,,,,,,,,Sphingolipids [SP],Phosphosphingolipids [SP03],Ceramide phosphoinositols [SP0303],,,,,,,,,,,,,,M(IP)2C(46:0),M(IP)2C 46:0;O3,
M(IP)2C 38:0;O4,M(IP)2C,SP,M(IP)2C 38:0;O4,,,SPECIES,1273.67131,C56H109NO26P2,38:0;O4,38,0,4,,,,,,,,,,,,,,,,,,,,,,,,,,,,,,,Sphingolipids [SP],Phosphosphingolipids [SP03],Ceramide phosphoinositols [SP0303],,,,,,,,,,,,,,M(IP)2C(38:0),M(IP)2C 38:0;O4,
M(IP)2C 40:0;O4,M(IP)2C,SP,M(IP)2C 40:0;O4,,,SPECIES,1301.70261,C58H113NO26P2,40:0;O4,40,0,4,,,,,,,,,,,,,,,,,,,,,,,,,,,,,,,Sphingolipids [SP],Phosphosphingolipids [SP03],Ceramide phosphoinositols [SP0303],,,,,,,,,,,,,,M(IP)2C(40:0),M(IP)2C 40:0;O4,
M(IP)2C 42:0;O4,M(IP)2C,SP,M(IP)2C 42:0;O4,,,SPECIES,1329.73391,C60H117NO26P2,42:0;O4,42,0,4,,,,,,,,,,,,,,,,,,,,,,,,,,,,,,,Sphingolipids [SP],Phosphosphingolipids [SP03],Ceramide phosphoinositols [SP0303],,,,,,,,,,,,,,M(IP)2C(42:0),M(IP)2C 42:0;O4,
M(IP)2C 44:0;O4,M(IP)2C,SP,M(IP)2C 44:0;O4,,,SPECIES,1357.76521,C62H121NO26P2,44:0;O4,44,0,4,,,,,,,,,,,,,,,,,,,,,,,,,,,,,,,Sphingolipids [SP],Phosphosphingolipids [SP03],Ceramide phosphoinositols [SP0303],,,,,,,,,,,,,,M(IP)2C(44:0),M(IP)2C 44:0;O4,
M(IP)2C 46:0;O4,M(IP)2C,SP,M(IP)2C 46:0;O4,,,SPECIES,1385.79651,C64H125NO26P2,46:0;O4,46,0,4,,,,,,,,,,,,,,,,,,,,,,,,,,,,,,,Sphingolipids [SP],Phosphosphingolipids [SP03],Ceramide phosphoinositols [SP0303],,,,,,,,,,,,,,M(IP)2C(46:0),M(IP)2C 46:0;O4,
HexCer 18:1;O2/14:0,HexCer,SP,HexCer 32:1;O2,HexCer 18:1;O2/14:0,HexCer 18:1;O2/14:0,SN_POSITION,671.53362,C38H73NO8,32:1;O2,32,1,2,18:1;O2|14:0,18|14,1|0,2|0,18:1;O2,d18:1,18,1,2,LCB,14:00,14,0,0,ESTER,,,,,,,,,,,,,,,,Sphingolipids [SP],neutral glycosphingolipids [SP05],simple glc series [SP0501],,membrane component,,headgroup with neutral charge,,,,,FA with less than 2 double bonds|FA with less than 2 double bonds,Monounsaturated fatty acid|Saturated fatty acid,FA with 18 carbons or less|FA with 18 carbons or less,FA with 16-18 carbons|FA with 13-15 carbons,Long-chain FA|Long-chain FA,HexCer(d18:1/14:0),HexCer 32:1;O2,HexCer
HexCer 18:1;O2/16:0,HexCer,SP,HexCer 34:1;O2,HexCer 18:1;O2/16:0,HexCer 18:1;O2/16:0,SN_POSITION,699.56492,C40H77NO8,34:1;O2,34,1,2,18:1;O2|16:0,18|16,1|0,2|0,18:1;O2,d18:1,18,1,2,LCB,16:00,16,0,0,ESTER,,,,,,,,,,,,,,,,Sphingolipids [SP],neutral glycosphingolipids [SP05],simple glc series [SP0501],,membrane component,,headgroup with neutral charge,,,,,FA with less than 2 double bonds|FA with less than 2 double bonds,Monounsaturated fatty acid|Saturated fatty acid,FA with 18 carbons or less|FA with 18 carbons or less,FA with 16-18 carbons|FA with 16-18 carbons,Long-chain FA|Long-chain FA,HexCer(d18:1/16:0),HexCer 34:1;O2,HexCer
HexCer 18:1;O2/18:0,HexCer,SP,HexCer 36:1;O2,HexCer 18:1;O2/18:0,HexCer 18:1;O2/18:0,SN_POSITION,727.59622,C42H81NO8,36:1;O2,36,1,2,18:1;O2|18:0,18|18,1|0,2|0,18:1;O2,d18:1,18,1,2,LCB,18:00,18,0,0,ESTER,,,,,,,,,,,,,,,,Sphingolipids [SP],neutral glycosphingolipids [SP05],simple glc series [SP0501],,membrane component,,headgroup with neutral charge,,,,,FA with less than 2 double bonds|FA with less than 2 double bonds,Monounsaturated fatty acid|Saturated fatty acid,FA with 18 carbons or less|FA with 18 carbons or less,FA with 16-18 carbons|FA with 16-18 carbons,Long-chain FA|Long-chain FA,HexCer(d18:1/18:0),HexCer 36:1;O2,HexCer
HexCer 18:1;O2/20:0,HexCer,SP,HexCer 38:1;O2,HexCer 18:1;O2/20:0,HexCer 18:1;O2/20:0,SN_POSITION,755.62752,C44H85NO8,38:1;O2,38,1,2,18:1;O2|20:0,18|20,1|0,2|0,18:1;O2,d18:1,18,1,2,LCB,20:00,20,0,0,ESTER,,,,,,,,,,,,,,,,Sphingolipids [SP],neutral glycosphingolipids [SP05],simple glc series [SP0501],,membrane component,,headgroup with neutral charge,,,,,FA with less than 2 double bonds|FA with less than 2 double bonds,Monounsaturated fatty acid|Saturated fatty acid,FA with 18 carbons or less|FA with more than 18 carbons,FA with 16-18 carbons|FA with 19-21 carbons,Long-chain FA|Long-chain FA,HexCer(d18:1/20:0),HexCer 38:1;O2,HexCer
HexCer 18:1;O2/22:0,HexCer,SP,HexCer 40:1;O2,HexCer 18:1;O2/22:0,HexCer 18:1;O2/22:0,SN_POSITION,783.65882,C46H89NO8,40:1;O2,40,1,2,18:1;O2|22:0,18|22,1|0,2|0,18:1;O2,d18:1,18,1,2,LCB,22:00,22,0,0,ESTER,,,,,,,,,,,,,,,,Sphingolipids [SP],neutral glycosphingolipids [SP05],simple glc series [SP0501],,membrane component,,headgroup with neutral charge,,,,,FA with less than 2 double bonds|FA with less than 2 double bonds,Monounsaturated fatty acid|Saturated fatty acid,FA with 18 carbons or less|FA with more than 18 carbons,FA with 16-18 carbons|FA with 22-24 carbons,Long-chain FA|Very long-chain FA,HexCer(d18:1/22:0),HexCer 40:1;O2,HexCer
HexCer 18:1;O2/22:1,HexCer,SP,HexCer 40:2;O2,HexCer 18:1;O2/22:1,HexCer 18:1;O2/22:1,SN_POSITION,781.64317,C46H87NO8,40:2;O2,40,2,2,18:1;O2|22:1,18|22,1|1,2|0,18:1;O2,d18:1,18,1,2,LCB,22:01,22,1,0,ESTER,,,,,,,,,,,,,,,,Sphingolipids [SP],neutral glycosphingolipids [SP05],simple glc series [SP0501],,membrane component,,headgroup with neutral charge,,,,,FA with less than 2 double bonds|FA with less than 2 double bonds,Monounsaturated fatty acid|Monounsaturated fatty acid,FA with 18 carbons or less|FA with more than 18 carbons,FA with 16-18 carbons|FA with 22-24 carbons,Long-chain FA|Very long-chain FA,HexCer(d18:1/22:1),HexCer 40:2;O2,HexCer
HexCer 18:1;O2/24:0,HexCer,SP,HexCer 42:1;O2,HexCer 18:1;O2/24:0,HexCer 18:1;O2/24:0,SN_POSITION,811.69012,C48H93NO8,42:1;O2,42,1,2,18:1;O2|24:0,18|24,1|0,2|0,18:1;O2,d18:1,18,1,2,LCB,24:00:00,24,0,0,ESTER,,,,,,,,,,,,,,,,Sphingolipids [SP],neutral glycosphingolipids [SP05],simple glc series [SP0501],,membrane component,,headgroup with neutral charge,,,,,FA with less than 2 double bonds|FA with less than 2 double bonds,Monounsaturated fatty acid|Saturated fatty acid,FA with 18 carbons or less|FA with more than 18 carbons,FA with 16-18 carbons|FA with 22-24 carbons,Long-chain FA|Very long-chain FA,HexCer(d18:1/24:0),HexCer 42:1;O2,HexCer
HexCer 18:1;O2/24:1,HexCer,SP,HexCer 42:2;O2,HexCer 18:1;O2/24:1,HexCer 18:1;O2/24:1,SN_POSITION,809.67447,C48H91NO8,42:2;O2,42,2,2,18:1;O2|24:1,18|24,1|1,2|0,18:1;O2,d18:1,18,1,2,LCB,24:01:00,24,1,0,ESTER,,,,,,,,,,,,,,,,Sphingolipids [SP],neutral glycosphingolipids [SP05],simple glc series [SP0501],,membrane component,,headgroup with neutral charge,,,,,FA with less than 2 double bonds|FA with less than 2 double bonds,Monounsaturated fatty acid|Monounsaturated fatty acid,FA with 18 carbons or less|FA with more than 18 carbons,FA with 16-18 carbons|FA with 22-24 carbons,Long-chain FA|Very long-chain FA,HexCer(d18:1/24:1),HexCer 42:2;O2,HexCer
HexCer 18:1;O2/24:2,HexCer,SP,HexCer 42:3;O2,HexCer 18:1;O2/24:2,HexCer 18:1;O2/24:2,SN_POSITION,807.65882,C48H89NO8,42:3;O2,42,3,2,18:1;O2|24:2,18|24,1|2,2|0,18:1;O2,d18:1,18,1,2,LCB,24:02:00,24,2,0,ESTER,,,,,,,,,,,,,,,,Sphingolipids [SP],neutral glycosphingolipids [SP05],simple glc series [SP0501],,membrane component,,headgroup with neutral charge,,,,,FA with less than 2 double bonds|Polyunsaturated fatty acid,Monounsaturated fatty acid|FA with 2 double bonds,FA with 18 carbons or less|FA with more than 18 carbons,FA with 16-18 carbons|FA with 22-24 carbons,Long-chain FA|Very long-chain FA,HexCer(d18:1/24:2),HexCer 42:3;O2,HexCer
HexCer 18:0;O2/14:0,HexCer,SP,HexCer 32:0;O2,HexCer 18:0;O2/14:0,HexCer 18:0;O2/14:0,FULL_STRUCTURE,673.54927,C38H75NO8,32:0;O2,32,0,2,18:0;O2|14:0,18|14,0|0,2|0,18:0;O2,d18:0,18,0,2,LCB,14:00,14,0,0,ESTER,,,,,,,,,,,,,,,,Sphingolipids [SP],neutral glycosphingolipids [SP05],simple glc series [SP0501],,membrane component,,headgroup with neutral charge,,,,,FA with less than 2 double bonds|FA with less than 2 double bonds,Saturated fatty acid|Saturated fatty acid,FA with 18 carbons or less|FA with 18 carbons or less,FA with 16-18 carbons|FA with 13-15 carbons,Long-chain FA|Long-chain FA,HexCer(d18:0/14:0),HexCer 32:0;O2,HexCer
HexCer 18:0;O2/16:0,HexCer,SP,HexCer 34:0;O2,HexCer 18:0;O2/16:0,HexCer 18:0;O2/16:0,FULL_STRUCTURE,701.58057,C40H79NO8,34:0;O2,34,0,2,18:0;O2|16:0,18|16,0|0,2|0,18:0;O2,d18:0,18,0,2,LCB,16:00,16,0,0,ESTER,,,,,,,,,,,,,,,,Sphingolipids [SP],neutral glycosphingolipids [SP05],simple glc series [SP0501],,membrane component,,headgroup with neutral charge,,,,,FA with less than 2 double bonds|FA with less than 2 double bonds,Saturated fatty acid|Saturated fatty acid,FA with 18 carbons or less|FA with 18 carbons or less,FA with 16-18 carbons|FA with 16-18 carbons,Long-chain FA|Long-chain FA,HexCer(d18:0/16:0),HexCer 34:0;O2,HexCer
HexCer 18:0;O2/18:0,HexCer,SP,HexCer 36:0;O2,HexCer 18:0;O2/18:0,HexCer 18:0;O2/18:0,FULL_STRUCTURE,729.61187,C42H83NO8,36:0;O2,36,0,2,18:0;O2|18:0,18|18,0|0,2|0,18:0;O2,d18:0,18,0,2,LCB,18:00,18,0,0,ESTER,,,,,,,,,,,,,,,,Sphingolipids [SP],neutral glycosphingolipids [SP05],simple glc series [SP0501],,membrane component,,headgroup with neutral charge,,,,,FA with less than 2 double bonds|FA with less than 2 double bonds,Saturated fatty acid|Saturated fatty acid,FA with 18 carbons or less|FA with 18 carbons or less,FA with 16-18 carbons|FA with 16-18 carbons,Long-chain FA|Long-chain FA,HexCer(d18:0/18:0),HexCer 36:0;O2,HexCer
HexCer 18:0;O2/20:0,HexCer,SP,HexCer 38:0;O2,HexCer 18:0;O2/20:0,HexCer 18:0;O2/20:0,FULL_STRUCTURE,757.64317,C44H87NO8,38:0;O2,38,0,2,18:0;O2|20:0,18|20,0|0,2|0,18:0;O2,d18:0,18,0,2,LCB,20:00,20,0,0,ESTER,,,,,,,,,,,,,,,,Sphingolipids [SP],neutral glycosphingolipids [SP05],simple glc series [SP0501],,membrane component,,headgroup with neutral charge,,,,,FA with less than 2 double bonds|FA with less than 2 double bonds,Saturated fatty acid|Saturated fatty acid,FA with 18 carbons or less|FA with more than 18 carbons,FA with 16-18 carbons|FA with 19-21 carbons,Long-chain FA|Long-chain FA,HexCer(d18:0/20:0),HexCer 38:0;O2,HexCer
HexCer 18:0;O2/22:0,HexCer,SP,HexCer 40:0;O2,HexCer 18:0;O2/22:0,HexCer 18:0;O2/22:0,FULL_STRUCTURE,785.67447,C46H91NO8,40:0;O2,40,0,2,18:0;O2|22:0,18|22,0|0,2|0,18:0;O2,d18:0,18,0,2,LCB,22:00,22,0,0,ESTER,,,,,,,,,,,,,,,,Sphingolipids [SP],neutral glycosphingolipids [SP05],simple glc series [SP0501],,membrane component,,headgroup with neutral charge,,,,,FA with less than 2 double bonds|FA with less than 2 double bonds,Saturated fatty acid|Saturated fatty acid,FA with 18 carbons or less|FA with more than 18 carbons,FA with 16-18 carbons|FA with 22-24 carbons,Long-chain FA|Very long-chain FA,HexCer(d18:0/22:0),HexCer 40:0;O2,HexCer
HexCer 18:0;O2/24:0,HexCer,SP,HexCer 42:0;O2,HexCer 18:0;O2/24:0,HexCer 18:0;O2/24:0,FULL_STRUCTURE,813.70577,C48H95NO8,42:0;O2,42,0,2,18:0;O2|24:0,18|24,0|0,2|0,18:0;O2,d18:0,18,0,2,LCB,24:00:00,24,0,0,ESTER,,,,,,,,,,,,,,,,Sphingolipids [SP],neutral glycosphingolipids [SP05],simple glc series [SP0501],,membrane component,,headgroup with neutral charge,,,,,FA with less than 2 double bonds|FA with less than 2 double bonds,Saturated fatty acid|Saturated fatty acid,FA with 18 carbons or less|FA with more than 18 carbons,FA with 16-18 carbons|FA with 22-24 carbons,Long-chain FA|Very long-chain FA,HexCer(d18:0/24:0),HexCer 42:0;O2,HexCer
Hex2Cer 18:1;O2/14:0,Hex2Cer,SP,Hex2Cer 32:1;O2,Hex2Cer 18:1;O2/14:0,Hex2Cer 18:1;O2/14:0,SN_POSITION,833.58644,C44H83NO13,32:1;O2,32,1,2,18:1;O2|14:0,18|14,1|0,2|0,18:1;O2,d18:1,18,1,2,LCB,14:00,14,0,0,ESTER,,,,,,,,,,,,,,,,Sphingolipids [SP],neutral glycosphingolipids [SP05],simple glc series [SP0501],,membrane component,,headgroup with neutral charge,,,,,FA with less than 2 double bonds|FA with less than 2 double bonds,Monounsaturated fatty acid|Saturated fatty acid,FA with 18 carbons or less|FA with 18 carbons or less,FA with 16-18 carbons|FA with 13-15 carbons,Long-chain FA|Long-chain FA,Hex2Cer(d18:1/14:0),Hex2Cer 32:1;O2,LacCer
Hex2Cer 18:1;O2/16:0,Hex2Cer,SP,Hex2Cer 34:1;O2,Hex2Cer 18:1;O2/16:0,Hex2Cer 18:1;O2/16:0,SN_POSITION,861.61774,C46H87NO13,34:1;O2,34,1,2,18:1;O2|16:0,18|16,1|0,2|0,18:1;O2,d18:1,18,1,2,LCB,16:00,16,0,0,ESTER,,,,,,,,,,,,,,,,Sphingolipids [SP],neutral glycosphingolipids [SP05],simple glc series [SP0501],,membrane component,,headgroup with neutral charge,,,,,FA with less than 2 double bonds|FA with less than 2 double bonds,Monounsaturated fatty acid|Saturated fatty acid,FA with 18 carbons or less|FA with 18 carbons or less,FA with 16-18 carbons|FA with 16-18 carbons,Long-chain FA|Long-chain FA,Hex2Cer(d18:1/16:0),Hex2Cer 34:1;O2,LacCer
Hex2Cer 18:1;O2/18:0,Hex2Cer,SP,Hex2Cer 36:1;O2,Hex2Cer 18:1;O2/18:0,Hex2Cer 18:1;O2/18:0,SN_POSITION,889.64904,C48H91NO13,36:1;O2,36,1,2,18:1;O2|18:0,18|18,1|0,2|0,18:1;O2,d18:1,18,1,2,LCB,18:00,18,0,0,ESTER,,,,,,,,,,,,,,,,Sphingolipids [SP],neutral glycosphingolipids [SP05],simple glc series [SP0501],,membrane component,,headgroup with neutral charge,,,,,FA with less than 2 double bonds|FA with less than 2 double bonds,Monounsaturated fatty acid|Saturated fatty acid,FA with 18 carbons or less|FA with 18 carbons or less,FA with 16-18 carbons|FA with 16-18 carbons,Long-chain FA|Long-chain FA,Hex2Cer(d18:1/18:0),Hex2Cer 36:1;O2,LacCer
Hex2Cer 18:1;O2/20:0,Hex2Cer,SP,Hex2Cer 38:1;O2,Hex2Cer 18:1;O2/20:0,Hex2Cer 18:1;O2/20:0,SN_POSITION,917.68034,C50H95NO13,38:1;O2,38,1,2,18:1;O2|20:0,18|20,1|0,2|0,18:1;O2,d18:1,18,1,2,LCB,20:00,20,0,0,ESTER,,,,,,,,,,,,,,,,Sphingolipids [SP],neutral glycosphingolipids [SP05],simple glc series [SP0501],,membrane component,,headgroup with neutral charge,,,,,FA with less than 2 double bonds|FA with less than 2 double bonds,Monounsaturated fatty acid|Saturated fatty acid,FA with 18 carbons or less|FA with more than 18 carbons,FA with 16-18 carbons|FA with 19-21 carbons,Long-chain FA|Long-chain FA,Hex2Cer(d18:1/20:0),Hex2Cer 38:1;O2,LacCer
Hex2Cer 18:1;O2/22:0,Hex2Cer,SP,Hex2Cer 40:1;O2,Hex2Cer 18:1;O2/22:0,Hex2Cer 18:1;O2/22:0,SN_POSITION,945.71164,C52H99NO13,40:1;O2,40,1,2,18:1;O2|22:0,18|22,1|0,2|0,18:1;O2,d18:1,18,1,2,LCB,22:00,22,0,0,ESTER,,,,,,,,,,,,,,,,Sphingolipids [SP],neutral glycosphingolipids [SP05],simple glc series [SP0501],,membrane component,,headgroup with neutral charge,,,,,FA with less than 2 double bonds|FA with less than 2 double bonds,Monounsaturated fatty acid|Saturated fatty acid,FA with 18 carbons or less|FA with more than 18 carbons,FA with 16-18 carbons|FA with 22-24 carbons,Long-chain FA|Very long-chain FA,Hex2Cer(d18:1/22:0),Hex2Cer 40:1;O2,LacCer
Hex2Cer 18:1;O2/24:0,Hex2Cer,SP,Hex2Cer 42:1;O2,Hex2Cer 18:1;O2/24:0,Hex2Cer 18:1;O2/24:0,SN_POSITION,973.74294,C54H103NO13,42:1;O2,42,1,2,18:1;O2|24:0,18|24,1|0,2|0,18:1;O2,d18:1,18,1,2,LCB,24:00:00,24,0,0,ESTER,,,,,,,,,,,,,,,,Sphingolipids [SP],neutral glycosphingolipids [SP05],simple glc series [SP0501],,membrane component,,headgroup with neutral charge,,,,,FA with less than 2 double bonds|FA with less than 2 double bonds,Monounsaturated fatty acid|Saturated fatty acid,FA with 18 carbons or less|FA with more than 18 carbons,FA with 16-18 carbons|FA with 22-24 carbons,Long-chain FA|Very long-chain FA,Hex2Cer(d18:1/24:0),Hex2Cer 42:1;O2,LacCer
Hex2Cer 18:1;O2/24:1,Hex2Cer,SP,Hex2Cer 42:2;O2,Hex2Cer 18:1;O2/24:1,Hex2Cer 18:1;O2/24:1,SN_POSITION,971.72729,C54H101NO13,42:2;O2,42,2,2,18:1;O2|24:1,18|24,1|1,2|0,18:1;O2,d18:1,18,1,2,LCB,24:01:00,24,1,0,ESTER,,,,,,,,,,,,,,,,Sphingolipids [SP],neutral glycosphingolipids [SP05],simple glc series [SP0501],,membrane component,,headgroup with neutral charge,,,,,FA with less than 2 double bonds|FA with less than 2 double bonds,Monounsaturated fatty acid|Monounsaturated fatty acid,FA with 18 carbons or less|FA with more than 18 carbons,FA with 16-18 carbons|FA with 22-24 carbons,Long-chain FA|Very long-chain FA,Hex2Cer(d18:1/24:1),Hex2Cer 42:2;O2,LacCer
Hex2Cer 18:0;O2/16:0,Hex2Cer,SP,Hex2Cer 34:0;O2,Hex2Cer 18:0;O2/16:0,Hex2Cer 18:0;O2/16:0,FULL_STRUCTURE,863.63339,C46H89NO13,34:0;O2,34,0,2,18:0;O2|16:0,18|16,0|0,2|0,18:0;O2,d18:0,18,0,2,LCB,16:00,16,0,0,ESTER,,,,,,,,,,,,,,,,Sphingolipids [SP],neutral glycosphingolipids [SP05],simple glc series [SP0501],,membrane component,,headgroup with neutral charge,,,,,FA with less than 2 double bonds|FA with less than 2 double bonds,Saturated fatty acid|Saturated fatty acid,FA with 18 carbons or less|FA with 18 carbons or less,FA with 16-18 carbons|FA with 16-18 carbons,Long-chain FA|Long-chain FA,Hex2Cer(d18:0/16:0),Hex2Cer 34:0;O2,LacCer
Hex2Cer 18:0;O2/18:0,Hex2Cer,SP,Hex2Cer 36:0;O2,Hex2Cer 18:0;O2/18:0,Hex2Cer 18:0;O2/18:0,FULL_STRUCTURE,891.66469,C48H93NO13,36:0;O2,36,0,2,18:0;O2|18:0,18|18,0|0,2|0,18:0;O2,d18:0,18,0,2,LCB,18:00,18,0,0,ESTER,,,,,,,,,,,,,,,,Sphingolipids [SP],neutral glycosphingolipids [SP05],simple glc series [SP0501],,membrane component,,headgroup with neutral charge,,,,,FA with less than 2 double bonds|FA with less than 2 double bonds,Saturated fatty acid|Saturated fatty acid,FA with 18 carbons or less|FA with 18 carbons or less,FA with 16-18 carbons|FA with 16-18 carbons,Long-chain FA|Long-chain FA,Hex2Cer(d18:0/18:0),Hex2Cer 36:0;O2,LacCer
Hex2Cer 18:0;O2/20:0,Hex2Cer,SP,Hex2Cer 38:0;O2,Hex2Cer 18:0;O2/20:0,Hex2Cer 18:0;O2/20:0,FULL_STRUCTURE,919.69599,C50H97NO13,38:0;O2,38,0,2,18:0;O2|20:0,18|20,0|0,2|0,18:0;O2,d18:0,18,0,2,LCB,20:00,20,0,0,ESTER,,,,,,,,,,,,,,,,Sphingolipids [SP],neutral glycosphingolipids [SP05],simple glc series [SP0501],,membrane component,,headgroup with neutral charge,,,,,FA with less than 2 double bonds|FA with less than 2 double bonds,Saturated fatty acid|Saturated fatty acid,FA with 18 carbons or less|FA with more than 18 carbons,FA with 16-18 carbons|FA with 19-21 carbons,Long-chain FA|Long-chain FA,Hex2Cer(d18:0/20:0),Hex2Cer 38:0;O2,LacCer
Hex2Cer 18:0;O2/22:0,Hex2Cer,SP,Hex2Cer 40:0;O2,Hex2Cer 18:0;O2/22:0,Hex2Cer 18:0;O2/22:0,FULL_STRUCTURE,947.72729,C52H101NO13,40:0;O2,40,0,2,18:0;O2|22:0,18|22,0|0,2|0,18:0;O2,d18:0,18,0,2,LCB,22:00,22,0,0,ESTER,,,,,,,,,,,,,,,,Sphingolipids [SP],neutral glycosphingolipids [SP05],simple glc series [SP0501],,membrane component,,headgroup with neutral charge,,,,,FA with less than 2 double bonds|FA with less than 2 double bonds,Saturated fatty acid|Saturated fatty acid,FA with 18 carbons or less|FA with more than 18 carbons,FA with 16-18 carbons|FA with 22-24 carbons,Long-chain FA|Very long-chain FA,Hex2Cer(d18:0/22:0),Hex2Cer 40:0;O2,LacCer
Hex2Cer 18:0;O2/24:0,Hex2Cer,SP,Hex2Cer 42:0;O2,Hex2Cer 18:0;O2/24:0,Hex2Cer 18:0;O2/24:0,FULL_STRUCTURE,975.75859,C54H105NO13,42:0;O2,42,0,2,18:0;O2|24:0,18|24,0|0,2|0,18:0;O2,d18:0,18,0,2,LCB,24:00:00,24,0,0,ESTER,,,,,,,,,,,,,,,,Sphingolipids [SP],neutral glycosphingolipids [SP05],simple glc series [SP0501],,membrane component,,headgroup with neutral charge,,,,,FA with less than 2 double bonds|FA with less than 2 double bonds,Saturated fatty acid|Saturated fatty acid,FA with 18 carbons or less|FA with more than 18 carbons,FA with 16-18 carbons|FA with 22-24 carbons,Long-chain FA|Very long-chain FA,Hex2Cer(d18:0/24:0),Hex2Cer 42:0;O2,LacCer
Hex2Cer 18:0;O2/24:1,Hex2Cer,SP,Hex2Cer 42:1;O2,Hex2Cer 18:0;O2/24:1,Hex2Cer 18:0;O2/24:1,SN_POSITION,973.74294,C54H103NO13,42:1;O2,42,1,2,18:0;O2|24:1,18|24,0|1,2|0,18:0;O2,d18:0,18,0,2,LCB,24:01:00,24,1,0,ESTER,,,,,,,,,,,,,,,,Sphingolipids [SP],neutral glycosphingolipids [SP05],simple glc series [SP0501],,membrane component,,headgroup with neutral charge,,,,,FA with less than 2 double bonds|FA with less than 2 double bonds,Saturated fatty acid|Monounsaturated fatty acid,FA with 18 carbons or less|FA with more than 18 carbons,FA with 16-18 carbons|FA with 22-24 carbons,Long-chain FA|Very long-chain FA,Hex2Cer(d18:0/24:1),Hex2Cer 42:1;O2,LacCer
Hex3Cer 18:1;O2/16:0,Hex3Cer,SP,Hex3Cer 34:1;O2,Hex3Cer 18:1;O2/16:0,Hex3Cer 18:1;O2/16:0,SN_POSITION,1023.67057,C52H97NO18,34:1;O2,34,1,2,18:1;O2|16:0,18|16,1|0,2|0,18:1;O2,d18:1,18,1,2,LCB,16:00,16,0,0,ESTER,,,,,,,,,,,,,,,,Sphingolipids [SP],neutral glycosphingolipids [SP05],Galalpha1-4Galbeta1-4Glc- (Globo series) [SP0502],,,,,,,,,FA with less than 2 double bonds|FA with less than 2 double bonds,Monounsaturated fatty acid|Saturated fatty acid,FA with 18 carbons or less|FA with 18 carbons or less,FA with 16-18 carbons|FA with 16-18 carbons,Long-chain FA|Long-chain FA,Hex3Cer(d18:1/16:0),Hex3Cer 34:1;O2,
Hex3Cer 18:1;O2/18:0,Hex3Cer,SP,Hex3Cer 36:1;O2,Hex3Cer 18:1;O2/18:0,Hex3Cer 18:1;O2/18:0,SN_POSITION,1051.70187,C54H101NO18,36:1;O2,36,1,2,18:1;O2|18:0,18|18,1|0,2|0,18:1;O2,d18:1,18,1,2,LCB,18:00,18,0,0,ESTER,,,,,,,,,,,,,,,,Sphingolipids [SP],neutral glycosphingolipids [SP05],Galalpha1-4Galbeta1-4Glc- (Globo series) [SP0502],,,,,,,,,FA with less than 2 double bonds|FA with less than 2 double bonds,Monounsaturated fatty acid|Saturated fatty acid,FA with 18 carbons or less|FA with 18 carbons or less,FA with 16-18 carbons|FA with 16-18 carbons,Long-chain FA|Long-chain FA,Hex3Cer(d18:1/18:0),Hex3Cer 36:1;O2,
Hex3Cer 18:1;O2/20:0,Hex3Cer,SP,Hex3Cer 38:1;O2,Hex3Cer 18:1;O2/20:0,Hex3Cer 18:1;O2/20:0,SN_POSITION,1079.73317,C56H105NO18,38:1;O2,38,1,2,18:1;O2|20:0,18|20,1|0,2|0,18:1;O2,d18:1,18,1,2,LCB,20:00,20,0,0,ESTER,,,,,,,,,,,,,,,,Sphingolipids [SP],neutral glycosphingolipids [SP05],Galalpha1-4Galbeta1-4Glc- (Globo series) [SP0502],,,,,,,,,FA with less than 2 double bonds|FA with less than 2 double bonds,Monounsaturated fatty acid|Saturated fatty acid,FA with 18 carbons or less|FA with more than 18 carbons,FA with 16-18 carbons|FA with 19-21 carbons,Long-chain FA|Long-chain FA,Hex3Cer(d18:1/20:0),Hex3Cer 38:1;O2,
Hex3Cer 18:1;O2/22:0,Hex3Cer,SP,Hex3Cer 40:1;O2,Hex3Cer 18:1;O2/22:0,Hex3Cer 18:1;O2/22:0,SN_POSITION,1107.76447,C58H109NO18,40:1;O2,40,1,2,18:1;O2|22:0,18|22,1|0,2|0,18:1;O2,d18:1,18,1,2,LCB,22:00,22,0,0,ESTER,,,,,,,,,,,,,,,,Sphingolipids [SP],neutral glycosphingolipids [SP05],Galalpha1-4Galbeta1-4Glc- (Globo series) [SP0502],,,,,,,,,FA with less than 2 double bonds|FA with less than 2 double bonds,Monounsaturated fatty acid|Saturated fatty acid,FA with 18 carbons or less|FA with more than 18 carbons,FA with 16-18 carbons|FA with 22-24 carbons,Long-chain FA|Very long-chain FA,Hex3Cer(d18:1/22:0),Hex3Cer 40:1;O2,
Hex3Cer 18:1;O2/24:0,Hex3Cer,SP,Hex3Cer 42:1;O2,Hex3Cer 18:1;O2/24:0,Hex3Cer 18:1;O2/24:0,SN_POSITION,1135.79577,C60H113NO18,42:1;O2,42,1,2,18:1;O2|24:0,18|24,1|0,2|0,18:1;O2,d18:1,18,1,2,LCB,24:00:00,24,0,0,ESTER,,,,,,,,,,,,,,,,Sphingolipids [SP],neutral glycosphingolipids [SP05],Galalpha1-4Galbeta1-4Glc- (Globo series) [SP0502],,,,,,,,,FA with less than 2 double bonds|FA with less than 2 double bonds,Monounsaturated fatty acid|Saturated fatty acid,FA with 18 carbons or less|FA with more than 18 carbons,FA with 16-18 carbons|FA with 22-24 carbons,Long-chain FA|Very long-chain FA,Hex3Cer(d18:1/24:0),Hex3Cer 42:1;O2,
Hex3Cer 18:1;O2/24:1,Hex3Cer,SP,Hex3Cer 42:2;O2,Hex3Cer 18:1;O2/24:1,Hex3Cer 18:1;O2/24:1,SN_POSITION,1133.78012,C60H111NO18,42:2;O2,42,2,2,18:1;O2|24:1,18|24,1|1,2|0,18:1;O2,d18:1,18,1,2,LCB,24:01:00,24,1,0,ESTER,,,,,,,,,,,,,,,,Sphingolipids [SP],neutral glycosphingolipids [SP05],Galalpha1-4Galbeta1-4Glc- (Globo series) [SP0502],,,,,,,,,FA with less than 2 double bonds|FA with less than 2 double bonds,Monounsaturated fatty acid|Monounsaturated fatty acid,FA with 18 carbons or less|FA with more than 18 carbons,FA with 16-18 carbons|FA with 22-24 carbons,Long-chain FA|Very long-chain FA,Hex3Cer(d18:1/24:1),Hex3Cer 42:2;O2,
Hex3Cer 18:1;O2/20:1,Hex3Cer,SP,Hex3Cer 38:2;O2,Hex3Cer 18:1;O2/20:1,Hex3Cer 18:1;O2/20:1,SN_POSITION,1077.71752,C56H103NO18,38:2;O2,38,2,2,18:1;O2|20:1,18|20,1|1,2|0,18:1;O2,d18:1,18,1,2,LCB,0.834027778,20,1,0,ESTER,,,,,,,,,,,,,,,,Sphingolipids [SP],,,,,,,,,,,FA with less than 2 double bonds|FA with less than 2 double bonds,Monounsaturated fatty acid|Monounsaturated fatty acid,FA with 18 carbons or less|FA with more than 18 carbons,FA with 16-18 carbons|FA with 19-21 carbons,Long-chain FA|Long-chain FA,Hex3Cer(d18:1/20:1),Hex3Cer 38:2;O2,
Hex3Cer 18:1;O2/22:1,Hex3Cer,SP,Hex3Cer 40:2;O2,Hex3Cer 18:1;O2/22:1,Hex3Cer 18:1;O2/22:1,SN_POSITION,1105.74882,C58H107NO18,40:2;O2,40,2,2,18:1;O2|22:1,18|22,1|1,2|0,18:1;O2,d18:1,18,1,2,LCB,0.917361111,22,1,0,ESTER,,,,,,,,,,,,,,,,Sphingolipids [SP],,,,,,,,,,,FA with less than 2 double bonds|FA with less than 2 double bonds,Monounsaturated fatty acid|Monounsaturated fatty acid,FA with 18 carbons or less|FA with more than 18 carbons,FA with 16-18 carbons|FA with 22-24 carbons,Long-chain FA|Very long-chain FA,Hex3Cer(d18:1/22:1),Hex3Cer 40:2;O2,
Hex3Cer 18:1;O2/24:2,Hex3Cer,SP,Hex3Cer 42:3;O2,Hex3Cer 18:1;O2/24:2,Hex3Cer 18:1;O2/24:2,SN_POSITION,1131.76447,C60H109NO18,42:3;O2,42,3,2,18:1;O2|24:2,18|24,1|2,2|0,18:1;O2,d18:1,18,1,2,LCB,1.001388889,24,2,0,ESTER,,,,,,,,,,,,,,,,Sphingolipids [SP],,,,,,,,,,,FA with less than 2 double bonds|Polyunsaturated fatty acid,Monounsaturated fatty acid|FA with 2 double bonds,FA with 18 carbons or less|FA with more than 18 carbons,FA with 16-18 carbons|FA with 22-24 carbons,Long-chain FA|Very long-chain FA,Hex3Cer(d18:1/24:2),Hex3Cer 42:3;O2,
Hex3Cer 18:1;O2/16:0;O,Hex3Cer,SP,Hex3Cer 34:1;O3,Hex3Cer 18:1;O2/16:0;O,Hex3Cer 18:1;O2/16:0;O,SN_POSITION,1039.66548,C52H97NO19,34:1;O3,34,1,3,18:1;O2|16:0;O,18|16,1|0,2|1,18:1;O2,d18:1,18,1,2,LCB,16:0;O,16,0,1,ESTER,,,,,,,,,,,,,,,,Sphingolipids [SP],neutral glycosphingolipids [SP05],Galalpha1-4Galbeta1-4Glc- (Globo series) [SP0502],,,,,,,,,FA with less than 2 double bonds|FA with less than 2 double bonds,Monounsaturated fatty acid|Saturated fatty acid,FA with 18 carbons or less|FA with 18 carbons or less,FA with 16-18 carbons|FA with 16-18 carbons,Long-chain FA|Long-chain FA,Hex3Cer(d18:1/16:0;O),Hex3Cer 34:1;O3,
Hex3Cer 18:1;O2/18:0;O,Hex3Cer,SP,Hex3Cer 36:1;O3,Hex3Cer 18:1;O2/18:0;O,Hex3Cer 18:1;O2/18:0;O,SN_POSITION,1067.69678,C54H101NO19,36:1;O3,36,1,3,18:1;O2|18:0;O,18|18,1|0,2|1,18:1;O2,d18:1,18,1,2,LCB,18:0;O,18,0,1,ESTER,,,,,,,,,,,,,,,,Sphingolipids [SP],neutral glycosphingolipids [SP05],Galalpha1-4Galbeta1-4Glc- (Globo series) [SP0502],,,,,,,,,FA with less than 2 double bonds|FA with less than 2 double bonds,Monounsaturated fatty acid|Saturated fatty acid,FA with 18 carbons or less|FA with 18 carbons or less,FA with 16-18 carbons|FA with 16-18 carbons,Long-chain FA|Long-chain FA,Hex3Cer(d18:1/18:0;O),Hex3Cer 36:1;O3,
Hex3Cer 18:1;O2/20:0;O,Hex3Cer,SP,Hex3Cer 38:1;O3,Hex3Cer 18:1;O2/20:0;O,Hex3Cer 18:1;O2/20:0;O,SN_POSITION,1095.72808,C56H105NO19,38:1;O3,38,1,3,18:1;O2|20:0;O,18|20,1|0,2|1,18:1;O2,d18:1,18,1,2,LCB,20:0;O,20,0,1,ESTER,,,,,,,,,,,,,,,,Sphingolipids [SP],neutral glycosphingolipids [SP05],Galalpha1-4Galbeta1-4Glc- (Globo series) [SP0502],,,,,,,,,FA with less than 2 double bonds|FA with less than 2 double bonds,Monounsaturated fatty acid|Saturated fatty acid,FA with 18 carbons or less|FA with more than 18 carbons,FA with 16-18 carbons|FA with 19-21 carbons,Long-chain FA|Long-chain FA,Hex3Cer(d18:1/20:0;O),Hex3Cer 38:1;O3,
Hex3Cer 18:1;O2/22:0;O,Hex3Cer,SP,Hex3Cer 40:1;O3,Hex3Cer 18:1;O2/22:0;O,Hex3Cer 18:1;O2/22:0;O,SN_POSITION,1123.75938,C58H109NO19,40:1;O3,40,1,3,18:1;O2|22:0;O,18|22,1|0,2|1,18:1;O2,d18:1,18,1,2,LCB,22:0;O,22,0,1,ESTER,,,,,,,,,,,,,,,,Sphingolipids [SP],neutral glycosphingolipids [SP05],Galalpha1-4Galbeta1-4Glc- (Globo series) [SP0502],,,,,,,,,FA with less than 2 double bonds|FA with less than 2 double bonds,Monounsaturated fatty acid|Saturated fatty acid,FA with 18 carbons or less|FA with more than 18 carbons,FA with 16-18 carbons|FA with 22-24 carbons,Long-chain FA|Very long-chain FA,Hex3Cer(d18:1/22:0;O),Hex3Cer 40:1;O3,
Hex3Cer 18:1;O2/24:0;O,Hex3Cer,SP,Hex3Cer 42:1;O3,Hex3Cer 18:1;O2/24:0;O,Hex3Cer 18:1;O2/24:0;O,SN_POSITION,1151.79068,C60H113NO19,42:1;O3,42,1,3,18:1;O2|24:0;O,18|24,1|0,2|1,18:1;O2,d18:1,18,1,2,LCB,24:0;O,24,0,1,ESTER,,,,,,,,,,,,,,,,Sphingolipids [SP],neutral glycosphingolipids [SP05],Galalpha1-4Galbeta1-4Glc- (Globo series) [SP0502],,,,,,,,,FA with less than 2 double bonds|FA with less than 2 double bonds,Monounsaturated fatty acid|Saturated fatty acid,FA with 18 carbons or less|FA with more than 18 carbons,FA with 16-18 carbons|FA with 22-24 carbons,Long-chain FA|Very long-chain FA,Hex3Cer(d18:1/24:0;O),Hex3Cer 42:1;O3,
Hex3Cer 18:1;O2/24:1;O,Hex3Cer,SP,Hex3Cer 42:2;O3,Hex3Cer 18:1;O2/24:1;O,Hex3Cer 18:1;O2/24:1;O,SN_POSITION,1149.77503,C60H111NO19,42:2;O3,42,2,3,18:1;O2|24:1;O,18|24,1|1,2|1,18:1;O2,d18:1,18,1,2,LCB,24:1;O,24,1,1,ESTER,,,,,,,,,,,,,,,,Sphingolipids [SP],neutral glycosphingolipids [SP05],Galalpha1-4Galbeta1-4Glc- (Globo series) [SP0502],,,,,,,,,FA with less than 2 double bonds|FA with less than 2 double bonds,Monounsaturated fatty acid|Monounsaturated fatty acid,FA with 18 carbons or less|FA with more than 18 carbons,FA with 16-18 carbons|FA with 22-24 carbons,Long-chain FA|Very long-chain FA,Hex3Cer(d18:1/24:1;O),Hex3Cer 42:2;O3,
GM3(d18:1/16:0),GM3,SP,Hex2NeuAcCer 34:1;O2,Hex2NeuAcCer 18:1;O2/16:0,Hex2NeuAcCer 18:1;O2/16:0,SN_POSITION,1152.71316,C57H104N2O21,34:1;O2,34,1,2,18:1;O2|16:0,18|16,1|0,2|0,18:1;O2,d18:1,18,1,2,LCB,16:00,16,0,0,ESTER,,,,,,,,,,,,,,,,Sphingolipids [SP],Acidic glycosphingolipids [SP06],Gangliosides [SP0601],,,,,,,,,FA with less than 2 double bonds|FA with less than 2 double bonds,Monounsaturated fatty acid|Saturated fatty acid,FA with 18 carbons or less|FA with 18 carbons or less,FA with 16-18 carbons|FA with 16-18 carbons,Long-chain FA|Long-chain FA,Hex2NeuAcCer(d18:1/16:0),Hex2NeuAcCer(d18:1/16:0),
GM3(d18:1/18:0),GM3,SP,Hex2NeuAcCer 36:1;O2,Hex2NeuAcCer 18:1;O2/18:0,Hex2NeuAcCer 18:1;O2/18:0,SN_POSITION,1180.74446,C59H108N2O21,36:1;O2,36,1,2,18:1;O2|18:0,18|18,1|0,2|0,18:1;O2,d18:1,18,1,2,LCB,18:00,18,0,0,ESTER,,,,,,,,,,,,,,,,Sphingolipids [SP],Acidic glycosphingolipids [SP06],Gangliosides [SP0601],,,,,,,,,FA with less than 2 double bonds|FA with less than 2 double bonds,Monounsaturated fatty acid|Saturated fatty acid,FA with 18 carbons or less|FA with 18 carbons or less,FA with 16-18 carbons|FA with 16-18 carbons,Long-chain FA|Long-chain FA,Hex2NeuAcCer(d18:1/18:0),Hex2NeuAcCer(d18:1/18:0),
GM3(d18:1/20:0),GM3,SP,Hex2NeuAcCer 38:1;O2,Hex2NeuAcCer 18:1;O2/20:0,Hex2NeuAcCer 18:1;O2/20:0,SN_POSITION,1208.77576,C61H112N2O21,38:1;O2,38,1,2,18:1;O2|20:0,18|20,1|0,2|0,18:1;O2,d18:1,18,1,2,LCB,20:00,20,0,0,ESTER,,,,,,,,,,,,,,,,Sphingolipids [SP],Acidic glycosphingolipids [SP06],Gangliosides [SP0601],,,,,,,,,FA with less than 2 double bonds|FA with less than 2 double bonds,Monounsaturated fatty acid|Saturated fatty acid,FA with 18 carbons or less|FA with more than 18 carbons,FA with 16-18 carbons|FA with 19-21 carbons,Long-chain FA|Long-chain FA,Hex2NeuAcCer(d18:1/20:0),Hex2NeuAcCer(d18:1/20:0),
GM3(d18:1/22:0),GM3,SP,Hex2NeuAcCer 40:1;O2,Hex2NeuAcCer 18:1;O2/22:0,Hex2NeuAcCer 18:1;O2/22:0,SN_POSITION,1236.80706,C63H116N2O21,40:1;O2,40,1,2,18:1;O2|22:0,18|22,1|0,2|0,18:1;O2,d18:1,18,1,2,LCB,22:00,22,0,0,ESTER,,,,,,,,,,,,,,,,Sphingolipids [SP],Acidic glycosphingolipids [SP06],Gangliosides [SP0601],,,,,,,,,FA with less than 2 double bonds|FA with less than 2 double bonds,Monounsaturated fatty acid|Saturated fatty acid,FA with 18 carbons or less|FA with more than 18 carbons,FA with 16-18 carbons|FA with 22-24 carbons,Long-chain FA|Very long-chain FA,Hex2NeuAcCer(d18:1/22:0),Hex2NeuAcCer(d18:1/22:0),
GM3(d18:1/24:0),GM3,SP,Hex2NeuAcCer 42:1;O2,Hex2NeuAcCer 18:1;O2/24:0,Hex2NeuAcCer 18:1;O2/24:0,SN_POSITION,1264.83836,C65H120N2O21,42:1;O2,42,1,2,18:1;O2|24:0,18|24,1|0,2|0,18:1;O2,d18:1,18,1,2,LCB,24:00:00,24,0,0,ESTER,,,,,,,,,,,,,,,,Sphingolipids [SP],Acidic glycosphingolipids [SP06],Gangliosides [SP0601],,,,,,,,,FA with less than 2 double bonds|FA with less than 2 double bonds,Monounsaturated fatty acid|Saturated fatty acid,FA with 18 carbons or less|FA with more than 18 carbons,FA with 16-18 carbons|FA with 22-24 carbons,Long-chain FA|Very long-chain FA,Hex2NeuAcCer(d18:1/24:0),Hex2NeuAcCer(d18:1/24:0),
GM3(d18:1/24:1),GM3,SP,Hex2NeuAcCer 42:2;O2,Hex2NeuAcCer 18:1;O2/24:1,Hex2NeuAcCer 18:1;O2/24:1,SN_POSITION,1262.82271,C65H118N2O21,42:2;O2,42,2,2,18:1;O2|24:1,18|24,1|1,2|0,18:1;O2,d18:1,18,1,2,LCB,24:01:00,24,1,0,ESTER,,,,,,,,,,,,,,,,Sphingolipids [SP],Acidic glycosphingolipids [SP06],Gangliosides [SP0601],,,,,,,,,FA with less than 2 double bonds|FA with less than 2 double bonds,Monounsaturated fatty acid|Monounsaturated fatty acid,FA with 18 carbons or less|FA with more than 18 carbons,FA with 16-18 carbons|FA with 22-24 carbons,Long-chain FA|Very long-chain FA,Hex2NeuAcCer(d18:1/24:1),Hex2NeuAcCer(d18:1/24:1),
GM3(d18:1/26:0),GM3,SP,Hex2NeuAcCer 44:1;O2,Hex2NeuAcCer 18:1;O2/26:0,Hex2NeuAcCer 18:1;O2/26:0,SN_POSITION,1292.86966,C67H124N2O21,44:1;O2,44,1,2,18:1;O2|26:0,18|26,1|0,2|0,18:1;O2,d18:1,18,1,2,LCB,26:00:00,26,0,0,ESTER,,,,,,,,,,,,,,,,Sphingolipids [SP],Acidic glycosphingolipids [SP06],Gangliosides [SP0601],,,,,,,,,FA with less than 2 double bonds|FA with less than 2 double bonds,Monounsaturated fatty acid|Saturated fatty acid,FA with 18 carbons or less|FA with more than 18 carbons,FA with 16-18 carbons|FA with more than 24 carbons,Long-chain FA|Very long-chain FA,Hex2NeuAcCer(d18:1/26:0),Hex2NeuAcCer(d18:1/26:0),
GM3(d18:1/26:1),GM3,SP,Hex2NeuAcCer 44:2;O2,Hex2NeuAcCer 18:1;O2/26:1,Hex2NeuAcCer 18:1;O2/26:1,SN_POSITION,1290.85401,C67H122N2O21,44:2;O2,44,2,2,18:1;O2|26:1,18|26,1|1,2|0,18:1;O2,d18:1,18,1,2,LCB,26:01:00,26,1,0,ESTER,,,,,,,,,,,,,,,,Sphingolipids [SP],Acidic glycosphingolipids [SP06],Gangliosides [SP0601],,,,,,,,,FA with less than 2 double bonds|FA with less than 2 double bonds,Monounsaturated fatty acid|Monounsaturated fatty acid,FA with 18 carbons or less|FA with more than 18 carbons,FA with 16-18 carbons|FA with more than 24 carbons,Long-chain FA|Very long-chain FA,Hex2NeuAcCer(d18:1/26:1),Hex2NeuAcCer(d18:1/26:1),
GM2(d18:1/18:0),GM2,SP,Hex2HexNAcNeuAcCer 36:1;O2,Hex2HexNAcNeuAcCer 18:1;O2/18:0,Hex2HexNAcNeuAcCer 18:1;O2/18:0,SN_POSITION,1383.82383,C67H121N3O26,36:1;O2,36,1,2,18:1;O2|18:0,18|18,1|0,2|0,18:1;O2,d18:1,18,1,2,LCB,18:00,18,0,0,ESTER,,,,,,,,,,,,,,,,Sphingolipids [SP],Acidic glycosphingolipids [SP06],Gangliosides [SP0601],,,,,,,,,FA with less than 2 double bonds|FA with less than 2 double bonds,Monounsaturated fatty acid|Saturated fatty acid,FA with 18 carbons or less|FA with 18 carbons or less,FA with 16-18 carbons|FA with 16-18 carbons,Long-chain FA|Long-chain FA,Hex2HexNAcNeuAcCer(d18:1/18:0),Hex2HexNAcNeuAcCer(d18:1/18:0),
GM2(d18:1/20:0),GM2,SP,Hex2HexNAcNeuAcCer 38:1;O2,Hex2HexNAcNeuAcCer 18:1;O2/20:0,Hex2HexNAcNeuAcCer 18:1;O2/20:0,SN_POSITION,1411.85513,C69H125N3O26,38:1;O2,38,1,2,18:1;O2|20:0,18|20,1|0,2|0,18:1;O2,d18:1,18,1,2,LCB,20:00,20,0,0,ESTER,,,,,,,,,,,,,,,,Sphingolipids [SP],Acidic glycosphingolipids [SP06],Gangliosides [SP0601],,,,,,,,,FA with less than 2 double bonds|FA with less than 2 double bonds,Monounsaturated fatty acid|Saturated fatty acid,FA with 18 carbons or less|FA with more than 18 carbons,FA with 16-18 carbons|FA with 19-21 carbons,Long-chain FA|Long-chain FA,Hex2HexNAcNeuAcCer(d18:1/20:0),Hex2HexNAcNeuAcCer(d18:1/20:0),
GM2(d18:1/22:0),GM2,SP,Hex2HexNAcNeuAcCer 40:1;O2,Hex2HexNAcNeuAcCer 18:1;O2/22:0,Hex2HexNAcNeuAcCer 18:1;O2/22:0,SN_POSITION,1439.88643,C71H129N3O26,40:1;O2,40,1,2,18:1;O2|22:0,18|22,1|0,2|0,18:1;O2,d18:1,18,1,2,LCB,22:00,22,0,0,ESTER,,,,,,,,,,,,,,,,Sphingolipids [SP],Acidic glycosphingolipids [SP06],Gangliosides [SP0601],,,,,,,,,FA with less than 2 double bonds|FA with less than 2 double bonds,Monounsaturated fatty acid|Saturated fatty acid,FA with 18 carbons or less|FA with more than 18 carbons,FA with 16-18 carbons|FA with 22-24 carbons,Long-chain FA|Very long-chain FA,Hex2HexNAcNeuAcCer(d18:1/22:0),Hex2HexNAcNeuAcCer(d18:1/22:0),
GM2(d18:1/24:0),GM2,SP,Hex2HexNAcNeuAcCer 42:1;O2,Hex2HexNAcNeuAcCer 18:1;O2/24:0,Hex2HexNAcNeuAcCer 18:1;O2/24:0,SN_POSITION,1467.91773,C73H133N3O26,42:1;O2,42,1,2,18:1;O2|24:0,18|24,1|0,2|0,18:1;O2,d18:1,18,1,2,LCB,24:00:00,24,0,0,ESTER,,,,,,,,,,,,,,,,Sphingolipids [SP],Acidic glycosphingolipids [SP06],Gangliosides [SP0601],,,,,,,,,FA with less than 2 double bonds|FA with less than 2 double bonds,Monounsaturated fatty acid|Saturated fatty acid,FA with 18 carbons or less|FA with more than 18 carbons,FA with 16-18 carbons|FA with 22-24 carbons,Long-chain FA|Very long-chain FA,Hex2HexNAcNeuAcCer(d18:1/24:0),Hex2HexNAcNeuAcCer(d18:1/24:0),
GM2(d18:1/24:1),GM2,SP,Hex2HexNAcNeuAcCer 42:2;O2,Hex2HexNAcNeuAcCer 18:1;O2/24:1,Hex2HexNAcNeuAcCer 18:1;O2/24:1,SN_POSITION,1465.90208,C73H131N3O26,42:2;O2,42,2,2,18:1;O2|24:1,18|24,1|1,2|0,18:1;O2,d18:1,18,1,2,LCB,24:01:00,24,1,0,ESTER,,,,,,,,,,,,,,,,Sphingolipids [SP],Acidic glycosphingolipids [SP06],Gangliosides [SP0601],,,,,,,,,FA with less than 2 double bonds|FA with less than 2 double bonds,Monounsaturated fatty acid|Monounsaturated fatty acid,FA with 18 carbons or less|FA with more than 18 carbons,FA with 16-18 carbons|FA with 22-24 carbons,Long-chain FA|Very long-chain FA,Hex2HexNAcNeuAcCer(d18:1/24:1),Hex2HexNAcNeuAcCer(d18:1/24:1),
GM1(d18:1/16:0),GM3,SP,Hex3HexNAcNeuAcCer 34:1;O2,Hex3HexNAcNeuAcCer 18:1;O2/16:0,Hex3HexNAcNeuAcCer 18:1;O2/16:0,SN_POSITION,1517.84535,C71H127N3O31,34:1;O2,34,1,2,18:1;O2|16:0,18|16,1|0,2|0,18:1;O2,d18:1,18,1,2,LCB,16:00,16,0,0,ESTER,,,,,,,,,,,,,,,,Sphingolipids [SP],Acidic glycosphingolipids [SP06],Gangliosides [SP0601],,,,,,,,,FA with less than 2 double bonds|FA with less than 2 double bonds,Monounsaturated fatty acid|Saturated fatty acid,FA with 18 carbons or less|FA with 18 carbons or less,FA with 16-18 carbons|FA with 16-18 carbons,Long-chain FA|Long-chain FA,Hex3HexNAcNeuAcCer(d18:1/16:0),Hex3HexNAcNeuAcCer(d18:1/16:0),
GM1(d18:1/18:0),GM3,SP,Hex3HexNAcNeuAcCer 36:1;O2,Hex3HexNAcNeuAcCer 18:1;O2/18:0,Hex3HexNAcNeuAcCer 18:1;O2/18:0,SN_POSITION,1545.87666,C73H131N3O31,36:1;O2,36,1,2,18:1;O2|18:0,18|18,1|0,2|0,18:1;O2,d18:1,18,1,2,LCB,18:00,18,0,0,ESTER,,,,,,,,,,,,,,,,Sphingolipids [SP],Acidic glycosphingolipids [SP06],Gangliosides [SP0601],,,,,,,,,FA with less than 2 double bonds|FA with less than 2 double bonds,Monounsaturated fatty acid|Saturated fatty acid,FA with 18 carbons or less|FA with 18 carbons or less,FA with 16-18 carbons|FA with 16-18 carbons,Long-chain FA|Long-chain FA,Hex3HexNAcNeuAcCer(d18:1/18:0),Hex3HexNAcNeuAcCer(d18:1/18:0),
GM1(d18:1/20:0),GM3,SP,Hex3HexNAcNeuAcCer 38:1;O2,Hex3HexNAcNeuAcCer 18:1;O2/20:0,Hex3HexNAcNeuAcCer 18:1;O2/20:0,SN_POSITION,1573.90796,C75H135N3O31,38:1;O2,38,1,2,18:1;O2|20:0,18|20,1|0,2|0,18:1;O2,d18:1,18,1,2,LCB,20:00,20,0,0,ESTER,,,,,,,,,,,,,,,,Sphingolipids [SP],Acidic glycosphingolipids [SP06],Gangliosides [SP0601],,,,,,,,,FA with less than 2 double bonds|FA with less than 2 double bonds,Monounsaturated fatty acid|Saturated fatty acid,FA with 18 carbons or less|FA with more than 18 carbons,FA with 16-18 carbons|FA with 19-21 carbons,Long-chain FA|Long-chain FA,Hex3HexNAcNeuAcCer(d18:1/20:0),Hex3HexNAcNeuAcCer(d18:1/20:0),
GM1(d18:1/22:0),GM3,SP,Hex3HexNAcNeuAcCer 40:1;O2,Hex3HexNAcNeuAcCer 18:1;O2/22:0,Hex3HexNAcNeuAcCer 18:1;O2/22:0,SN_POSITION,1601.93926,C77H139N3O31,40:1;O2,40,1,2,18:1;O2|22:0,18|22,1|0,2|0,18:1;O2,d18:1,18,1,2,LCB,22:00,22,0,0,ESTER,,,,,,,,,,,,,,,,Sphingolipids [SP],Acidic glycosphingolipids [SP06],Gangliosides [SP0601],,,,,,,,,FA with less than 2 double bonds|FA with less than 2 double bonds,Monounsaturated fatty acid|Saturated fatty acid,FA with 18 carbons or less|FA with more than 18 carbons,FA with 16-18 carbons|FA with 22-24 carbons,Long-chain FA|Very long-chain FA,Hex3HexNAcNeuAcCer(d18:1/22:0),Hex3HexNAcNeuAcCer(d18:1/22:0),
GM1(d18:1/24:0),GM3,SP,Hex3HexNAcNeuAcCer 42:1;O2,Hex3HexNAcNeuAcCer 18:1;O2/24:0,Hex3HexNAcNeuAcCer 18:1;O2/24:0,SN_POSITION,1629.97056,C79H143N3O31,42:1;O2,42,1,2,18:1;O2|24:0,18|24,1|0,2|0,18:1;O2,d18:1,18,1,2,LCB,24:00:00,24,0,0,ESTER,,,,,,,,,,,,,,,,Sphingolipids [SP],Acidic glycosphingolipids [SP06],Gangliosides [SP0601],,,,,,,,,FA with less than 2 double bonds|FA with less than 2 double bonds,Monounsaturated fatty acid|Saturated fatty acid,FA with 18 carbons or less|FA with more than 18 carbons,FA with 16-18 carbons|FA with 22-24 carbons,Long-chain FA|Very long-chain FA,Hex3HexNAcNeuAcCer(d18:1/24:0),Hex3HexNAcNeuAcCer(d18:1/24:0),
GM1(d18:1/24:1),GM3,SP,Hex3HexNAcNeuAcCer 42:2;O2,Hex3HexNAcNeuAcCer 18:1;O2/24:1,Hex3HexNAcNeuAcCer 18:1;O2/24:1,SN_POSITION,1627.95491,C79H141N3O31,42:2;O2,42,2,2,18:1;O2|24:1,18|24,1|1,2|0,18:1;O2,d18:1,18,1,2,LCB,24:01:00,24,1,0,ESTER,,,,,,,,,,,,,,,,Sphingolipids [SP],Acidic glycosphingolipids [SP06],Gangliosides [SP0601],,,,,,,,,FA with less than 2 double bonds|FA with less than 2 double bonds,Monounsaturated fatty acid|Monounsaturated fatty acid,FA with 18 carbons or less|FA with more than 18 carbons,FA with 16-18 carbons|FA with 22-24 carbons,Long-chain FA|Very long-chain FA,Hex3HexNAcNeuAcCer(d18:1/24:1),Hex3HexNAcNeuAcCer(d18:1/24:1),
GD3(d18:1/16:0),GD3,SP,Hex2NeuAc2Cer 34:1;O2,Hex2NeuAc2Cer 18:1;O2/16:0,Hex2NeuAc2Cer 18:1;O2/16:0,SN_POSITION,1443.80858,C68H121N3O29,34:1;O2,34,1,2,18:1;O2|16:0,18|16,1|0,2|0,18:1;O2,d18:1,18,1,2,LCB,16:00,16,0,0,ESTER,,,,,,,,,,,,,,,,Sphingolipids [SP],Acidic glycosphingolipids [SP06],Gangliosides [SP0601],,,,,,,,,FA with less than 2 double bonds|FA with less than 2 double bonds,Monounsaturated fatty acid|Saturated fatty acid,FA with 18 carbons or less|FA with 18 carbons or less,FA with 16-18 carbons|FA with 16-18 carbons,Long-chain FA|Long-chain FA,Hex2NeuAc2Cer(d18:1/16:0),Hex2NeuAc2Cer(d18:1/16:0),
GD3(d18:1/18:0),GD3,SP,Hex2NeuAc2Cer 36:1;O2,Hex2NeuAc2Cer 18:1;O2/18:0,Hex2NeuAc2Cer 18:1;O2/18:0,SN_POSITION,1471.83988,C70H125N3O29,36:1;O2,36,1,2,18:1;O2|18:0,18|18,1|0,2|0,18:1;O2,d18:1,18,1,2,LCB,18:00,18,0,0,ESTER,,,,,,,,,,,,,,,,Sphingolipids [SP],Acidic glycosphingolipids [SP06],Gangliosides [SP0601],,,,,,,,,FA with less than 2 double bonds|FA with less than 2 double bonds,Monounsaturated fatty acid|Saturated fatty acid,FA with 18 carbons or less|FA with 18 carbons or less,FA with 16-18 carbons|FA with 16-18 carbons,Long-chain FA|Long-chain FA,Hex2NeuAc2Cer(d18:1/18:0),Hex2NeuAc2Cer(d18:1/18:0),
GD3(d18:1/20:0),GD3,SP,Hex2NeuAc2Cer 38:1;O2,Hex2NeuAc2Cer 18:1;O2/20:0,Hex2NeuAc2Cer 18:1;O2/20:0,SN_POSITION,1499.87118,C72H129N3O29,38:1;O2,38,1,2,18:1;O2|20:0,18|20,1|0,2|0,18:1;O2,d18:1,18,1,2,LCB,20:00,20,0,0,ESTER,,,,,,,,,,,,,,,,Sphingolipids [SP],Acidic glycosphingolipids [SP06],Gangliosides [SP0601],,,,,,,,,FA with less than 2 double bonds|FA with less than 2 double bonds,Monounsaturated fatty acid|Saturated fatty acid,FA with 18 carbons or less|FA with more than 18 carbons,FA with 16-18 carbons|FA with 19-21 carbons,Long-chain FA|Long-chain FA,Hex2NeuAc2Cer(d18:1/20:0),Hex2NeuAc2Cer(d18:1/20:0),
GD3(d18:1/22:0),GD3,SP,Hex2NeuAc2Cer 40:1;O2,Hex2NeuAc2Cer 18:1;O2/22:0,Hex2NeuAc2Cer 18:1;O2/22:0,SN_POSITION,1527.90248,C74H133N3O29,40:1;O2,40,1,2,18:1;O2|22:0,18|22,1|0,2|0,18:1;O2,d18:1,18,1,2,LCB,22:00,22,0,0,ESTER,,,,,,,,,,,,,,,,Sphingolipids [SP],Acidic glycosphingolipids [SP06],Gangliosides [SP0601],,,,,,,,,FA with less than 2 double bonds|FA with less than 2 double bonds,Monounsaturated fatty acid|Saturated fatty acid,FA with 18 carbons or less|FA with more than 18 carbons,FA with 16-18 carbons|FA with 22-24 carbons,Long-chain FA|Very long-chain FA,Hex2NeuAc2Cer(d18:1/22:0),Hex2NeuAc2Cer(d18:1/22:0),
GD3(d18:1/24:0),GD3,SP,Hex2NeuAc2Cer 42:1;O2,Hex2NeuAc2Cer 18:1;O2/24:0,Hex2NeuAc2Cer 18:1;O2/24:0,SN_POSITION,1555.93378,C76H137N3O29,42:1;O2,42,1,2,18:1;O2|24:0,18|24,1|0,2|0,18:1;O2,d18:1,18,1,2,LCB,24:00:00,24,0,0,ESTER,,,,,,,,,,,,,,,,Sphingolipids [SP],Acidic glycosphingolipids [SP06],Gangliosides [SP0601],,,,,,,,,FA with less than 2 double bonds|FA with less than 2 double bonds,Monounsaturated fatty acid|Saturated fatty acid,FA with 18 carbons or less|FA with more than 18 carbons,FA with 16-18 carbons|FA with 22-24 carbons,Long-chain FA|Very long-chain FA,Hex2NeuAc2Cer(d18:1/24:0),Hex2NeuAc2Cer(d18:1/24:0),
GD3(d18:1/24:1),GD3,SP,Hex2NeuAc2Cer 42:2;O2,Hex2NeuAc2Cer 18:1;O2/24:1,Hex2NeuAc2Cer 18:1;O2/24:1,SN_POSITION,1553.91813,C76H135N3O29,42:2;O2,42,2,2,18:1;O2|24:1,18|24,1|1,2|0,18:1;O2,d18:1,18,1,2,LCB,24:01:00,24,1,0,ESTER,,,,,,,,,,,,,,,,Sphingolipids [SP],Acidic glycosphingolipids [SP06],Gangliosides [SP0601],,,,,,,,,FA with less than 2 double bonds|FA with less than 2 double bonds,Monounsaturated fatty acid|Monounsaturated fatty acid,FA with 18 carbons or less|FA with more than 18 carbons,FA with 16-18 carbons|FA with 22-24 carbons,Long-chain FA|Very long-chain FA,Hex2NeuAc2Cer(d18:1/24:1),Hex2NeuAc2Cer(d18:1/24:1),
GD2(d18:1/16:0),GD2,SP,Hex2HexNAcNeuAc2Cer 34:1;O2,Hex2HexNAcNeuAc2Cer 18:1;O2/16:0,Hex2HexNAcNeuAc2Cer 18:1;O2/16:0,SN_POSITION,1646.88795,C76H134N4O34,34:1;O2,34,1,2,18:1;O2|16:0,18|16,1|0,2|0,18:1;O2,d18:1,18,1,2,LCB,16:00,16,0,0,ESTER,,,,,,,,,,,,,,,,Sphingolipids [SP],Acidic glycosphingolipids [SP06],Gangliosides [SP0601],,,,,,,,,FA with less than 2 double bonds|FA with less than 2 double bonds,Monounsaturated fatty acid|Saturated fatty acid,FA with 18 carbons or less|FA with 18 carbons or less,FA with 16-18 carbons|FA with 16-18 carbons,Long-chain FA|Long-chain FA,Hex2HexNAcNeuAc2Cer(d18:1/16:0),Hex2HexNAcNeuAc2Cer(d18:1/16:0),
GD2(d18:1/18:0),GD2,SP,Hex2HexNAcNeuAc2Cer 36:1;O2,Hex2HexNAcNeuAc2Cer 18:1;O2/18:0,Hex2HexNAcNeuAc2Cer 18:1;O2/18:0,SN_POSITION,1674.91925,C78H138N4O34,36:1;O2,36,1,2,18:1;O2|18:0,18|18,1|0,2|0,18:1;O2,d18:1,18,1,2,LCB,18:00,18,0,0,ESTER,,,,,,,,,,,,,,,,Sphingolipids [SP],Acidic glycosphingolipids [SP06],Gangliosides [SP0601],,,,,,,,,FA with less than 2 double bonds|FA with less than 2 double bonds,Monounsaturated fatty acid|Saturated fatty acid,FA with 18 carbons or less|FA with 18 carbons or less,FA with 16-18 carbons|FA with 16-18 carbons,Long-chain FA|Long-chain FA,Hex2HexNAcNeuAc2Cer(d18:1/18:0),Hex2HexNAcNeuAc2Cer(d18:1/18:0),
GD2(d18:1/20:0),GD2,SP,Hex2HexNAcNeuAc2Cer 38:1;O2,Hex2HexNAcNeuAc2Cer 18:1;O2/20:0,Hex2HexNAcNeuAc2Cer 18:1;O2/20:0,SN_POSITION,1702.95055,C80H142N4O34,38:1;O2,38,1,2,18:1;O2|20:0,18|20,1|0,2|0,18:1;O2,d18:1,18,1,2,LCB,20:00,20,0,0,ESTER,,,,,,,,,,,,,,,,Sphingolipids [SP],Acidic glycosphingolipids [SP06],Gangliosides [SP0601],,,,,,,,,FA with less than 2 double bonds|FA with less than 2 double bonds,Monounsaturated fatty acid|Saturated fatty acid,FA with 18 carbons or less|FA with more than 18 carbons,FA with 16-18 carbons|FA with 19-21 carbons,Long-chain FA|Long-chain FA,Hex2HexNAcNeuAc2Cer(d18:1/20:0),Hex2HexNAcNeuAc2Cer(d18:1/20:0),
GD2(d18:1/22:0),GD2,SP,Hex2HexNAcNeuAc2Cer 40:1;O2,Hex2HexNAcNeuAc2Cer 18:1;O2/22:0,Hex2HexNAcNeuAc2Cer 18:1;O2/22:0,SN_POSITION,1730.98185,C82H146N4O34,40:1;O2,40,1,2,18:1;O2|22:0,18|22,1|0,2|0,18:1;O2,d18:1,18,1,2,LCB,22:00,22,0,0,ESTER,,,,,,,,,,,,,,,,Sphingolipids [SP],Acidic glycosphingolipids [SP06],Gangliosides [SP0601],,,,,,,,,FA with less than 2 double bonds|FA with less than 2 double bonds,Monounsaturated fatty acid|Saturated fatty acid,FA with 18 carbons or less|FA with more than 18 carbons,FA with 16-18 carbons|FA with 22-24 carbons,Long-chain FA|Very long-chain FA,Hex2HexNAcNeuAc2Cer(d18:1/22:0),Hex2HexNAcNeuAc2Cer(d18:1/22:0),
GD2(d18:1/24:0),GD2,SP,Hex2HexNAcNeuAc2Cer 42:1;O2,Hex2HexNAcNeuAc2Cer 18:1;O2/24:0,Hex2HexNAcNeuAc2Cer 18:1;O2/24:0,SN_POSITION,1759.01315,C84H150N4O34,42:1;O2,42,1,2,18:1;O2|24:0,18|24,1|0,2|0,18:1;O2,d18:1,18,1,2,LCB,24:00:00,24,0,0,ESTER,,,,,,,,,,,,,,,,Sphingolipids [SP],Acidic glycosphingolipids [SP06],Gangliosides [SP0601],,,,,,,,,FA with less than 2 double bonds|FA with less than 2 double bonds,Monounsaturated fatty acid|Saturated fatty acid,FA with 18 carbons or less|FA with more than 18 carbons,FA with 16-18 carbons|FA with 22-24 carbons,Long-chain FA|Very long-chain FA,Hex2HexNAcNeuAc2Cer(d18:1/24:0),Hex2HexNAcNeuAc2Cer(d18:1/24:0),
GD2(d18:1/24:1),GD2,SP,Hex2HexNAcNeuAc2Cer 42:2;O2,Hex2HexNAcNeuAc2Cer 18:1;O2/24:1,Hex2HexNAcNeuAc2Cer 18:1;O2/24:1,SN_POSITION,1756.9975,C84H148N4O34,42:2;O2,42,2,2,18:1;O2|24:1,18|24,1|1,2|0,18:1;O2,d18:1,18,1,2,LCB,24:01:00,24,1,0,ESTER,,,,,,,,,,,,,,,,Sphingolipids [SP],Acidic glycosphingolipids [SP06],Gangliosides [SP0601],,,,,,,,,FA with less than 2 double bonds|FA with less than 2 double bonds,Monounsaturated fatty acid|Monounsaturated fatty acid,FA with 18 carbons or less|FA with more than 18 carbons,FA with 16-18 carbons|FA with 22-24 carbons,Long-chain FA|Very long-chain FA,Hex2HexNAcNeuAc2Cer(d18:1/24:1),Hex2HexNAcNeuAc2Cer(d18:1/24:1),
GD1(d18:1/16:0),GD1,SP,Hex3HexNAcNeuAc2Cer 34:1;O2,Hex3HexNAcNeuAc2Cer 18:1;O2/16:0,Hex3HexNAcNeuAc2Cer 18:1;O2/16:0,SN_POSITION,1808.94077,C82H144N4O39,34:1;O2,34,1,2,18:1;O2|16:0,18|16,1|0,2|0,18:1;O2,d18:1,18,1,2,LCB,16:00,16,0,0,ESTER,,,,,,,,,,,,,,,,Sphingolipids [SP],Acidic glycosphingolipids [SP06],Gangliosides [SP0601],,,,,,,,,FA with less than 2 double bonds|FA with less than 2 double bonds,Monounsaturated fatty acid|Saturated fatty acid,FA with 18 carbons or less|FA with 18 carbons or less,FA with 16-18 carbons|FA with 16-18 carbons,Long-chain FA|Long-chain FA,Hex3HexNAcNeuAc2Cer(d18:1/16:0),Hex3HexNAcNeuAc2Cer(d18:1/16:0),
GD1(d18:1/18:0),GD1,SP,Hex3HexNAcNeuAc2Cer 36:1;O2,Hex3HexNAcNeuAc2Cer 18:1;O2/18:0,Hex3HexNAcNeuAc2Cer 18:1;O2/18:0,SN_POSITION,1836.97207,C84H148N4O39,36:1;O2,36,1,2,18:1;O2|18:0,18|18,1|0,2|0,18:1;O2,d18:1,18,1,2,LCB,18:00,18,0,0,ESTER,,,,,,,,,,,,,,,,Sphingolipids [SP],Acidic glycosphingolipids [SP06],Gangliosides [SP0601],,,,,,,,,FA with less than 2 double bonds|FA with less than 2 double bonds,Monounsaturated fatty acid|Saturated fatty acid,FA with 18 carbons or less|FA with 18 carbons or less,FA with 16-18 carbons|FA with 16-18 carbons,Long-chain FA|Long-chain FA,Hex3HexNAcNeuAc2Cer(d18:1/18:0),Hex3HexNAcNeuAc2Cer(d18:1/18:0),
GD1(d18:1/20:0),GD1,SP,Hex3HexNAcNeuAc2Cer 38:1;O2,Hex3HexNAcNeuAc2Cer 18:1;O2/20:0,Hex3HexNAcNeuAc2Cer 18:1;O2/20:0,SN_POSITION,1865.00337,C86H152N4O39,38:1;O2,38,1,2,18:1;O2|20:0,18|20,1|0,2|0,18:1;O2,d18:1,18,1,2,LCB,20:00,20,0,0,ESTER,,,,,,,,,,,,,,,,Sphingolipids [SP],Acidic glycosphingolipids [SP06],Gangliosides [SP0601],,,,,,,,,FA with less than 2 double bonds|FA with less than 2 double bonds,Monounsaturated fatty acid|Saturated fatty acid,FA with 18 carbons or less|FA with more than 18 carbons,FA with 16-18 carbons|FA with 19-21 carbons,Long-chain FA|Long-chain FA,Hex3HexNAcNeuAc2Cer(d18:1/20:0),Hex3HexNAcNeuAc2Cer(d18:1/20:0),
GD1(d18:1/22:0),GD1,SP,Hex3HexNAcNeuAc2Cer 40:1;O2,Hex3HexNAcNeuAc2Cer 18:1;O2/22:0,Hex3HexNAcNeuAc2Cer 18:1;O2/22:0,SN_POSITION,1893.03467,C88H156N4O39,40:1;O2,40,1,2,18:1;O2|22:0,18|22,1|0,2|0,18:1;O2,d18:1,18,1,2,LCB,22:00,22,0,0,ESTER,,,,,,,,,,,,,,,,Sphingolipids [SP],Acidic glycosphingolipids [SP06],Gangliosides [SP0601],,,,,,,,,FA with less than 2 double bonds|FA with less than 2 double bonds,Monounsaturated fatty acid|Saturated fatty acid,FA with 18 carbons or less|FA with more than 18 carbons,FA with 16-18 carbons|FA with 22-24 carbons,Long-chain FA|Very long-chain FA,Hex3HexNAcNeuAc2Cer(d18:1/22:0),Hex3HexNAcNeuAc2Cer(d18:1/22:0),
GD1(d18:1/24:0),GD1,SP,Hex3HexNAcNeuAc2Cer 42:1;O2,Hex3HexNAcNeuAc2Cer 18:1;O2/24:0,Hex3HexNAcNeuAc2Cer 18:1;O2/24:0,SN_POSITION,1921.06597,C90H160N4O39,42:1;O2,42,1,2,18:1;O2|24:0,18|24,1|0,2|0,18:1;O2,d18:1,18,1,2,LCB,24:00:00,24,0,0,ESTER,,,,,,,,,,,,,,,,Sphingolipids [SP],Acidic glycosphingolipids [SP06],Gangliosides [SP0601],,,,,,,,,FA with less than 2 double bonds|FA with less than 2 double bonds,Monounsaturated fatty acid|Saturated fatty acid,FA with 18 carbons or less|FA with more than 18 carbons,FA with 16-18 carbons|FA with 22-24 carbons,Long-chain FA|Very long-chain FA,Hex3HexNAcNeuAc2Cer(d18:1/24:0),Hex3HexNAcNeuAc2Cer(d18:1/24:0),
GD1(d18:1/24:1),GD1,SP,Hex3HexNAcNeuAc2Cer 42:2;O2,Hex3HexNAcNeuAc2Cer 18:1;O2/24:1,Hex3HexNAcNeuAc2Cer 18:1;O2/24:1,SN_POSITION,1919.05032,C90H158N4O39,42:2;O2,42,2,2,18:1;O2|24:1,18|24,1|1,2|0,18:1;O2,d18:1,18,1,2,LCB,24:01:00,24,1,0,ESTER,,,,,,,,,,,,,,,,Sphingolipids [SP],Acidic glycosphingolipids [SP06],Gangliosides [SP0601],,,,,,,,,FA with less than 2 double bonds|FA with less than 2 double bonds,Monounsaturated fatty acid|Monounsaturated fatty acid,FA with 18 carbons or less|FA with more than 18 carbons,FA with 16-18 carbons|FA with 22-24 carbons,Long-chain FA|Very long-chain FA,Hex3HexNAcNeuAc2Cer(d18:1/24:1),Hex3HexNAcNeuAc2Cer(d18:1/24:1),
GA2(d18:1/16:0),GA2,SP,Hex2HexNAcCer 34:1;O2,Hex2HexNAcCer 18:1;O2/16:0,Hex2HexNAcCer 18:1;O2/16:0,SN_POSITION,1064.69711,C54H100N2O18,34:1;O2,34,1,2,18:1;O2|16:0,18|16,1|0,2|0,18:1;O2,d18:1,18,1,2,LCB,16:00,16,0,0,ESTER,,,,,,,,,,,,,,,,Sphingolipids [SP],Acidic glycosphingolipids [SP06],Gangliosides [SP0601],,,,,,,,,FA with less than 2 double bonds|FA with less than 2 double bonds,Monounsaturated fatty acid|Saturated fatty acid,FA with 18 carbons or less|FA with 18 carbons or less,FA with 16-18 carbons|FA with 16-18 carbons,Long-chain FA|Long-chain FA,Hex2HexNAcCer(d18:1/16:0),Hex2HexNAcCer(d18:1/16:0),
GA2(d18:1/18:0),GA2,SP,Hex2HexNAcCer 36:1;O2,Hex2HexNAcCer 18:1;O2/18:0,Hex2HexNAcCer 18:1;O2/18:0,SN_POSITION,1092.72841,C56H104N2O18,36:1;O2,36,1,2,18:1;O2|18:0,18|18,1|0,2|0,18:1;O2,d18:1,18,1,2,LCB,18:00,18,0,0,ESTER,,,,,,,,,,,,,,,,Sphingolipids [SP],Acidic glycosphingolipids [SP06],Gangliosides [SP0601],,,,,,,,,FA with less than 2 double bonds|FA with less than 2 double bonds,Monounsaturated fatty acid|Saturated fatty acid,FA with 18 carbons or less|FA with 18 carbons or less,FA with 16-18 carbons|FA with 16-18 carbons,Long-chain FA|Long-chain FA,Hex2HexNAcCer(d18:1/18:0),Hex2HexNAcCer(d18:1/18:0),
GA2(d18:1/20:0),GA2,SP,Hex2HexNAcCer 38:1;O2,Hex2HexNAcCer 18:1;O2/20:0,Hex2HexNAcCer 18:1;O2/20:0,SN_POSITION,1120.75972,C58H108N2O18,38:1;O2,38,1,2,18:1;O2|20:0,18|20,1|0,2|0,18:1;O2,d18:1,18,1,2,LCB,20:00,20,0,0,ESTER,,,,,,,,,,,,,,,,Sphingolipids [SP],Acidic glycosphingolipids [SP06],Gangliosides [SP0601],,,,,,,,,FA with less than 2 double bonds|FA with less than 2 double bonds,Monounsaturated fatty acid|Saturated fatty acid,FA with 18 carbons or less|FA with more than 18 carbons,FA with 16-18 carbons|FA with 19-21 carbons,Long-chain FA|Long-chain FA,Hex2HexNAcCer(d18:1/20:0),Hex2HexNAcCer(d18:1/20:0),
GA2(d18:1/22:0),GA2,SP,Hex2HexNAcCer 40:1;O2,Hex2HexNAcCer 18:1;O2/22:0,Hex2HexNAcCer 18:1;O2/22:0,SN_POSITION,1148.79102,C60H112N2O18,40:1;O2,40,1,2,18:1;O2|22:0,18|22,1|0,2|0,18:1;O2,d18:1,18,1,2,LCB,22:00,22,0,0,ESTER,,,,,,,,,,,,,,,,Sphingolipids [SP],Acidic glycosphingolipids [SP06],Gangliosides [SP0601],,,,,,,,,FA with less than 2 double bonds|FA with less than 2 double bonds,Monounsaturated fatty acid|Saturated fatty acid,FA with 18 carbons or less|FA with more than 18 carbons,FA with 16-18 carbons|FA with 22-24 carbons,Long-chain FA|Very long-chain FA,Hex2HexNAcCer(d18:1/22:0),Hex2HexNAcCer(d18:1/22:0),
GA2(d18:1/24:0),GA2,SP,Hex2HexNAcCer 42:1;O2,Hex2HexNAcCer 18:1;O2/24:0,Hex2HexNAcCer 18:1;O2/24:0,SN_POSITION,1176.82232,C62H116N2O18,42:1;O2,42,1,2,18:1;O2|24:0,18|24,1|0,2|0,18:1;O2,d18:1,18,1,2,LCB,24:00:00,24,0,0,ESTER,,,,,,,,,,,,,,,,Sphingolipids [SP],Acidic glycosphingolipids [SP06],Gangliosides [SP0601],,,,,,,,,FA with less than 2 double bonds|FA with less than 2 double bonds,Monounsaturated fatty acid|Saturated fatty acid,FA with 18 carbons or less|FA with more than 18 carbons,FA with 16-18 carbons|FA with 22-24 carbons,Long-chain FA|Very long-chain FA,Hex2HexNAcCer(d18:1/24:0),Hex2HexNAcCer(d18:1/24:0),
GA2(d18:1/24:1),GA2,SP,Hex2HexNAcCer 42:2;O2,Hex2HexNAcCer 18:1;O2/24:1,Hex2HexNAcCer 18:1;O2/24:1,SN_POSITION,1174.80667,C62H114N2O18,42:2;O2,42,2,2,18:1;O2|24:1,18|24,1|1,2|0,18:1;O2,d18:1,18,1,2,LCB,24:01:00,24,1,0,ESTER,,,,,,,,,,,,,,,,Sphingolipids [SP],Acidic glycosphingolipids [SP06],Gangliosides [SP0601],,,,,,,,,FA with less than 2 double bonds|FA with less than 2 double bonds,Monounsaturated fatty acid|Monounsaturated fatty acid,FA with 18 carbons or less|FA with more than 18 carbons,FA with 16-18 carbons|FA with 22-24 carbons,Long-chain FA|Very long-chain FA,Hex2HexNAcCer(d18:1/24:1),Hex2HexNAcCer(d18:1/24:1),
GA1(d18:1/16:0),GA1,SP,Hex3HexNAcCer 34:1;O2,Hex3HexNAcCer 18:1;O2/16:0,Hex3HexNAcCer 18:1;O2/16:0,SN_POSITION,1226.74994,C60H110N2O23,34:1;O2,34,1,2,18:1;O2|16:0,18|16,1|0,2|0,18:1;O2,d18:1,18,1,2,LCB,16:00,16,0,0,ESTER,,,,,,,,,,,,,,,,Sphingolipids [SP],Acidic glycosphingolipids [SP06],Gangliosides [SP0601],,,,,,,,,FA with less than 2 double bonds|FA with less than 2 double bonds,Monounsaturated fatty acid|Saturated fatty acid,FA with 18 carbons or less|FA with 18 carbons or less,FA with 16-18 carbons|FA with 16-18 carbons,Long-chain FA|Long-chain FA,Hex3HexNAcCer(d18:1/16:0),Hex3HexNAcCer(d18:1/16:0),
GA1(d18:1/18:0),GA1,SP,Hex3HexNAcCer 36:1;O2,Hex3HexNAcCer 18:1;O2/18:0,Hex3HexNAcCer 18:1;O2/18:0,SN_POSITION,1254.78124,C62H114N2O23,36:1;O2,36,1,2,18:1;O2|18:0,18|18,1|0,2|0,18:1;O2,d18:1,18,1,2,LCB,18:00,18,0,0,ESTER,,,,,,,,,,,,,,,,Sphingolipids [SP],Acidic glycosphingolipids [SP06],Gangliosides [SP0601],,,,,,,,,FA with less than 2 double bonds|FA with less than 2 double bonds,Monounsaturated fatty acid|Saturated fatty acid,FA with 18 carbons or less|FA with 18 carbons or less,FA with 16-18 carbons|FA with 16-18 carbons,Long-chain FA|Long-chain FA,Hex3HexNAcCer(d18:1/18:0),Hex3HexNAcCer(d18:1/18:0),
GA1(d18:1/20:0),GA1,SP,Hex3HexNAcCer 38:1;O2,Hex3HexNAcCer 18:1;O2/20:0,Hex3HexNAcCer 18:1;O2/20:0,SN_POSITION,1282.81254,C64H118N2O23,38:1;O2,38,1,2,18:1;O2|20:0,18|20,1|0,2|0,18:1;O2,d18:1,18,1,2,LCB,20:00,20,0,0,ESTER,,,,,,,,,,,,,,,,Sphingolipids [SP],Acidic glycosphingolipids [SP06],Gangliosides [SP0601],,,,,,,,,FA with less than 2 double bonds|FA with less than 2 double bonds,Monounsaturated fatty acid|Saturated fatty acid,FA with 18 carbons or less|FA with more than 18 carbons,FA with 16-18 carbons|FA with 19-21 carbons,Long-chain FA|Long-chain FA,Hex3HexNAcCer(d18:1/20:0),Hex3HexNAcCer(d18:1/20:0),
GA1(d18:1/22:0),GA1,SP,Hex3HexNAcCer 40:1;O2,Hex3HexNAcCer 18:1;O2/22:0,Hex3HexNAcCer 18:1;O2/22:0,SN_POSITION,1310.84384,C66H122N2O23,40:1;O2,40,1,2,18:1;O2|22:0,18|22,1|0,2|0,18:1;O2,d18:1,18,1,2,LCB,22:00,22,0,0,ESTER,,,,,,,,,,,,,,,,Sphingolipids [SP],Acidic glycosphingolipids [SP06],Gangliosides [SP0601],,,,,,,,,FA with less than 2 double bonds|FA with less than 2 double bonds,Monounsaturated fatty acid|Saturated fatty acid,FA with 18 carbons or less|FA with more than 18 carbons,FA with 16-18 carbons|FA with 22-24 carbons,Long-chain FA|Very long-chain FA,Hex3HexNAcCer(d18:1/22:0),Hex3HexNAcCer(d18:1/22:0),
GA1(d18:1/24:0),GA1,SP,Hex3HexNAcCer 42:1;O2,Hex3HexNAcCer 18:1;O2/24:0,Hex3HexNAcCer 18:1;O2/24:0,SN_POSITION,1338.87514,C68H126N2O23,42:1;O2,42,1,2,18:1;O2|24:0,18|24,1|0,2|0,18:1;O2,d18:1,18,1,2,LCB,24:00:00,24,0,0,ESTER,,,,,,,,,,,,,,,,Sphingolipids [SP],Acidic glycosphingolipids [SP06],Gangliosides [SP0601],,,,,,,,,FA with less than 2 double bonds|FA with less than 2 double bonds,Monounsaturated fatty acid|Saturated fatty acid,FA with 18 carbons or less|FA with more than 18 carbons,FA with 16-18 carbons|FA with 22-24 carbons,Long-chain FA|Very long-chain FA,Hex3HexNAcCer(d18:1/24:0),Hex3HexNAcCer(d18:1/24:0),
GA1(d18:1/24:1),GA1,SP,Hex3HexNAcCer 42:2;O2,Hex3HexNAcCer 18:1;O2/24:1,Hex3HexNAcCer 18:1;O2/24:1,SN_POSITION,1336.85949,C68H124N2O23,42:2;O2,42,2,2,18:1;O2|24:1,18|24,1|1,2|0,18:1;O2,d18:1,18,1,2,LCB,24:01:00,24,1,0,ESTER,,,,,,,,,,,,,,,,Sphingolipids [SP],Acidic glycosphingolipids [SP06],Gangliosides [SP0601],,,,,,,,,FA with less than 2 double bonds|FA with less than 2 double bonds,Monounsaturated fatty acid|Monounsaturated fatty acid,FA with 18 carbons or less|FA with more than 18 carbons,FA with 16-18 carbons|FA with 22-24 carbons,Long-chain FA|Very long-chain FA,Hex3HexNAcCer(d18:1/24:1),Hex3HexNAcCer(d18:1/24:1),
SHexCer 18:1;O2/16:0,SHexCer,SP,SHexCer 34:1;O2,SHexCer 18:1;O2/16:0,SHexCer 18:1;O2/16:0,SN_POSITION,779.52173,C40H77NO11S,34:1;O2,34,1,2,18:1;O2|16:0,18|16,1|0,2|0,18:1;O2,d18:1,18,1,2,LCB,16:00,16,0,0,ESTER,,,,,,,,,,,,,,,,Sphingolipids [SP],acidic glycosphingolipids [SP06],sulfoglycosphingolipids (sulfatides) [SP0602],,,,,,,,,FA with less than 2 double bonds|FA with less than 2 double bonds,Monounsaturated fatty acid|Saturated fatty acid,FA with 18 carbons or less|FA with 18 carbons or less,FA with 16-18 carbons|FA with 16-18 carbons,Long-chain FA|Long-chain FA,SHexCer(d18:1/16:0),SHexCer 34:1;O2,
SHexCer 18:1;O2/18:0,SHexCer,SP,SHexCer 36:1;O2,SHexCer 18:1;O2/18:0,SHexCer 18:1;O2/18:0,SN_POSITION,807.55303,C42H81NO11S,36:1;O2,36,1,2,18:1;O2|18:0,18|18,1|0,2|0,18:1;O2,d18:1,18,1,2,LCB,18:00,18,0,0,ESTER,,,,,,,,,,,,,,,,Sphingolipids [SP],acidic glycosphingolipids [SP06],sulfoglycosphingolipids (sulfatides) [SP0602],,,,,,,,,FA with less than 2 double bonds|FA with less than 2 double bonds,Monounsaturated fatty acid|Saturated fatty acid,FA with 18 carbons or less|FA with 18 carbons or less,FA with 16-18 carbons|FA with 16-18 carbons,Long-chain FA|Long-chain FA,SHexCer(d18:1/18:0),SHexCer 36:1;O2,
SHexCer 18:1;O2/20:0,SHexCer,SP,SHexCer 38:1;O2,SHexCer 18:1;O2/20:0,SHexCer 18:1;O2/20:0,SN_POSITION,835.58433,C44H85NO11S,38:1;O2,38,1,2,18:1;O2|20:0,18|20,1|0,2|0,18:1;O2,d18:1,18,1,2,LCB,20:00,20,0,0,ESTER,,,,,,,,,,,,,,,,Sphingolipids [SP],acidic glycosphingolipids [SP06],sulfoglycosphingolipids (sulfatides) [SP0602],,,,,,,,,FA with less than 2 double bonds|FA with less than 2 double bonds,Monounsaturated fatty acid|Saturated fatty acid,FA with 18 carbons or less|FA with more than 18 carbons,FA with 16-18 carbons|FA with 19-21 carbons,Long-chain FA|Long-chain FA,SHexCer(d18:1/20:0),SHexCer 38:1;O2,
SHexCer 18:1;O2/22:0,SHexCer,SP,SHexCer 40:1;O2,SHexCer 18:1;O2/22:0,SHexCer 18:1;O2/22:0,SN_POSITION,863.61563,C46H89NO11S,40:1;O2,40,1,2,18:1;O2|22:0,18|22,1|0,2|0,18:1;O2,d18:1,18,1,2,LCB,22:00,22,0,0,ESTER,,,,,,,,,,,,,,,,Sphingolipids [SP],acidic glycosphingolipids [SP06],sulfoglycosphingolipids (sulfatides) [SP0602],,,,,,,,,FA with less than 2 double bonds|FA with less than 2 double bonds,Monounsaturated fatty acid|Saturated fatty acid,FA with 18 carbons or less|FA with more than 18 carbons,FA with 16-18 carbons|FA with 22-24 carbons,Long-chain FA|Very long-chain FA,SHexCer(d18:1/22:0),SHexCer 40:1;O2,
SHexCer 18:1;O2/24:0,SHexCer,SP,SHexCer 42:1;O2,SHexCer 18:1;O2/24:0,SHexCer 18:1;O2/24:0,SN_POSITION,891.64693,C48H93NO11S,42:1;O2,42,1,2,18:1;O2|24:0,18|24,1|0,2|0,18:1;O2,d18:1,18,1,2,LCB,24:00:00,24,0,0,ESTER,,,,,,,,,,,,,,,,Sphingolipids [SP],acidic glycosphingolipids [SP06],sulfoglycosphingolipids (sulfatides) [SP0602],,,,,,,,,FA with less than 2 double bonds|FA with less than 2 double bonds,Monounsaturated fatty acid|Saturated fatty acid,FA with 18 carbons or less|FA with more than 18 carbons,FA with 16-18 carbons|FA with 22-24 carbons,Long-chain FA|Very long-chain FA,SHexCer(d18:1/24:0),SHexCer 42:1;O2,
SHexCer 18:1;O2/16:0;O,SHexCer,SP,SHexCer 34:1;O3,SHexCer 18:1;O2/16:0;O,SHexCer 18:1;O2/16:0;O,SN_POSITION,795.51665,C40H77NO12S,34:1;O3,34,1,3,18:1;O2|16:0;O,18|16,1|0,2|1,18:1;O2,d18:1,18,1,2,LCB,16:0;O,16,0,1,ESTER,,,,,,,,,,,,,,,,Sphingolipids [SP],acidic glycosphingolipids [SP06],sulfoglycosphingolipids (sulfatides) [SP0602],,,,,,,,,FA with less than 2 double bonds|FA with less than 2 double bonds,Monounsaturated fatty acid|Saturated fatty acid,FA with 18 carbons or less|FA with 18 carbons or less,FA with 16-18 carbons|FA with 16-18 carbons,Long-chain FA|Long-chain FA,SHexCer(d18:1/16:0;O),SHexCer 34:1;O3,
SHexCer 18:1;O2/18:0;O,SHexCer,SP,SHexCer 36:1;O3,SHexCer 18:1;O2/18:0;O,SHexCer 18:1;O2/18:0;O,SN_POSITION,823.54795,C42H81NO12S,36:1;O3,36,1,3,18:1;O2|18:0;O,18|18,1|0,2|1,18:1;O2,d18:1,18,1,2,LCB,18:0;O,18,0,1,ESTER,,,,,,,,,,,,,,,,Sphingolipids [SP],acidic glycosphingolipids [SP06],sulfoglycosphingolipids (sulfatides) [SP0602],,,,,,,,,FA with less than 2 double bonds|FA with less than 2 double bonds,Monounsaturated fatty acid|Saturated fatty acid,FA with 18 carbons or less|FA with 18 carbons or less,FA with 16-18 carbons|FA with 16-18 carbons,Long-chain FA|Long-chain FA,SHexCer(d18:1/18:0;O),SHexCer 36:1;O3,
SHexCer 18:1;O2/20:0;O,SHexCer,SP,SHexCer 38:1;O3,SHexCer 18:1;O2/20:0;O,SHexCer 18:1;O2/20:0;O,SN_POSITION,851.57925,C44H85NO12S,38:1;O3,38,1,3,18:1;O2|20:0;O,18|20,1|0,2|1,18:1;O2,d18:1,18,1,2,LCB,20:0;O,20,0,1,ESTER,,,,,,,,,,,,,,,,Sphingolipids [SP],acidic glycosphingolipids [SP06],sulfoglycosphingolipids (sulfatides) [SP0602],,,,,,,,,FA with less than 2 double bonds|FA with less than 2 double bonds,Monounsaturated fatty acid|Saturated fatty acid,FA with 18 carbons or less|FA with more than 18 carbons,FA with 16-18 carbons|FA with 19-21 carbons,Long-chain FA|Long-chain FA,SHexCer(d18:1/20:0;O),SHexCer 38:1;O3,
SHexCer 18:1;O2/22:0;O,SHexCer,SP,SHexCer 40:1;O3,SHexCer 18:1;O2/22:0;O,SHexCer 18:1;O2/22:0;O,SN_POSITION,879.61055,C46H89NO12S,40:1;O3,40,1,3,18:1;O2|22:0;O,18|22,1|0,2|1,18:1;O2,d18:1,18,1,2,LCB,22:0;O,22,0,1,ESTER,,,,,,,,,,,,,,,,Sphingolipids [SP],acidic glycosphingolipids [SP06],sulfoglycosphingolipids (sulfatides) [SP0602],,,,,,,,,FA with less than 2 double bonds|FA with less than 2 double bonds,Monounsaturated fatty acid|Saturated fatty acid,FA with 18 carbons or less|FA with more than 18 carbons,FA with 16-18 carbons|FA with 22-24 carbons,Long-chain FA|Very long-chain FA,SHexCer(d18:1/22:0;O),SHexCer 40:1;O3,
SHexCer 18:1;O2/24:0;O,SHexCer,SP,SHexCer 42:1;O3,SHexCer 18:1;O2/24:0;O,SHexCer 18:1;O2/24:0;O,SN_POSITION,907.64185,C48H93NO12S,42:1;O3,42,1,3,18:1;O2|24:0;O,18|24,1|0,2|1,18:1;O2,d18:1,18,1,2,LCB,24:0;O,24,0,1,ESTER,,,,,,,,,,,,,,,,Sphingolipids [SP],acidic glycosphingolipids [SP06],sulfoglycosphingolipids (sulfatides) [SP0602],,,,,,,,,FA with less than 2 double bonds|FA with less than 2 double bonds,Monounsaturated fatty acid|Saturated fatty acid,FA with 18 carbons or less|FA with more than 18 carbons,FA with 16-18 carbons|FA with 22-24 carbons,Long-chain FA|Very long-chain FA,SHexCer(d18:1/24:0;O),SHexCer 42:1;O3,
SHexCer 18:0;O2/16:0,SHexCer,SP,SHexCer 34:0;O2,SHexCer 18:0;O2/16:0,SHexCer 18:0;O2/16:0,FULL_STRUCTURE,781.53738,C40H79NO11S,34:0;O2,34,0,2,18:0;O2|16:0,18|16,0|0,2|0,18:0;O2,d18:0,18,0,2,LCB,16:00,16,0,0,ESTER,,,,,,,,,,,,,,,,Sphingolipids [SP],acidic glycosphingolipids [SP06],sulfoglycosphingolipids (sulfatides) [SP0602],,,,,,,,,FA with less than 2 double bonds|FA with less than 2 double bonds,Saturated fatty acid|Saturated fatty acid,FA with 18 carbons or less|FA with 18 carbons or less,FA with 16-18 carbons|FA with 16-18 carbons,Long-chain FA|Long-chain FA,SHexCer(d18:0/16:0),SHexCer 34:0;O2,
SHexCer 18:0;O2/18:0,SHexCer,SP,SHexCer 36:0;O2,SHexCer 18:0;O2/18:0,SHexCer 18:0;O2/18:0,FULL_STRUCTURE,809.56868,C42H83NO11S,36:0;O2,36,0,2,18:0;O2|18:0,18|18,0|0,2|0,18:0;O2,d18:0,18,0,2,LCB,18:00,18,0,0,ESTER,,,,,,,,,,,,,,,,Sphingolipids [SP],acidic glycosphingolipids [SP06],sulfoglycosphingolipids (sulfatides) [SP0602],,,,,,,,,FA with less than 2 double bonds|FA with less than 2 double bonds,Saturated fatty acid|Saturated fatty acid,FA with 18 carbons or less|FA with 18 carbons or less,FA with 16-18 carbons|FA with 16-18 carbons,Long-chain FA|Long-chain FA,SHexCer(d18:0/18:0),SHexCer 36:0;O2,
SHexCer 18:0;O2/20:0,SHexCer,SP,SHexCer 38:0;O2,SHexCer 18:0;O2/20:0,SHexCer 18:0;O2/20:0,FULL_STRUCTURE,837.59998,C44H87NO11S,38:0;O2,38,0,2,18:0;O2|20:0,18|20,0|0,2|0,18:0;O2,d18:0,18,0,2,LCB,20:00,20,0,0,ESTER,,,,,,,,,,,,,,,,Sphingolipids [SP],acidic glycosphingolipids [SP06],sulfoglycosphingolipids (sulfatides) [SP0602],,,,,,,,,FA with less than 2 double bonds|FA with less than 2 double bonds,Saturated fatty acid|Saturated fatty acid,FA with 18 carbons or less|FA with more than 18 carbons,FA with 16-18 carbons|FA with 19-21 carbons,Long-chain FA|Long-chain FA,SHexCer(d18:0/20:0),SHexCer 38:0;O2,
SHexCer 18:0;O2/22:0,SHexCer,SP,SHexCer 40:0;O2,SHexCer 18:0;O2/22:0,SHexCer 18:0;O2/22:0,FULL_STRUCTURE,865.63128,C46H91NO11S,40:0;O2,40,0,2,18:0;O2|22:0,18|22,0|0,2|0,18:0;O2,d18:0,18,0,2,LCB,22:00,22,0,0,ESTER,,,,,,,,,,,,,,,,Sphingolipids [SP],acidic glycosphingolipids [SP06],sulfoglycosphingolipids (sulfatides) [SP0602],,,,,,,,,FA with less than 2 double bonds|FA with less than 2 double bonds,Saturated fatty acid|Saturated fatty acid,FA with 18 carbons or less|FA with more than 18 carbons,FA with 16-18 carbons|FA with 22-24 carbons,Long-chain FA|Very long-chain FA,SHexCer(d18:0/22:0),SHexCer 40:0;O2,
SHexCer 18:0;O2/24:0,SHexCer,SP,SHexCer 42:0;O2,SHexCer 18:0;O2/24:0,SHexCer 18:0;O2/24:0,FULL_STRUCTURE,893.66258,C48H95NO11S,42:0;O2,42,0,2,18:0;O2|24:0,18|24,0|0,2|0,18:0;O2,d18:0,18,0,2,LCB,24:00:00,24,0,0,ESTER,,,,,,,,,,,,,,,,Sphingolipids [SP],acidic glycosphingolipids [SP06],sulfoglycosphingolipids (sulfatides) [SP0602],,,,,,,,,FA with less than 2 double bonds|FA with less than 2 double bonds,Saturated fatty acid|Saturated fatty acid,FA with 18 carbons or less|FA with more than 18 carbons,FA with 16-18 carbons|FA with 22-24 carbons,Long-chain FA|Very long-chain FA,SHexCer(d18:0/24:0),SHexCer 42:0;O2,
SHexCer 18:0;O2/16:0;O,SHexCer,SP,SHexCer 34:0;O3,SHexCer 18:0;O2/16:0;O,SHexCer 18:0;O2/16:0;O,FULL_STRUCTURE,797.5323,C40H79NO12S,34:0;O3,34,0,3,18:0;O2|16:0;O,18|16,0|0,2|1,18:0;O2,d18:0,18,0,2,LCB,16:0;O,16,0,1,ESTER,,,,,,,,,,,,,,,,Sphingolipids [SP],acidic glycosphingolipids [SP06],sulfoglycosphingolipids (sulfatides) [SP0602],,,,,,,,,FA with less than 2 double bonds|FA with less than 2 double bonds,Saturated fatty acid|Saturated fatty acid,FA with 18 carbons or less|FA with 18 carbons or less,FA with 16-18 carbons|FA with 16-18 carbons,Long-chain FA|Long-chain FA,SHexCer(d18:0/16:0;O),SHexCer 34:0;O3,
SHexCer 18:0;O2/18:0;O,SHexCer,SP,SHexCer 36:0;O3,SHexCer 18:0;O2/18:0;O,SHexCer 18:0;O2/18:0;O,FULL_STRUCTURE,825.5636,C42H83NO12S,36:0;O3,36,0,3,18:0;O2|18:0;O,18|18,0|0,2|1,18:0;O2,d18:0,18,0,2,LCB,18:0;O,18,0,1,ESTER,,,,,,,,,,,,,,,,Sphingolipids [SP],acidic glycosphingolipids [SP06],sulfoglycosphingolipids (sulfatides) [SP0602],,,,,,,,,FA with less than 2 double bonds|FA with less than 2 double bonds,Saturated fatty acid|Saturated fatty acid,FA with 18 carbons or less|FA with 18 carbons or less,FA with 16-18 carbons|FA with 16-18 carbons,Long-chain FA|Long-chain FA,SHexCer(d18:0/18:0;O),SHexCer 36:0;O3,
SHexCer 18:0;O2/20:0;O,SHexCer,SP,SHexCer 38:0;O3,SHexCer 18:0;O2/20:0;O,SHexCer 18:0;O2/20:0;O,FULL_STRUCTURE,853.5949,C44H87NO12S,38:0;O3,38,0,3,18:0;O2|20:0;O,18|20,0|0,2|1,18:0;O2,d18:0,18,0,2,LCB,20:0;O,20,0,1,ESTER,,,,,,,,,,,,,,,,Sphingolipids [SP],acidic glycosphingolipids [SP06],sulfoglycosphingolipids (sulfatides) [SP0602],,,,,,,,,FA with less than 2 double bonds|FA with less than 2 double bonds,Saturated fatty acid|Saturated fatty acid,FA with 18 carbons or less|FA with more than 18 carbons,FA with 16-18 carbons|FA with 19-21 carbons,Long-chain FA|Long-chain FA,SHexCer(d18:0/20:0;O),SHexCer 38:0;O3,
SHexCer 18:0;O2/22:0;O,SHexCer,SP,SHexCer 40:0;O3,SHexCer 18:0;O2/22:0;O,SHexCer 18:0;O2/22:0;O,FULL_STRUCTURE,881.6262,C46H91NO12S,40:0;O3,40,0,3,18:0;O2|22:0;O,18|22,0|0,2|1,18:0;O2,d18:0,18,0,2,LCB,22:0;O,22,0,1,ESTER,,,,,,,,,,,,,,,,Sphingolipids [SP],acidic glycosphingolipids [SP06],sulfoglycosphingolipids (sulfatides) [SP0602],,,,,,,,,FA with less than 2 double bonds|FA with less than 2 double bonds,Saturated fatty acid|Saturated fatty acid,FA with 18 carbons or less|FA with more than 18 carbons,FA with 16-18 carbons|FA with 22-24 carbons,Long-chain FA|Very long-chain FA,SHexCer(d18:0/22:0;O),SHexCer 40:0;O3,
SHexCer 18:0;O2/24:0;O,SHexCer,SP,SHexCer 42:0;O3,SHexCer 18:0;O2/24:0;O,SHexCer 18:0;O2/24:0;O,FULL_STRUCTURE,909.6575,C48H95NO12S,42:0;O3,42,0,3,18:0;O2|24:0;O,18|24,0|0,2|1,18:0;O2,d18:0,18,0,2,LCB,24:0;O,24,0,1,ESTER,,,,,,,,,,,,,,,,Sphingolipids [SP],acidic glycosphingolipids [SP06],sulfoglycosphingolipids (sulfatides) [SP0602],,,,,,,,,FA with less than 2 double bonds|FA with less than 2 double bonds,Saturated fatty acid|Saturated fatty acid,FA with 18 carbons or less|FA with more than 18 carbons,FA with 16-18 carbons|FA with 22-24 carbons,Long-chain FA|Very long-chain FA,SHexCer(d18:0/24:0;O),SHexCer 42:0;O3,
PC 30:0,PC,GP,PC 30:0,,,SPECIES,705.53086,C38H76NO8P,30:0,30,0,0,,,,,,,,,,,,,,,,,,,,,,,,,,,,,,,Glycerophospholipids [GP],glycerophosphocholines [GP01],diacylglycerophosphocholines [GP0101],endoplasmic reticulum (ER),membrane component,,headgroup with positive charge / zwitter-ion,average lateral diffusion,low bilayer thickness,neutral intrinsic curvature,high transition temperature,,,,,,PC(30:0),PC(30:0),PC
PC 30:1,PC,GP,PC 30:1,,,SPECIES,703.51521,C38H74NO8P,30:1,30,1,0,,,,,,,,,,,,,,,,,,,,,,,,,,,,,,,Glycerophospholipids [GP],glycerophosphocholines [GP01],diacylglycerophosphocholines [GP0101],endoplasmic reticulum (ER),membrane component,,headgroup with positive charge / zwitter-ion,high lateral diffusion,low bilayer thickness,neutral intrinsic curvature,average transition temperature,,,,,,PC(30:1),PC(30:1),PC
PC 32:0,PC,GP,PC 32:0,,,SPECIES,733.56216,C40H80NO8P,32:0,32,0,0,,,,,,,,,,,,,,,,,,,,,,,,,,,,,,,Glycerophospholipids [GP],glycerophosphocholines [GP01],diacylglycerophosphocholines [GP0101],endoplasmic reticulum (ER),membrane component,,headgroup with positive charge / zwitter-ion,low lateral diffusion,average bilayer thickness,neutral intrinsic curvature,high transition temperature,,,,,,PC(32:0),PC(32:0),PC
PC 32:1,PC,GP,PC 32:1,,,SPECIES,731.54651,C40H78NO8P,32:1,32,1,0,,,,,,,,,,,,,,,,,,,,,,,,,,,,,,,Glycerophospholipids [GP],glycerophosphocholines [GP01],diacylglycerophosphocholines [GP0101],endoplasmic reticulum (ER),membrane component,,headgroup with positive charge / zwitter-ion,average lateral diffusion,low bilayer thickness,neutral intrinsic curvature,average transition temperature,,,,,,PC(32:1),PC(32:1),PC
PC 32:2,PC,GP,PC 32:2,,,SPECIES,729.53086,C40H76NO8P,32:2,32,2,0,,,,,,,,,,,,,,,,,,,,,,,,,,,,,,,Glycerophospholipids [GP],glycerophosphocholines [GP01],diacylglycerophosphocholines [GP0101],endoplasmic reticulum (ER),membrane component,,headgroup with positive charge / zwitter-ion,high lateral diffusion,low bilayer thickness,neutral intrinsic curvature,low transition temperature,,,,,,PC(32:2),PC(32:2),PC
PC 34:0,PC,GP,PC 34:0,,,SPECIES,761.59346,C42H84NO8P,34:0,34,0,0,,,,,,,,,,,,,,,,,,,,,,,,,,,,,,,Glycerophospholipids [GP],glycerophosphocholines [GP01],diacylglycerophosphocholines [GP0101],endoplasmic reticulum (ER),membrane component,,headgroup with positive charge / zwitter-ion,low lateral diffusion,high bilayer thickness,neutral intrinsic curvature,high transition temperature,,,,,,PC(34:0),PC(34:0),PC
PC 34:1,PC,GP,PC 34:1,,,SPECIES,759.57781,C42H82NO8P,34:1,34,1,0,,,,,,,,,,,,,,,,,,,,,,,,,,,,,,,Glycerophospholipids [GP],glycerophosphocholines [GP01],diacylglycerophosphocholines [GP0101],endoplasmic reticulum (ER),membrane component,,headgroup with positive charge / zwitter-ion,average lateral diffusion,average bilayer thickness,neutral intrinsic curvature,average transition temperature,,,,,,PC(34:1),PC(34:1),PC
PC 34:2,PC,GP,PC 34:2,,,SPECIES,757.56216,C42H80NO8P,34:2,34,2,0,,,,,,,,,,,,,,,,,,,,,,,,,,,,,,,Glycerophospholipids [GP],glycerophosphocholines [GP01],diacylglycerophosphocholines [GP0101],endoplasmic reticulum (ER),membrane component,,headgroup with positive charge / zwitter-ion,average lateral diffusion,low bilayer thickness,neutral intrinsic curvature,average transition temperature,,,,,,PC(34:2),PC(34:2),PC
PC 34:3,PC,GP,PC 34:3,,,SPECIES,755.54651,C42H78NO8P,34:3,34,3,0,,,,,,,,,,,,,,,,,,,,,,,,,,,,,,,Glycerophospholipids [GP],glycerophosphocholines [GP01],diacylglycerophosphocholines [GP0101],endoplasmic reticulum (ER),membrane component,,headgroup with positive charge / zwitter-ion,high lateral diffusion,low bilayer thickness,neutral intrinsic curvature,low transition temperature,,,,,,PC(34:3),PC(34:3),PC
PC 34:4,PC,GP,PC 34:4,,,SPECIES,753.53086,C42H76NO8P,34:4,34,4,0,,,,,,,,,,,,,,,,,,,,,,,,,,,,,,,Glycerophospholipids [GP],glycerophosphocholines [GP01],diacylglycerophosphocholines [GP0101],endoplasmic reticulum (ER),membrane component,,headgroup with positive charge / zwitter-ion,very high lateral diffusion,very low bilayer thickness,neutral intrinsic curvature,low transition temperature,,,,,,PC(34:4),PC(34:4),PC
PC 34:5,PC,GP,PC 34:5,,,SPECIES,751.51521,C42H74NO8P,34:5,34,5,0,,,,,,,,,,,,,,,,,,,,,,,,,,,,,,,Glycerophospholipids [GP],glycerophosphocholines [GP01],diacylglycerophosphocholines [GP0101],endoplasmic reticulum (ER),membrane component,,headgroup with positive charge / zwitter-ion,very high lateral diffusion,very low bilayer thickness,neutral intrinsic curvature,very low transition temperature,,,,,,PC(34:5),PC(34:5),PC
PC 34:6,PC,GP,PC 34:6,,,SPECIES,749.49956,C42H72NO8P,34:6,34,6,0,,,,,,,,,,,,,,,,,,,,,,,,,,,,,,,Glycerophospholipids [GP],glycerophosphocholines [GP01],diacylglycerophosphocholines [GP0101],endoplasmic reticulum (ER),membrane component,,headgroup with positive charge / zwitter-ion,very high lateral diffusion,very low bilayer thickness,neutral intrinsic curvature,very low transition temperature,,,,,,PC(34:6),PC(34:6),PC
PC 36:0,PC,GP,PC 36:0,,,SPECIES,789.62476,C44H88NO8P,36:0,36,0,0,,,,,,,,,,,,,,,,,,,,,,,,,,,,,,,Glycerophospholipids [GP],glycerophosphocholines [GP01],diacylglycerophosphocholines [GP0101],endoplasmic reticulum (ER),membrane component,,headgroup with positive charge / zwitter-ion,very low lateral diffusion,high bilayer thickness,neutral intrinsic curvature,high transition temperature,,,,,,PC(36:0),PC(36:0),PC
PC 36:1,PC,GP,PC 36:1,,,SPECIES,787.60911,C44H86NO8P,36:1,36,1,0,,,,,,,,,,,,,,,,,,,,,,,,,,,,,,,Glycerophospholipids [GP],glycerophosphocholines [GP01],diacylglycerophosphocholines [GP0101],endoplasmic reticulum (ER),membrane component,,headgroup with positive charge / zwitter-ion,low lateral diffusion,high bilayer thickness,neutral intrinsic curvature,average transition temperature,,,,,,PC(36:1),PC(36:1),PC
PC 36:2,PC,GP,PC 36:2,,,SPECIES,785.59346,C44H84NO8P,36:2,36,2,0,,,,,,,,,,,,,,,,,,,,,,,,,,,,,,,Glycerophospholipids [GP],glycerophosphocholines [GP01],diacylglycerophosphocholines [GP0101],endoplasmic reticulum (ER),membrane component,,headgroup with positive charge / zwitter-ion,average lateral diffusion,average bilayer thickness,neutral intrinsic curvature,average transition temperature,,,,,,PC(36:2),PC(36:2),PC
PC 36:3,PC,GP,PC 36:3,,,SPECIES,783.57781,C44H82NO8P,36:3,36,3,0,,,,,,,,,,,,,,,,,,,,,,,,,,,,,,,Glycerophospholipids [GP],glycerophosphocholines [GP01],diacylglycerophosphocholines [GP0101],endoplasmic reticulum (ER),membrane component,,headgroup with positive charge / zwitter-ion,high lateral diffusion,average bilayer thickness,neutral intrinsic curvature,low transition temperature,,,,,,PC(36:3),PC(36:3),PC
PC 36:4,PC,GP,PC 36:4,,,SPECIES,781.56216,C44H80NO8P,36:4,36,4,0,,,,,,,,,,,,,,,,,,,,,,,,,,,,,,,Glycerophospholipids [GP],glycerophosphocholines [GP01],diacylglycerophosphocholines [GP0101],endoplasmic reticulum (ER),membrane component,,headgroup with positive charge / zwitter-ion,high lateral diffusion,low bilayer thickness,neutral intrinsic curvature,low transition temperature,,,,,,PC(36:4),PC(36:4),PC
PC 36:5,PC,GP,PC 36:5,,,SPECIES,779.54651,C44H78NO8P,36:5,36,5,0,,,,,,,,,,,,,,,,,,,,,,,,,,,,,,,Glycerophospholipids [GP],glycerophosphocholines [GP01],diacylglycerophosphocholines [GP0101],endoplasmic reticulum (ER),membrane component,,headgroup with positive charge / zwitter-ion,very high lateral diffusion,very low bilayer thickness,neutral intrinsic curvature,very low transition temperature,,,,,,PC(36:5),PC(36:5),PC
PC 36:6,PC,GP,PC 36:6,,,SPECIES,777.53086,C44H76NO8P,36:6,36,6,0,,,,,,,,,,,,,,,,,,,,,,,,,,,,,,,Glycerophospholipids [GP],glycerophosphocholines [GP01],diacylglycerophosphocholines [GP0101],endoplasmic reticulum (ER),membrane component,,headgroup with positive charge / zwitter-ion,very high lateral diffusion,very low bilayer thickness,neutral intrinsic curvature,very low transition temperature,,,,,,PC(36:6),PC(36:6),PC
PC 38:0,PC,GP,PC 38:0,,,SPECIES,817.65606,C46H92NO8P,38:0,38,0,0,,,,,,,,,,,,,,,,,,,,,,,,,,,,,,,Glycerophospholipids [GP],glycerophosphocholines [GP01],diacylglycerophosphocholines [GP0101],endoplasmic reticulum (ER),membrane component,,headgroup with positive charge / zwitter-ion,very low lateral diffusion,very high bilayer thickness,neutral intrinsic curvature,high transition temperature,,,,,,PC(38:0),PC(38:0),PC
PC 38:1,PC,GP,PC 38:1,,,SPECIES,815.64041,C46H90NO8P,38:1,38,1,0,,,,,,,,,,,,,,,,,,,,,,,,,,,,,,,Glycerophospholipids [GP],glycerophosphocholines [GP01],diacylglycerophosphocholines [GP0101],endoplasmic reticulum (ER),membrane component,,headgroup with positive charge / zwitter-ion,low lateral diffusion,very high bilayer thickness,neutral intrinsic curvature,high transition temperature,,,,,,PC(38:1),PC(38:1),PC
PC 38:2,PC,GP,PC 38:2,,,SPECIES,813.62476,C46H88NO8P,38:2,38,2,0,,,,,,,,,,,,,,,,,,,,,,,,,,,,,,,Glycerophospholipids [GP],glycerophosphocholines [GP01],diacylglycerophosphocholines [GP0101],endoplasmic reticulum (ER),membrane component,,headgroup with positive charge / zwitter-ion,low lateral diffusion,high bilayer thickness,neutral intrinsic curvature,average transition temperature,,,,,,PC(38:2),PC(38:2),PC
PC 38:3,PC,GP,PC 38:3,,,SPECIES,811.60911,C46H86NO8P,38:3,38,3,0,,,,,,,,,,,,,,,,,,,,,,,,,,,,,,,Glycerophospholipids [GP],glycerophosphocholines [GP01],diacylglycerophosphocholines [GP0101],endoplasmic reticulum (ER),membrane component,,headgroup with positive charge / zwitter-ion,average lateral diffusion,average bilayer thickness,neutral intrinsic curvature,average transition temperature,,,,,,PC(38:3),PC(38:3),PC
PC 38:4,PC,GP,PC 38:4,,,SPECIES,809.59346,C46H84NO8P,38:4,38,4,0,,,,,,,,,,,,,,,,,,,,,,,,,,,,,,,Glycerophospholipids [GP],glycerophosphocholines [GP01],diacylglycerophosphocholines [GP0101],endoplasmic reticulum (ER),membrane component,,headgroup with positive charge / zwitter-ion,high lateral diffusion,average bilayer thickness,neutral intrinsic curvature,low transition temperature,,,,,,PC(38:4),PC(38:4),PC
PC 38:5,PC,GP,PC 38:5,,,SPECIES,807.57781,C46H82NO8P,38:5,38,5,0,,,,,,,,,,,,,,,,,,,,,,,,,,,,,,,Glycerophospholipids [GP],glycerophosphocholines [GP01],diacylglycerophosphocholines [GP0101],endoplasmic reticulum (ER),membrane component,,headgroup with positive charge / zwitter-ion,high lateral diffusion,low bilayer thickness,neutral intrinsic curvature,low transition temperature,,,,,,PC(38:5),PC(38:5),PC
PC 38:6,PC,GP,PC 38:6,,,SPECIES,805.56216,C46H80NO8P,38:6,38,6,0,,,,,,,,,,,,,,,,,,,,,,,,,,,,,,,Glycerophospholipids [GP],glycerophosphocholines [GP01],diacylglycerophosphocholines [GP0101],endoplasmic reticulum (ER),membrane component,,headgroup with positive charge / zwitter-ion,very high lateral diffusion,very low bilayer thickness,neutral intrinsic curvature,very low transition temperature,,,,,,PC(38:6),PC(38:6),PC
PC 40:0,PC,GP,PC 40:0,,,SPECIES,845.68736,C48H96NO8P,40:0,40,0,0,,,,,,,,,,,,,,,,,,,,,,,,,,,,,,,Glycerophospholipids [GP],glycerophosphocholines [GP01],diacylglycerophosphocholines [GP0101],endoplasmic reticulum (ER),membrane component,,headgroup with positive charge / zwitter-ion,very low lateral diffusion,very high bilayer thickness,neutral intrinsic curvature,high transition temperature,,,,,,PC(40:0),PC(40:0),PC
PC 40:1,PC,GP,PC 40:1,,,SPECIES,843.67171,C48H94NO8P,40:1,40,1,0,,,,,,,,,,,,,,,,,,,,,,,,,,,,,,,Glycerophospholipids [GP],glycerophosphocholines [GP01],diacylglycerophosphocholines [GP0101],endoplasmic reticulum (ER),membrane component,,headgroup with positive charge / zwitter-ion,very low lateral diffusion,very high bilayer thickness,neutral intrinsic curvature,high transition temperature,,,,,,PC(40:1),PC(40:1),PC
PC 40:2,PC,GP,PC 40:2,,,SPECIES,841.65606,C48H92NO8P,40:2,40,2,0,,,,,,,,,,,,,,,,,,,,,,,,,,,,,,,Glycerophospholipids [GP],glycerophosphocholines [GP01],diacylglycerophosphocholines [GP0101],endoplasmic reticulum (ER),membrane component,,headgroup with positive charge / zwitter-ion,low lateral diffusion,very high bilayer thickness,neutral intrinsic curvature,average transition temperature,,,,,,PC(40:2),PC(40:2),PC
PC 40:3,PC,GP,PC 40:3,,,SPECIES,839.64041,C48H90NO8P,40:3,40,3,0,,,,,,,,,,,,,,,,,,,,,,,,,,,,,,,Glycerophospholipids [GP],glycerophosphocholines [GP01],diacylglycerophosphocholines [GP0101],endoplasmic reticulum (ER),membrane component,,headgroup with positive charge / zwitter-ion,low lateral diffusion,high bilayer thickness,neutral intrinsic curvature,average transition temperature,,,,,,PC(40:3),PC(40:3),PC
PC 40:4,PC,GP,PC 40:4,,,SPECIES,837.62476,C48H88NO8P,40:4,40,4,0,,,,,,,,,,,,,,,,,,,,,,,,,,,,,,,Glycerophospholipids [GP],glycerophosphocholines [GP01],diacylglycerophosphocholines [GP0101],endoplasmic reticulum (ER),membrane component,,headgroup with positive charge / zwitter-ion,average lateral diffusion,high bilayer thickness,neutral intrinsic curvature,average transition temperature,,,,,,PC(40:4),PC(40:4),PC
PC 40:5,PC,GP,PC 40:5,,,SPECIES,835.60911,C48H86NO8P,40:5,40,5,0,,,,,,,,,,,,,,,,,,,,,,,,,,,,,,,Glycerophospholipids [GP],glycerophosphocholines [GP01],diacylglycerophosphocholines [GP0101],endoplasmic reticulum (ER),membrane component,,headgroup with positive charge / zwitter-ion,high lateral diffusion,average bilayer thickness,neutral intrinsic curvature,low transition temperature,,,,,,PC(40:5),PC(40:5),PC
PC 40:6,PC,GP,PC 40:6,,,SPECIES,833.59346,C48H84NO8P,40:6,40,6,0,,,,,,,,,,,,,,,,,,,,,,,,,,,,,,,Glycerophospholipids [GP],glycerophosphocholines [GP01],diacylglycerophosphocholines [GP0101],endoplasmic reticulum (ER),membrane component,,headgroup with positive charge / zwitter-ion,high lateral diffusion,low bilayer thickness,neutral intrinsic curvature,low transition temperature,,,,,,PC(40:6),PC(40:6),PC
PC 42:0,PC,GP,PC 42:0,,,SPECIES,873.71866,C50H100NO8P,42:0,42,0,0,,,,,,,,,,,,,,,,,,,,,,,,,,,,,,,Glycerophospholipids [GP],glycerophosphocholines [GP01],diacylglycerophosphocholines [GP0101],endoplasmic reticulum (ER),membrane component,,headgroup with positive charge / zwitter-ion,very low lateral diffusion,very high bilayer thickness,neutral intrinsic curvature,very high transition temperature,,,,,,PC(42:0),PC(42:0),PC
PC 42:1,PC,GP,PC 42:1,,,SPECIES,871.70301,C50H98NO8P,42:1,42,1,0,,,,,,,,,,,,,,,,,,,,,,,,,,,,,,,Glycerophospholipids [GP],glycerophosphocholines [GP01],diacylglycerophosphocholines [GP0101],endoplasmic reticulum (ER),membrane component,,headgroup with positive charge / zwitter-ion,very low lateral diffusion,very high bilayer thickness,neutral intrinsic curvature,high transition temperature,,,,,,PC(42:1),PC(42:1),PC
PC 42:2,PC,GP,PC 42:2,,,SPECIES,869.68736,C50H96NO8P,42:2,42,2,0,,,,,,,,,,,,,,,,,,,,,,,,,,,,,,,Glycerophospholipids [GP],glycerophosphocholines [GP01],diacylglycerophosphocholines [GP0101],endoplasmic reticulum (ER),membrane component,,headgroup with positive charge / zwitter-ion,very low lateral diffusion,very high bilayer thickness,neutral intrinsic curvature,high transition temperature,,,,,,PC(42:2),PC(42:2),PC
PC 42:3,PC,GP,PC 42:3,,,SPECIES,867.67171,C50H94NO8P,42:3,42,3,0,,,,,,,,,,,,,,,,,,,,,,,,,,,,,,,Glycerophospholipids [GP],glycerophosphocholines [GP01],diacylglycerophosphocholines [GP0101],endoplasmic reticulum (ER),membrane component,,headgroup with positive charge / zwitter-ion,low lateral diffusion,very high bilayer thickness,neutral intrinsic curvature,average transition temperature,,,,,,PC(42:3),PC(42:3),PC
PC 42:4,PC,GP,PC 42:4,,,SPECIES,865.65606,C50H92NO8P,42:4,42,4,0,,,,,,,,,,,,,,,,,,,,,,,,,,,,,,,Glycerophospholipids [GP],glycerophosphocholines [GP01],diacylglycerophosphocholines [GP0101],endoplasmic reticulum (ER),membrane component,,headgroup with positive charge / zwitter-ion,average lateral diffusion,high bilayer thickness,neutral intrinsic curvature,average transition temperature,,,,,,PC(42:4),PC(42:4),PC
PC 42:5,PC,GP,PC 42:5,,,SPECIES,863.64041,C50H90NO8P,42:5,42,5,0,,,,,,,,,,,,,,,,,,,,,,,,,,,,,,,Glycerophospholipids [GP],glycerophosphocholines [GP01],diacylglycerophosphocholines [GP0101],endoplasmic reticulum (ER),membrane component,,headgroup with positive charge / zwitter-ion,average lateral diffusion,high bilayer thickness,neutral intrinsic curvature,average transition temperature,,,,,,PC(42:5),PC(42:5),PC
PC 42:6,PC,GP,PC 42:6,,,SPECIES,861.62476,C50H88NO8P,42:6,42,6,0,,,,,,,,,,,,,,,,,,,,,,,,,,,,,,,Glycerophospholipids [GP],glycerophosphocholines [GP01],diacylglycerophosphocholines [GP0101],endoplasmic reticulum (ER),membrane component,,headgroup with positive charge / zwitter-ion,high lateral diffusion,average bilayer thickness,neutral intrinsic curvature,low transition temperature,,,,,,PC(42:6),PC(42:6),PC
PC 44:0,PC,GP,PC 44:0,,,SPECIES,901.74996,C52H104NO8P,44:0,44,0,0,,,,,,,,,,,,,,,,,,,,,,,,,,,,,,,Glycerophospholipids [GP],glycerophosphocholines [GP01],diacylglycerophosphocholines [GP0101],endoplasmic reticulum (ER),membrane component,,headgroup with positive charge / zwitter-ion,very low lateral diffusion,very high bilayer thickness,neutral intrinsic curvature,very high transition temperature,,,,,,PC(44:0),PC(44:0),PC
PC 44:1,PC,GP,PC 44:1,,,SPECIES,899.73431,C52H102NO8P,44:1,44,1,0,,,,,,,,,,,,,,,,,,,,,,,,,,,,,,,Glycerophospholipids [GP],glycerophosphocholines [GP01],diacylglycerophosphocholines [GP0101],endoplasmic reticulum (ER),membrane component,,headgroup with positive charge / zwitter-ion,very low lateral diffusion,very high bilayer thickness,neutral intrinsic curvature,high transition temperature,,,,,,PC(44:1),PC(44:1),PC
PC 44:2,PC,GP,PC 44:2,,,SPECIES,897.71866,C52H100NO8P,44:2,44,2,0,,,,,,,,,,,,,,,,,,,,,,,,,,,,,,,Glycerophospholipids [GP],glycerophosphocholines [GP01],diacylglycerophosphocholines [GP0101],endoplasmic reticulum (ER),membrane component,,headgroup with positive charge / zwitter-ion,very low lateral diffusion,very high bilayer thickness,neutral intrinsic curvature,high transition temperature,,,,,,PC(44:2),PC(44:2),PC
PC 44:3,PC,GP,PC 44:3,,,SPECIES,895.70301,C52H98NO8P,44:3,44,3,0,,,,,,,,,,,,,,,,,,,,,,,,,,,,,,,Glycerophospholipids [GP],glycerophosphocholines [GP01],diacylglycerophosphocholines [GP0101],endoplasmic reticulum (ER),membrane component,,headgroup with positive charge / zwitter-ion,very low lateral diffusion,very high bilayer thickness,neutral intrinsic curvature,high transition temperature,,,,,,PC(44:3),PC(44:3),PC
PC 44:4,PC,GP,PC 44:4,,,SPECIES,893.68736,C52H96NO8P,44:4,44,4,0,,,,,,,,,,,,,,,,,,,,,,,,,,,,,,,Glycerophospholipids [GP],glycerophosphocholines [GP01],diacylglycerophosphocholines [GP0101],endoplasmic reticulum (ER),membrane component,,headgroup with positive charge / zwitter-ion,low lateral diffusion,very high bilayer thickness,neutral intrinsic curvature,average transition temperature,,,,,,PC(44:4),PC(44:4),PC
PC 44:5,PC,GP,PC 44:5,,,SPECIES,891.67171,C52H94NO8P,44:5,44,5,0,,,,,,,,,,,,,,,,,,,,,,,,,,,,,,,Glycerophospholipids [GP],glycerophosphocholines [GP01],diacylglycerophosphocholines [GP0101],endoplasmic reticulum (ER),membrane component,,headgroup with positive charge / zwitter-ion,average lateral diffusion,high bilayer thickness,neutral intrinsic curvature,average transition temperature,,,,,,PC(44:5),PC(44:5),PC
PC 44:6,PC,GP,PC 44:6,,,SPECIES,889.65606,C52H92NO8P,44:6,44,6,0,,,,,,,,,,,,,,,,,,,,,,,,,,,,,,,Glycerophospholipids [GP],glycerophosphocholines [GP01],diacylglycerophosphocholines [GP0101],endoplasmic reticulum (ER),membrane component,,headgroup with positive charge / zwitter-ion,average lateral diffusion,high bilayer thickness,neutral intrinsic curvature,average transition temperature,,,,,,PC(44:6),PC(44:6),PC
PC O-30:0,PC O-,GP,PC O-30:0,,,SPECIES,691.55159,C38H78NO7P,30:0,30,0,0,,,,,,,,,,,,,,,,,,,,,,,,,,,,,,,Glycerophospholipids [GP],glycerophosphocholines [GP01],"1-alkyl,2-acylglycerophosphocholines [GP0102]",endoplasmic reticulum (ER),membrane component,contains ether-bond,headgroup with positive charge / zwitter-ion,,,neutral intrinsic curvature,,,,,,,PC(O-30:0),PC(O-30:0),PC-O
PC O-30:1,PC O-,GP,PC O-30:1,,,SPECIES,689.53594,C38H76NO7P,30:1,30,1,0,,,,,,,,,,,,,,,,,,,,,,,,,,,,,,,Glycerophospholipids [GP],glycerophosphocholines [GP01],"1-alkyl,2-acylglycerophosphocholines [GP0102]",endoplasmic reticulum (ER),membrane component,contains ether-bond,headgroup with positive charge / zwitter-ion,,,neutral intrinsic curvature,,,,,,,PC(O-30:1),PC(O-30:1),PC-O
PC O-32:0,PC O-,GP,PC O-32:0,,,SPECIES,719.58289,C40H82NO7P,32:0,32,0,0,,,,,,,,,,,,,,,,,,,,,,,,,,,,,,,Glycerophospholipids [GP],glycerophosphocholines [GP01],"1-alkyl,2-acylglycerophosphocholines [GP0102]",endoplasmic reticulum (ER),membrane component,contains ether-bond,headgroup with positive charge / zwitter-ion,,,neutral intrinsic curvature,,,,,,,PC(O-32:0),PC(O-32:0),PC-O
PC O-32:1,PC O-,GP,PC O-32:1,,,SPECIES,717.56724,C40H80NO7P,32:1,32,1,0,,,,,,,,,,,,,,,,,,,,,,,,,,,,,,,Glycerophospholipids [GP],glycerophosphocholines [GP01],"1-alkyl,2-acylglycerophosphocholines [GP0102]",endoplasmic reticulum (ER),membrane component,contains ether-bond,headgroup with positive charge / zwitter-ion,,,neutral intrinsic curvature,,,,,,,PC(O-32:1),PC(O-32:1),PC-O
PC O-32:2,PC O-,GP,PC O-32:2,,,SPECIES,715.55159,C40H78NO7P,32:2,32,2,0,,,,,,,,,,,,,,,,,,,,,,,,,,,,,,,Glycerophospholipids [GP],glycerophosphocholines [GP01],"1-alkyl,2-acylglycerophosphocholines [GP0102]",endoplasmic reticulum (ER),membrane component,contains ether-bond,headgroup with positive charge / zwitter-ion,,,neutral intrinsic curvature,,,,,,,PC(O-32:2),PC(O-32:2),PC-O
PC O-34:0,PC O-,GP,PC O-34:0,,,SPECIES,747.61419,C42H86NO7P,34:0,34,0,0,,,,,,,,,,,,,,,,,,,,,,,,,,,,,,,Glycerophospholipids [GP],glycerophosphocholines [GP01],"1-alkyl,2-acylglycerophosphocholines [GP0102]",endoplasmic reticulum (ER),membrane component,contains ether-bond,headgroup with positive charge / zwitter-ion,,,neutral intrinsic curvature,,,,,,,PC(O-34:0),PC(O-34:0),PC-O
PC O-34:1,PC O-,GP,PC O-34:1,,,SPECIES,745.59854,C42H84NO7P,34:1,34,1,0,,,,,,,,,,,,,,,,,,,,,,,,,,,,,,,Glycerophospholipids [GP],glycerophosphocholines [GP01],"1-alkyl,2-acylglycerophosphocholines [GP0102]",endoplasmic reticulum (ER),membrane component,contains ether-bond,headgroup with positive charge / zwitter-ion,,,neutral intrinsic curvature,,,,,,,PC(O-34:1),PC(O-34:1),PC-O
PC O-34:2,PC O-,GP,PC O-34:2,,,SPECIES,743.58289,C42H82NO7P,34:2,34,2,0,,,,,,,,,,,,,,,,,,,,,,,,,,,,,,,Glycerophospholipids [GP],glycerophosphocholines [GP01],"1-alkyl,2-acylglycerophosphocholines [GP0102]",endoplasmic reticulum (ER),membrane component,contains ether-bond,headgroup with positive charge / zwitter-ion,,,neutral intrinsic curvature,,,,,,,PC(O-34:2),PC(O-34:2),PC-O
PC O-34:3,PC O-,GP,PC O-34:3,,,SPECIES,741.56724,C42H80NO7P,34:3,34,3,0,,,,,,,,,,,,,,,,,,,,,,,,,,,,,,,Glycerophospholipids [GP],glycerophosphocholines [GP01],"1-alkyl,2-acylglycerophosphocholines [GP0102]",endoplasmic reticulum (ER),membrane component,contains ether-bond,headgroup with positive charge / zwitter-ion,,,neutral intrinsic curvature,,,,,,,PC(O-34:3),PC(O-34:3),PC-O
PC O-34:4,PC O-,GP,PC O-34:4,,,SPECIES,739.55159,C42H78NO7P,34:4,34,4,0,,,,,,,,,,,,,,,,,,,,,,,,,,,,,,,Glycerophospholipids [GP],glycerophosphocholines [GP01],"1-alkyl,2-acylglycerophosphocholines [GP0102]",endoplasmic reticulum (ER),membrane component,contains ether-bond,headgroup with positive charge / zwitter-ion,,,neutral intrinsic curvature,,,,,,,PC(O-34:4),PC(O-34:4),PC-O
PC O-36:0,PC O-,GP,PC O-36:0,,,SPECIES,775.64549,C44H90NO7P,36:0,36,0,0,,,,,,,,,,,,,,,,,,,,,,,,,,,,,,,Glycerophospholipids [GP],glycerophosphocholines [GP01],"1-alkyl,2-acylglycerophosphocholines [GP0102]",endoplasmic reticulum (ER),membrane component,contains ether-bond,headgroup with positive charge / zwitter-ion,,,neutral intrinsic curvature,,,,,,,PC(O-36:0),PC(O-36:0),PC-O
PC O-36:1,PC O-,GP,PC O-36:1,,,SPECIES,773.62984,C44H88NO7P,36:1,36,1,0,,,,,,,,,,,,,,,,,,,,,,,,,,,,,,,Glycerophospholipids [GP],glycerophosphocholines [GP01],"1-alkyl,2-acylglycerophosphocholines [GP0102]",endoplasmic reticulum (ER),membrane component,contains ether-bond,headgroup with positive charge / zwitter-ion,,,neutral intrinsic curvature,,,,,,,PC(O-36:1),PC(O-36:1),PC-O
PC O-36:2,PC O-,GP,PC O-36:2,,,SPECIES,771.61419,C44H86NO7P,36:2,36,2,0,,,,,,,,,,,,,,,,,,,,,,,,,,,,,,,Glycerophospholipids [GP],glycerophosphocholines [GP01],"1-alkyl,2-acylglycerophosphocholines [GP0102]",endoplasmic reticulum (ER),membrane component,contains ether-bond,headgroup with positive charge / zwitter-ion,,,neutral intrinsic curvature,,,,,,,PC(O-36:2),PC(O-36:2),PC-O
PC O-36:3,PC O-,GP,PC O-36:3,,,SPECIES,769.59854,C44H84NO7P,36:3,36,3,0,,,,,,,,,,,,,,,,,,,,,,,,,,,,,,,Glycerophospholipids [GP],glycerophosphocholines [GP01],"1-alkyl,2-acylglycerophosphocholines [GP0102]",endoplasmic reticulum (ER),membrane component,contains ether-bond,headgroup with positive charge / zwitter-ion,,,neutral intrinsic curvature,,,,,,,PC(O-36:3),PC(O-36:3),PC-O
PC O-36:4,PC O-,GP,PC O-36:4,,,SPECIES,767.58289,C44H82NO7P,36:4,36,4,0,,,,,,,,,,,,,,,,,,,,,,,,,,,,,,,Glycerophospholipids [GP],glycerophosphocholines [GP01],"1-alkyl,2-acylglycerophosphocholines [GP0102]",endoplasmic reticulum (ER),membrane component,contains ether-bond,headgroup with positive charge / zwitter-ion,,,neutral intrinsic curvature,,,,,,,PC(O-36:4),PC(O-36:4),PC-O
PC O-36:5,PC O-,GP,PC O-36:5,,,SPECIES,765.56724,C44H80NO7P,36:5,36,5,0,,,,,,,,,,,,,,,,,,,,,,,,,,,,,,,Glycerophospholipids [GP],glycerophosphocholines [GP01],"1-alkyl,2-acylglycerophosphocholines [GP0102]",endoplasmic reticulum (ER),membrane component,contains ether-bond,headgroup with positive charge / zwitter-ion,,,neutral intrinsic curvature,,,,,,,PC(O-36:5),PC(O-36:5),PC-O
PC O-38:2,PC O-,GP,PC O-38:2,,,SPECIES,799.64549,C46H90NO7P,38:2,38,2,0,,,,,,,,,,,,,,,,,,,,,,,,,,,,,,,Glycerophospholipids [GP],glycerophosphocholines [GP01],"1-alkyl,2-acylglycerophosphocholines [GP0102]",endoplasmic reticulum (ER),membrane component,contains ether-bond,headgroup with positive charge / zwitter-ion,,,neutral intrinsic curvature,,,,,,,PC(O-38:2),PC(O-38:2),PC-O
PC O-38:3,PC O-,GP,PC O-38:3,,,SPECIES,797.62984,C46H88NO7P,38:3,38,3,0,,,,,,,,,,,,,,,,,,,,,,,,,,,,,,,Glycerophospholipids [GP],glycerophosphocholines [GP01],"1-alkyl,2-acylglycerophosphocholines [GP0102]",endoplasmic reticulum (ER),membrane component,contains ether-bond,headgroup with positive charge / zwitter-ion,,,neutral intrinsic curvature,,,,,,,PC(O-38:3),PC(O-38:3),PC-O
PC O-38:4,PC O-,GP,PC O-38:4,,,SPECIES,795.61419,C46H86NO7P,38:4,38,4,0,,,,,,,,,,,,,,,,,,,,,,,,,,,,,,,Glycerophospholipids [GP],glycerophosphocholines [GP01],"1-alkyl,2-acylglycerophosphocholines [GP0102]",endoplasmic reticulum (ER),membrane component,contains ether-bond,headgroup with positive charge / zwitter-ion,,,neutral intrinsic curvature,,,,,,,PC(O-38:4),PC(O-38:4),PC-O
PC O-38:5,PC O-,GP,PC O-38:5,,,SPECIES,793.59854,C46H84NO7P,38:5,38,5,0,,,,,,,,,,,,,,,,,,,,,,,,,,,,,,,Glycerophospholipids [GP],glycerophosphocholines [GP01],"1-alkyl,2-acylglycerophosphocholines [GP0102]",endoplasmic reticulum (ER),membrane component,contains ether-bond,headgroup with positive charge / zwitter-ion,,,neutral intrinsic curvature,,,,,,,PC(O-38:5),PC(O-38:5),PC-O
PC O-38:6,PC O-,GP,PC O-38:6,,,SPECIES,791.58289,C46H82NO7P,38:6,38,6,0,,,,,,,,,,,,,,,,,,,,,,,,,,,,,,,Glycerophospholipids [GP],glycerophosphocholines [GP01],"1-alkyl,2-acylglycerophosphocholines [GP0102]",endoplasmic reticulum (ER),membrane component,contains ether-bond,headgroup with positive charge / zwitter-ion,,,neutral intrinsic curvature,,,,,,,PC(O-38:6),PC(O-38:6),PC-O
PC O-40:2,PC O-,GP,PC O-40:2,,,SPECIES,827.67679,C48H94NO7P,40:2,40,2,0,,,,,,,,,,,,,,,,,,,,,,,,,,,,,,,Glycerophospholipids [GP],glycerophosphocholines [GP01],"1-alkyl,2-acylglycerophosphocholines [GP0102]",endoplasmic reticulum (ER),membrane component,contains ether-bond,headgroup with positive charge / zwitter-ion,,,neutral intrinsic curvature,,,,,,,PC(O-40:2),PC(O-40:2),PC-O
PC O-40:4,PC O-,GP,PC O-40:4,,,SPECIES,823.64549,C48H90NO7P,40:4,40,4,0,,,,,,,,,,,,,,,,,,,,,,,,,,,,,,,Glycerophospholipids [GP],glycerophosphocholines [GP01],"1-alkyl,2-acylglycerophosphocholines [GP0102]",endoplasmic reticulum (ER),membrane component,contains ether-bond,headgroup with positive charge / zwitter-ion,,,neutral intrinsic curvature,,,,,,,PC(O-40:4),PC(O-40:4),PC-O
PC O-40:5,PC O-,GP,PC O-40:5,,,SPECIES,821.62984,C48H88NO7P,40:5,40,5,0,,,,,,,,,,,,,,,,,,,,,,,,,,,,,,,Glycerophospholipids [GP],glycerophosphocholines [GP01],"1-alkyl,2-acylglycerophosphocholines [GP0102]",endoplasmic reticulum (ER),membrane component,contains ether-bond,headgroup with positive charge / zwitter-ion,,,neutral intrinsic curvature,,,,,,,PC(O-40:5),PC(O-40:5),PC-O
PC O-40:6,PC O-,GP,PC O-40:6,,,SPECIES,819.61419,C48H86NO7P,40:6,40,6,0,,,,,,,,,,,,,,,,,,,,,,,,,,,,,,,Glycerophospholipids [GP],glycerophosphocholines [GP01],"1-alkyl,2-acylglycerophosphocholines [GP0102]",endoplasmic reticulum (ER),membrane component,contains ether-bond,headgroup with positive charge / zwitter-ion,,,neutral intrinsic curvature,,,,,,,PC(O-40:6),PC(O-40:6),PC-O
PC O-42:5,PC O-,GP,PC O-42:5,,,SPECIES,849.66114,C50H92NO7P,42:5,42,5,0,,,,,,,,,,,,,,,,,,,,,,,,,,,,,,,Glycerophospholipids [GP],glycerophosphocholines [GP01],"1-alkyl,2-acylglycerophosphocholines [GP0102]",endoplasmic reticulum (ER),membrane component,contains ether-bond,headgroup with positive charge / zwitter-ion,,,neutral intrinsic curvature,,,,,,,PC(O-42:5),PC(O-42:5),PC-O
LPC 16:0,LPC,GP,LPC 16:0,LPC 16:0,,MOLECULAR_SPECIES,495.33249,C24H50NO7P,16:0,16,0,0,16:00,16,0,0,,,,,,,16:00,16,0,0,ESTER,0,0,0,0,ESTER,,,,,,,,,,,Glycerophospholipids [GP],glycerophosphocholines [GP01]|lysoglycerophospholipids,monoacylglycerophosphocholines [GP0105],endoplasmic reticulum (ER),membrane component|lipid-mediated signalling,,headgroup with positive charge / zwitter-ion,,,positive intrinsic curvature,,FA with less than 2 double bonds,Saturated fatty acid,FA with 18 carbons or less,FA with 16-18 carbons,Long-chain FA,PC(16:0/0:0),LPC(16:0),LPC
LPC 16:1,LPC,GP,LPC 16:1,LPC 16:1,,MOLECULAR_SPECIES,493.31684,C24H48NO7P,16:1,16,1,0,16:01,16,1,0,,,,,,,16:01,16,1,0,ESTER,0,0,0,0,ESTER,,,,,,,,,,,Glycerophospholipids [GP],glycerophosphocholines [GP01]|lysoglycerophospholipids,monoacylglycerophosphocholines [GP0105],endoplasmic reticulum (ER),membrane component|lipid-mediated signalling,,headgroup with positive charge / zwitter-ion,,,positive intrinsic curvature,,FA with less than 2 double bonds,Monounsaturated fatty acid,FA with 18 carbons or less,FA with 16-18 carbons,Long-chain FA,PC(16:1/0:0),LPC(16:1),LPC
LPC 18:0,LPC,GP,LPC 18:0,LPC 18:0,,MOLECULAR_SPECIES,523.36379,C26H54NO7P,18:0,18,0,0,18:00,18,0,0,,,,,,,18:00,18,0,0,ESTER,0,0,0,0,ESTER,,,,,,,,,,,Glycerophospholipids [GP],glycerophosphocholines [GP01]|lysoglycerophospholipids,monoacylglycerophosphocholines [GP0105],endoplasmic reticulum (ER),membrane component|lipid-mediated signalling,,headgroup with positive charge / zwitter-ion,,,positive intrinsic curvature,,FA with less than 2 double bonds,Saturated fatty acid,FA with 18 carbons or less,FA with 16-18 carbons,Long-chain FA,PC(18:0/0:0),LPC(18:0),LPC
LPC 18:1,LPC,GP,LPC 18:1,LPC 18:1,,MOLECULAR_SPECIES,521.34814,C26H52NO7P,18:1,18,1,0,18:01,18,1,0,,,,,,,18:01,18,1,0,ESTER,0,0,0,0,ESTER,,,,,,,,,,,Glycerophospholipids [GP],glycerophosphocholines [GP01]|lysoglycerophospholipids,monoacylglycerophosphocholines [GP0105],endoplasmic reticulum (ER),membrane component|lipid-mediated signalling,,headgroup with positive charge / zwitter-ion,,,positive intrinsic curvature,,FA with less than 2 double bonds,Monounsaturated fatty acid,FA with 18 carbons or less,FA with 16-18 carbons,Long-chain FA,PC(18:1/0:0),LPC(18:1),LPC
LPC 18:2,LPC,GP,LPC 18:2,LPC 18:2,,MOLECULAR_SPECIES,519.33249,C26H50NO7P,18:2,18,2,0,18:02,18,2,0,,,,,,,18:02,18,2,0,ESTER,0,0,0,0,ESTER,,,,,,,,,,,Glycerophospholipids [GP],glycerophosphocholines [GP01]|lysoglycerophospholipids,monoacylglycerophosphocholines [GP0105],endoplasmic reticulum (ER),membrane component|lipid-mediated signalling,,headgroup with positive charge / zwitter-ion,,,positive intrinsic curvature,,Polyunsaturated fatty acid,FA with 2 double bonds,FA with 18 carbons or less,FA with 16-18 carbons,Long-chain FA,PC(18:2/0:0),LPC(18:2),LPC
LPC 18:3,LPC,GP,LPC 18:3,LPC 18:3,,MOLECULAR_SPECIES,517.31684,C26H48NO7P,18:3,18,3,0,18:03,18,3,0,,,,,,,18:03,18,3,0,ESTER,0,0,0,0,ESTER,,,,,,,,,,,Glycerophospholipids [GP],glycerophosphocholines [GP01]|lysoglycerophospholipids,monoacylglycerophosphocholines [GP0105],endoplasmic reticulum (ER),membrane component|lipid-mediated signalling,,headgroup with positive charge / zwitter-ion,,,positive intrinsic curvature,,Polyunsaturated fatty acid,FA with more than 2 double bonds,FA with 18 carbons or less,FA with 16-18 carbons,Long-chain FA,PC(18:3/0:0),LPC(18:3),LPC
LPC 20:0,LPC,GP,LPC 20:0,LPC 20:0,,MOLECULAR_SPECIES,551.39509,C28H58NO7P,20:0,20,0,0,20:00,20,0,0,,,,,,,20:00,20,0,0,ESTER,0,0,0,0,ESTER,,,,,,,,,,,Glycerophospholipids [GP],glycerophosphocholines [GP01]|lysoglycerophospholipids,monoacylglycerophosphocholines [GP0105],endoplasmic reticulum (ER),membrane component|lipid-mediated signalling,,headgroup with positive charge / zwitter-ion,,,positive intrinsic curvature,,FA with less than 2 double bonds,Saturated fatty acid,FA with more than 18 carbons,FA with 19-21 carbons,Long-chain FA,PC(20:0/0:0),LPC(20:0),LPC
LPC 20:1,LPC,GP,LPC 20:1,LPC 20:1,,MOLECULAR_SPECIES,549.37944,C28H56NO7P,20:1,20,1,0,20:01,20,1,0,,,,,,,20:01,20,1,0,ESTER,0,0,0,0,ESTER,,,,,,,,,,,Glycerophospholipids [GP],glycerophosphocholines [GP01]|lysoglycerophospholipids,monoacylglycerophosphocholines [GP0105],endoplasmic reticulum (ER),membrane component|lipid-mediated signalling,,headgroup with positive charge / zwitter-ion,,,positive intrinsic curvature,,FA with less than 2 double bonds,Monounsaturated fatty acid,FA with more than 18 carbons,FA with 19-21 carbons,Long-chain FA,PC(20:1/0:0),LPC(20:1),LPC
LPC 20:2,LPC,GP,LPC 20:2,LPC 20:2,,MOLECULAR_SPECIES,547.36379,C28H54NO7P,20:2,20,2,0,20:02,20,2,0,,,,,,,20:02,20,2,0,ESTER,0,0,0,0,ESTER,,,,,,,,,,,Glycerophospholipids [GP],glycerophosphocholines [GP01]|lysoglycerophospholipids,monoacylglycerophosphocholines [GP0105],endoplasmic reticulum (ER),membrane component|lipid-mediated signalling,,headgroup with positive charge / zwitter-ion,,,positive intrinsic curvature,,Polyunsaturated fatty acid,FA with 2 double bonds,FA with more than 18 carbons,FA with 19-21 carbons,Long-chain FA,PC(20:2/0:0),LPC(20:2),LPC
LPC 20:3,LPC,GP,LPC 20:3,LPC 20:3,,MOLECULAR_SPECIES,545.34814,C28H52NO7P,20:3,20,3,0,20:03,20,3,0,,,,,,,20:03,20,3,0,ESTER,0,0,0,0,ESTER,,,,,,,,,,,Glycerophospholipids [GP],glycerophosphocholines [GP01]|lysoglycerophospholipids,monoacylglycerophosphocholines [GP0105],endoplasmic reticulum (ER),membrane component|lipid-mediated signalling,,headgroup with positive charge / zwitter-ion,,,positive intrinsic curvature,,Polyunsaturated fatty acid,FA with more than 2 double bonds,FA with more than 18 carbons,FA with 19-21 carbons,Long-chain FA,PC(20:3/0:0),LPC(20:3),LPC
LPC 20:4,LPC,GP,LPC 20:4,LPC 20:4,,MOLECULAR_SPECIES,543.33249,C28H50NO7P,20:4,20,4,0,20:04,20,4,0,,,,,,,20:04,20,4,0,ESTER,0,0,0,0,ESTER,,,,,,,,,,,Glycerophospholipids [GP],glycerophosphocholines [GP01]|lysoglycerophospholipids,monoacylglycerophosphocholines [GP0105],endoplasmic reticulum (ER),membrane component|lipid-mediated signalling,,headgroup with positive charge / zwitter-ion,,,positive intrinsic curvature,,Polyunsaturated fatty acid,FA with more than 2 double bonds,FA with more than 18 carbons,FA with 19-21 carbons,Long-chain FA,PC(20:4/0:0),LPC(20:4),LPC
LPC 20:5,LPC,GP,LPC 20:5,LPC 20:5,,MOLECULAR_SPECIES,541.31684,C28H48NO7P,20:5,20,5,0,20:05,20,5,0,,,,,,,20:05,20,5,0,ESTER,0,0,0,0,ESTER,,,,,,,,,,,Glycerophospholipids [GP],glycerophosphocholines [GP01]|lysoglycerophospholipids,monoacylglycerophosphocholines [GP0105],endoplasmic reticulum (ER),membrane component|lipid-mediated signalling,,headgroup with positive charge / zwitter-ion,,,positive intrinsic curvature,,Polyunsaturated fatty acid,FA with more than 2 double bonds,FA with more than 18 carbons,FA with 19-21 carbons,Long-chain FA,PC(20:5/0:0),LPC(20:5),LPC
LPC 22:0,LPC,GP,LPC 22:0,LPC 22:0,,MOLECULAR_SPECIES,579.42639,C30H62NO7P,22:0,22,0,0,22:00,22,0,0,,,,,,,0.916666667,22,0,0,ESTER,0,0,0,0,ESTER,,,,,,,,,,,Glycerophospholipids [GP],glycerophosphocholines [GP01]|lysoglycerophospholipids,monoacylglycerophosphocholines [GP0105],endoplasmic reticulum (ER),membrane component|lipid-mediated signalling,,headgroup with positive charge / zwitter-ion,,,positive intrinsic curvature,,FA with less than 2 double bonds,Saturated fatty acid,FA with more than 18 carbons,FA with 22-24 carbons,Very long-chain FA,PC(22:0/0:0),LPC(22:0),LPC
LPC 22:1,LPC,GP,LPC 22:1,LPC 22:1,,MOLECULAR_SPECIES,577.41074,C30H60NO7P,22:1,22,1,0,22:01,22,1,0,,,,,,,0.917361111,22,1,0,ESTER,0,0,0,0,ESTER,,,,,,,,,,,Glycerophospholipids [GP],glycerophosphocholines [GP01]|lysoglycerophospholipids,monoacylglycerophosphocholines [GP0105],endoplasmic reticulum (ER),membrane component|lipid-mediated signalling,,headgroup with positive charge / zwitter-ion,,,positive intrinsic curvature,,FA with less than 2 double bonds,Monounsaturated fatty acid,FA with more than 18 carbons,FA with 22-24 carbons,Very long-chain FA,PC(22:1/0:0),LPC(22:1),LPC
LPC 24:0,LPC,GP,LPC 24:0,LPC 24:0,,MOLECULAR_SPECIES,607.45769,C32H66NO7P,24:0,24,0,0,24:00:00,24,0,0,,,,,,,1,24,0,0,ESTER,0,0,0,0,ESTER,,,,,,,,,,,Glycerophospholipids [GP],,,,,,,,,,,FA with less than 2 double bonds,Saturated fatty acid,FA with more than 18 carbons,FA with 22-24 carbons,Very long-chain FA,PC(24:0/0:0),LPC(24:0),LPC
LPC 24:1,LPC,GP,LPC 24:1,LPC 24:1,,MOLECULAR_SPECIES,605.44204,C32H64NO7P,24:1,24,1,0,24:01:00,24,1,0,,,,,,,1.000694444,24,1,0,ESTER,0,0,0,0,ESTER,,,,,,,,,,,Glycerophospholipids [GP],,,,,,,,,,,FA with less than 2 double bonds,Monounsaturated fatty acid,FA with more than 18 carbons,FA with 22-24 carbons,Very long-chain FA,PC(24:1/0:0),LPC(24:1),LPC
LPC 26:0,LPC,GP,LPC 26:0,LPC 26:0,,MOLECULAR_SPECIES,635.48899,C34H70NO7P,26:0,26,0,0,26:00:00,26,0,0,,,,,,,1.083333333,26,0,0,ESTER,0,0,0,0,ESTER,,,,,,,,,,,Glycerophospholipids [GP],,,,,,,,,,,FA with less than 2 double bonds,Saturated fatty acid,FA with more than 18 carbons,FA with more than 24 carbons,Very long-chain FA,PC(26:0/0:0),LPC(26:0),LPC
LPC 26:1,LPC,GP,LPC 26:1,LPC 26:1,,MOLECULAR_SPECIES,633.47334,C34H68NO7P,26:1,26,1,0,26:01:00,26,1,0,,,,,,,1.084027778,26,1,0,ESTER,0,0,0,0,ESTER,,,,,,,,,,,Glycerophospholipids [GP],,,,,,,,,,,FA with less than 2 double bonds,Monounsaturated fatty acid,FA with more than 18 carbons,FA with more than 24 carbons,Very long-chain FA,PC(26:1/0:0),LPC(26:1),LPC
LPC 28:0,LPC,GP,LPC 28:0,LPC 28:0,,MOLECULAR_SPECIES,663.52029,C36H74NO7P,28:0,28,0,0,28:00:00,28,0,0,,,,,,,1.166666667,28,0,0,ESTER,0,0,0,0,ESTER,,,,,,,,,,,Glycerophospholipids [GP],,,,,,,,,,,FA with less than 2 double bonds,Saturated fatty acid,FA with more than 18 carbons,FA with more than 24 carbons,Very long-chain FA,PC(28:0/0:0),LPC(28:0),LPC
LPC 28:1,LPC,GP,LPC 28:1,LPC 28:1,,MOLECULAR_SPECIES,661.50464,C36H72NO7P,28:1,28,1,0,28:01:00,28,1,0,,,,,,,1.167361111,28,1,0,ESTER,0,0,0,0,ESTER,,,,,,,,,,,Glycerophospholipids [GP],,,,,,,,,,,FA with less than 2 double bonds,Monounsaturated fatty acid,FA with more than 18 carbons,FA with more than 24 carbons,Very long-chain FA,PC(28:1/0:0),LPC(28:1),LPC
PE 30:0,PE,GP,PE 30:0,,,SPECIES,663.48391,C35H70NO8P,30:0,30,0,0,,,,,,,,,,,,,,,,,,,,,,,,,,,,,,,Glycerophospholipids [GP],glycerophosphoethanolamines [GP02],diacylglycerophosphoethanolamines [GP0201],endoplasmic reticulum (ER)|mitochondrion,membrane component,,headgroup with positive charge / zwitter-ion,low lateral diffusion,average bilayer thickness,negative intrinsic curvature,high transition temperature,,,,,,PE(30:0),PE(30:0),PE
PE 30:1,PE,GP,PE 30:1,,,SPECIES,661.46826,C35H68NO8P,30:1,30,1,0,,,,,,,,,,,,,,,,,,,,,,,,,,,,,,,Glycerophospholipids [GP],glycerophosphoethanolamines [GP02],diacylglycerophosphoethanolamines [GP0201],endoplasmic reticulum (ER)|mitochondrion,membrane component,,headgroup with positive charge / zwitter-ion,average lateral diffusion,low bilayer thickness,negative intrinsic curvature,average transition temperature,,,,,,PE(30:1),PE(30:1),PE
PE 32:0,PE,GP,PE 32:0,,,SPECIES,691.51521,C37H74NO8P,32:0,32,0,0,,,,,,,,,,,,,,,,,,,,,,,,,,,,,,,Glycerophospholipids [GP],glycerophosphoethanolamines [GP02],diacylglycerophosphoethanolamines [GP0201],endoplasmic reticulum (ER)|mitochondrion,membrane component,,headgroup with positive charge / zwitter-ion,low lateral diffusion,high bilayer thickness,negative intrinsic curvature,very high transition temperature,,,,,,PE(32:0),PE(32:0),PE
PE 32:1,PE,GP,PE 32:1,,,SPECIES,689.49956,C37H72NO8P,32:1,32,1,0,,,,,,,,,,,,,,,,,,,,,,,,,,,,,,,Glycerophospholipids [GP],glycerophosphoethanolamines [GP02],diacylglycerophosphoethanolamines [GP0201],endoplasmic reticulum (ER)|mitochondrion,membrane component,,headgroup with positive charge / zwitter-ion,low lateral diffusion,average bilayer thickness,negative intrinsic curvature,average transition temperature,,,,,,PE(32:1),PE(32:1),PE
PE 32:2,PE,GP,PE 32:2,,,SPECIES,687.48391,C37H70NO8P,32:2,32,2,0,,,,,,,,,,,,,,,,,,,,,,,,,,,,,,,Glycerophospholipids [GP],glycerophosphoethanolamines [GP02],diacylglycerophosphoethanolamines [GP0201],endoplasmic reticulum (ER)|mitochondrion,membrane component,,headgroup with positive charge / zwitter-ion,average lateral diffusion,low bilayer thickness,negative intrinsic curvature,low transition temperature,,,,,,PE(32:2),PE(32:2),PE
PE 34:0,PE,GP,PE 34:0,,,SPECIES,719.54651,C39H78NO8P,34:0,34,0,0,,,,,,,,,,,,,,,,,,,,,,,,,,,,,,,Glycerophospholipids [GP],glycerophosphoethanolamines [GP02],diacylglycerophosphoethanolamines [GP0201],endoplasmic reticulum (ER)|mitochondrion,membrane component,,headgroup with positive charge / zwitter-ion,very low lateral diffusion,high bilayer thickness,negative intrinsic curvature,very high transition temperature,,,,,,PE(34:0),PE(34:0),PE
PE 34:1,PE,GP,PE 34:1,,,SPECIES,717.53086,C39H76NO8P,34:1,34,1,0,,,,,,,,,,,,,,,,,,,,,,,,,,,,,,,Glycerophospholipids [GP],glycerophosphoethanolamines [GP02],diacylglycerophosphoethanolamines [GP0201],endoplasmic reticulum (ER)|mitochondrion,membrane component,,headgroup with positive charge / zwitter-ion,low lateral diffusion,high bilayer thickness,negative intrinsic curvature,high transition temperature,,,,,,PE(34:1),PE(34:1),PE
PE 34:2,PE,GP,PE 34:2,,,SPECIES,715.51521,C39H74NO8P,34:2,34,2,0,,,,,,,,,,,,,,,,,,,,,,,,,,,,,,,Glycerophospholipids [GP],glycerophosphoethanolamines [GP02],diacylglycerophosphoethanolamines [GP0201],endoplasmic reticulum (ER)|mitochondrion,membrane component,,headgroup with positive charge / zwitter-ion,average lateral diffusion,average bilayer thickness,negative intrinsic curvature,low transition temperature,,,,,,PE(34:2),PE(34:2),PE
PE 34:3,PE,GP,PE 34:3,,,SPECIES,713.49956,C39H72NO8P,34:3,34,3,0,,,,,,,,,,,,,,,,,,,,,,,,,,,,,,,Glycerophospholipids [GP],glycerophosphoethanolamines [GP02],diacylglycerophosphoethanolamines [GP0201],endoplasmic reticulum (ER)|mitochondrion,membrane component,,headgroup with positive charge / zwitter-ion,average lateral diffusion,low bilayer thickness,negative intrinsic curvature,low transition temperature,,,,,,PE(34:3),PE(34:3),PE
PE 34:4,PE,GP,PE 34:4,,,SPECIES,711.48391,C39H70NO8P,34:4,34,4,0,,,,,,,,,,,,,,,,,,,,,,,,,,,,,,,Glycerophospholipids [GP],glycerophosphoethanolamines [GP02],diacylglycerophosphoethanolamines [GP0201],endoplasmic reticulum (ER)|mitochondrion,membrane component,,headgroup with positive charge / zwitter-ion,high lateral diffusion,low bilayer thickness,negative intrinsic curvature,very low transition temperature,,,,,,PE(34:4),PE(34:4),PE
PE 36:0,PE,GP,PE 36:0,,,SPECIES,747.57781,C41H82NO8P,36:0,36,0,0,,,,,,,,,,,,,,,,,,,,,,,,,,,,,,,Glycerophospholipids [GP],glycerophosphoethanolamines [GP02],diacylglycerophosphoethanolamines [GP0201],endoplasmic reticulum (ER)|mitochondrion,membrane component,,headgroup with positive charge / zwitter-ion,very low lateral diffusion,very high bilayer thickness,negative intrinsic curvature,very high transition temperature,,,,,,PE(36:0),PE(36:0),PE
PE 36:1,PE,GP,PE 36:1,,,SPECIES,745.56216,C41H80NO8P,36:1,36,1,0,,,,,,,,,,,,,,,,,,,,,,,,,,,,,,,Glycerophospholipids [GP],glycerophosphoethanolamines [GP02],diacylglycerophosphoethanolamines [GP0201],endoplasmic reticulum (ER)|mitochondrion,membrane component,,headgroup with positive charge / zwitter-ion,low lateral diffusion,high bilayer thickness,negative intrinsic curvature,high transition temperature,,,,,,PE(36:1),PE(36:1),PE
PE 36:2,PE,GP,PE 36:2,,,SPECIES,743.54651,C41H78NO8P,36:2,36,2,0,,,,,,,,,,,,,,,,,,,,,,,,,,,,,,,Glycerophospholipids [GP],glycerophosphoethanolamines [GP02],diacylglycerophosphoethanolamines [GP0201],endoplasmic reticulum (ER)|mitochondrion,membrane component,,headgroup with positive charge / zwitter-ion,low lateral diffusion,high bilayer thickness,negative intrinsic curvature,average transition temperature,,,,,,PE(36:2),PE(36:2),PE
PE 36:3,PE,GP,PE 36:3,,,SPECIES,741.53086,C41H76NO8P,36:3,36,3,0,,,,,,,,,,,,,,,,,,,,,,,,,,,,,,,Glycerophospholipids [GP],glycerophosphoethanolamines [GP02],diacylglycerophosphoethanolamines [GP0201],endoplasmic reticulum (ER)|mitochondrion,membrane component,,headgroup with positive charge / zwitter-ion,average lateral diffusion,average bilayer thickness,negative intrinsic curvature,low transition temperature,,,,,,PE(36:3),PE(36:3),PE
PE 36:4,PE,GP,PE 36:4,,,SPECIES,739.51521,C41H74NO8P,36:4,36,4,0,,,,,,,,,,,,,,,,,,,,,,,,,,,,,,,Glycerophospholipids [GP],glycerophosphoethanolamines [GP02],diacylglycerophosphoethanolamines [GP0201],endoplasmic reticulum (ER)|mitochondrion,membrane component,,headgroup with positive charge / zwitter-ion,high lateral diffusion,low bilayer thickness,negative intrinsic curvature,low transition temperature,,,,,,PE(36:4),PE(36:4),PE
PE 36:5,PE,GP,PE 36:5,,,SPECIES,737.49956,C41H72NO8P,36:5,36,5,0,,,,,,,,,,,,,,,,,,,,,,,,,,,,,,,Glycerophospholipids [GP],glycerophosphoethanolamines [GP02],diacylglycerophosphoethanolamines [GP0201],endoplasmic reticulum (ER)|mitochondrion,membrane component,,headgroup with positive charge / zwitter-ion,high lateral diffusion,low bilayer thickness,negative intrinsic curvature,very low transition temperature,,,,,,PE(36:5),PE(36:5),PE
PE 36:6,PE,GP,PE 36:6,,,SPECIES,735.48391,C41H70NO8P,36:6,36,6,0,,,,,,,,,,,,,,,,,,,,,,,,,,,,,,,Glycerophospholipids [GP],glycerophosphoethanolamines [GP02],diacylglycerophosphoethanolamines [GP0201],endoplasmic reticulum (ER)|mitochondrion,membrane component,,headgroup with positive charge / zwitter-ion,very high lateral diffusion,very low bilayer thickness,negative intrinsic curvature,very low transition temperature,,,,,,PE(36:6),PE(36:6),PE
PE 38:0,PE,GP,PE 38:0,,,SPECIES,775.60911,C43H86NO8P,38:0,38,0,0,,,,,,,,,,,,,,,,,,,,,,,,,,,,,,,Glycerophospholipids [GP],glycerophosphoethanolamines [GP02],diacylglycerophosphoethanolamines [GP0201],endoplasmic reticulum (ER)|mitochondrion,membrane component,,headgroup with positive charge / zwitter-ion,very low lateral diffusion,very high bilayer thickness,negative intrinsic curvature,very high transition temperature,,,,,,PE(38:0),PE(38:0),PE
PE 38:1,PE,GP,PE 38:1,,,SPECIES,773.59346,C43H84NO8P,38:1,38,1,0,,,,,,,,,,,,,,,,,,,,,,,,,,,,,,,Glycerophospholipids [GP],glycerophosphoethanolamines [GP02],diacylglycerophosphoethanolamines [GP0201],endoplasmic reticulum (ER)|mitochondrion,membrane component,,headgroup with positive charge / zwitter-ion,very low lateral diffusion,very high bilayer thickness,negative intrinsic curvature,high transition temperature,,,,,,PE(38:1),PE(38:1),PE
PE 38:2,PE,GP,PE 38:2,,,SPECIES,771.57781,C43H82NO8P,38:2,38,2,0,,,,,,,,,,,,,,,,,,,,,,,,,,,,,,,Glycerophospholipids [GP],glycerophosphoethanolamines [GP02],diacylglycerophosphoethanolamines [GP0201],endoplasmic reticulum (ER)|mitochondrion,membrane component,,headgroup with positive charge / zwitter-ion,low lateral diffusion,high bilayer thickness,negative intrinsic curvature,high transition temperature,,,,,,PE(38:2),PE(38:2),PE
PE 38:3,PE,GP,PE 38:3,,,SPECIES,769.56216,C43H80NO8P,38:3,38,3,0,,,,,,,,,,,,,,,,,,,,,,,,,,,,,,,Glycerophospholipids [GP],glycerophosphoethanolamines [GP02],diacylglycerophosphoethanolamines [GP0201],endoplasmic reticulum (ER)|mitochondrion,membrane component,,headgroup with positive charge / zwitter-ion,low lateral diffusion,high bilayer thickness,negative intrinsic curvature,average transition temperature,,,,,,PE(38:3),PE(38:3),PE
PE 38:4,PE,GP,PE 38:4,,,SPECIES,767.54651,C43H78NO8P,38:4,38,4,0,,,,,,,,,,,,,,,,,,,,,,,,,,,,,,,Glycerophospholipids [GP],glycerophosphoethanolamines [GP02],diacylglycerophosphoethanolamines [GP0201],endoplasmic reticulum (ER)|mitochondrion,membrane component,,headgroup with positive charge / zwitter-ion,average lateral diffusion,average bilayer thickness,negative intrinsic curvature,low transition temperature,,,,,,PE(38:4),PE(38:4),PE
PE 38:5,PE,GP,PE 38:5,,,SPECIES,765.53086,C43H76NO8P,38:5,38,5,0,,,,,,,,,,,,,,,,,,,,,,,,,,,,,,,Glycerophospholipids [GP],glycerophosphoethanolamines [GP02],diacylglycerophosphoethanolamines [GP0201],endoplasmic reticulum (ER)|mitochondrion,membrane component,,headgroup with positive charge / zwitter-ion,high lateral diffusion,average bilayer thickness,negative intrinsic curvature,low transition temperature,,,,,,PE(38:5),PE(38:5),PE
PE 38:6,PE,GP,PE 38:6,,,SPECIES,763.51521,C43H74NO8P,38:6,38,6,0,,,,,,,,,,,,,,,,,,,,,,,,,,,,,,,Glycerophospholipids [GP],glycerophosphoethanolamines [GP02],diacylglycerophosphoethanolamines [GP0201],endoplasmic reticulum (ER)|mitochondrion,membrane component,,headgroup with positive charge / zwitter-ion,high lateral diffusion,low bilayer thickness,negative intrinsic curvature,very low transition temperature,,,,,,PE(38:6),PE(38:6),PE
PE 38:7,PE,GP,PE 38:7,,,SPECIES,761.49956,C43H72NO8P,38:7,38,7,0,,,,,,,,,,,,,,,,,,,,,,,,,,,,,,,Glycerophospholipids [GP],glycerophosphoethanolamines [GP02],diacylglycerophosphoethanolamines [GP0201],endoplasmic reticulum (ER)|mitochondrion,membrane component,,headgroup with positive charge / zwitter-ion,very high lateral diffusion,very low bilayer thickness,negative intrinsic curvature,very low transition temperature,,,,,,PE(38:7),PE(38:7),PE
PE 40:4,PE,GP,PE 40:4,,,SPECIES,795.57781,C45H82NO8P,40:4,40,4,0,,,,,,,,,,,,,,,,,,,,,,,,,,,,,,,,,,,,,,,,,,,,,,,,,
PE 40:5,PE,GP,PE 40:5,,,SPECIES,793.56216,C45H80NO8P,40:5,40,5,0,,,,,,,,,,,,,,,,,,,,,,,,,,,,,,,,,,,,,,,,,,,,,,,,,
PE 40:6,PE,GP,PE 40:6,,,SPECIES,791.54651,C45H78NO8P,40:6,40,6,0,,,,,,,,,,,,,,,,,,,,,,,,,,,,,,,,,,,,,,,,,,,,,,,,,
LPE 16:0,LPE,GP,LPE 16:0,LPE 16:0,,MOLECULAR_SPECIES,453.28554,C21H44NO7P,16:0,16,0,0,16:00,16,0,0,,,,,,,0.666666667,16,0,0,ESTER,0,0,0,0,ESTER,,,,,,,,,,,Glycerophospholipids [GP],glycerophosphoethanolamines [GP02]|lysoglycerophospholipids,monoacylglycerophosphoethanolamines [GP0205],endoplasmic reticulum (ER)|mitochondrion,membrane component|lipid-mediated signalling,,headgroup with positive charge / zwitter-ion,,,positive intrinsic curvature,,FA with less than 2 double bonds,Saturated fatty acid,FA with 18 carbons or less,FA with 16-18 carbons,Long-chain FA,PE(16:0/0:0),LPE(16:0),LPE
LPE 16:1,LPE,GP,LPE 16:1,LPE 16:1,,MOLECULAR_SPECIES,451.26989,C21H42NO7P,16:1,16,1,0,16:01,16,1,0,,,,,,,0.667361111,16,1,0,ESTER,0,0,0,0,ESTER,,,,,,,,,,,Glycerophospholipids [GP],glycerophosphoethanolamines [GP02]|lysoglycerophospholipids,monoacylglycerophosphoethanolamines [GP0205],endoplasmic reticulum (ER)|mitochondrion,membrane component|lipid-mediated signalling,,headgroup with positive charge / zwitter-ion,,,positive intrinsic curvature,,FA with less than 2 double bonds,Monounsaturated fatty acid,FA with 18 carbons or less,FA with 16-18 carbons,Long-chain FA,PE(16:1/0:0),LPE(16:1),LPE
LPE 18:0,LPE,GP,LPE 18:0,LPE 18:0,,MOLECULAR_SPECIES,481.31684,C23H48NO7P,18:0,18,0,0,18:00,18,0,0,,,,,,,0.75,18,0,0,ESTER,0,0,0,0,ESTER,,,,,,,,,,,Glycerophospholipids [GP],glycerophosphoethanolamines [GP02]|lysoglycerophospholipids,monoacylglycerophosphoethanolamines [GP0205],endoplasmic reticulum (ER)|mitochondrion,membrane component|lipid-mediated signalling,,headgroup with positive charge / zwitter-ion,,,positive intrinsic curvature,,FA with less than 2 double bonds,Saturated fatty acid,FA with 18 carbons or less,FA with 16-18 carbons,Long-chain FA,PE(18:0/0:0),LPE(18:0),LPE
LPE 18:1,LPE,GP,LPE 18:1,LPE 18:1,,MOLECULAR_SPECIES,479.30119,C23H46NO7P,18:1,18,1,0,18:01,18,1,0,,,,,,,0.750694444,18,1,0,ESTER,0,0,0,0,ESTER,,,,,,,,,,,Glycerophospholipids [GP],glycerophosphoethanolamines [GP02]|lysoglycerophospholipids,monoacylglycerophosphoethanolamines [GP0205],endoplasmic reticulum (ER)|mitochondrion,membrane component|lipid-mediated signalling,,headgroup with positive charge / zwitter-ion,,,positive intrinsic curvature,,FA with less than 2 double bonds,Monounsaturated fatty acid,FA with 18 carbons or less,FA with 16-18 carbons,Long-chain FA,PE(18:1/0:0),LPE(18:1),LPE
LPE 18:2,LPE,GP,LPE 18:2,LPE 18:2,,MOLECULAR_SPECIES,477.28554,C23H44NO7P,18:2,18,2,0,18:02,18,2,0,,,,,,,0.751388889,18,2,0,ESTER,0,0,0,0,ESTER,,,,,,,,,,,Glycerophospholipids [GP],glycerophosphoethanolamines [GP02]|lysoglycerophospholipids,monoacylglycerophosphoethanolamines [GP0205],endoplasmic reticulum (ER)|mitochondrion,membrane component|lipid-mediated signalling,,headgroup with positive charge / zwitter-ion,,,positive intrinsic curvature,,Polyunsaturated fatty acid,FA with 2 double bonds,FA with 18 carbons or less,FA with 16-18 carbons,Long-chain FA,PE(18:2/0:0),LPE(18:2),LPE
LPE 18:3,LPE,GP,LPE 18:3,LPE 18:3,,MOLECULAR_SPECIES,475.26989,C23H42NO7P,18:3,18,3,0,18:03,18,3,0,,,,,,,0.752083333,18,3,0,ESTER,0,0,0,0,ESTER,,,,,,,,,,,Glycerophospholipids [GP],glycerophosphoethanolamines [GP02]|lysoglycerophospholipids,monoacylglycerophosphoethanolamines [GP0205],endoplasmic reticulum (ER)|mitochondrion,membrane component|lipid-mediated signalling,,headgroup with positive charge / zwitter-ion,,,positive intrinsic curvature,,Polyunsaturated fatty acid,FA with more than 2 double bonds,FA with 18 carbons or less,FA with 16-18 carbons,Long-chain FA,PE(18:3/0:0),LPE(18:3),LPE
LPE 20:0,LPE,GP,LPE 20:0,LPE 20:0,,MOLECULAR_SPECIES,509.34814,C25H52NO7P,20:0,20,0,0,20:00,20,0,0,,,,,,,0.833333333,20,0,0,ESTER,0,0,0,0,ESTER,,,,,,,,,,,Glycerophospholipids [GP],glycerophosphoethanolamines [GP02]|lysoglycerophospholipids,monoacylglycerophosphoethanolamines [GP0205],endoplasmic reticulum (ER)|mitochondrion,membrane component|lipid-mediated signalling,,headgroup with positive charge / zwitter-ion,,,positive intrinsic curvature,,FA with less than 2 double bonds,Saturated fatty acid,FA with more than 18 carbons,FA with 19-21 carbons,Long-chain FA,PE(20:0/0:0),LPE(20:0),LPE
LPE 20:1,LPE,GP,LPE 20:1,LPE 20:1,,MOLECULAR_SPECIES,507.33249,C25H50NO7P,20:1,20,1,0,20:01,20,1,0,,,,,,,0.834027778,20,1,0,ESTER,0,0,0,0,ESTER,,,,,,,,,,,Glycerophospholipids [GP],glycerophosphoethanolamines [GP02]|lysoglycerophospholipids,monoacylglycerophosphoethanolamines [GP0205],endoplasmic reticulum (ER)|mitochondrion,membrane component|lipid-mediated signalling,,headgroup with positive charge / zwitter-ion,,,positive intrinsic curvature,,FA with less than 2 double bonds,Monounsaturated fatty acid,FA with more than 18 carbons,FA with 19-21 carbons,Long-chain FA,PE(20:1/0:0),LPE(20:1),LPE
LPE 20:2,LPE,GP,LPE 20:2,LPE 20:2,,MOLECULAR_SPECIES,505.31684,C25H48NO7P,20:2,20,2,0,20:02,20,2,0,,,,,,,0.834722222,20,2,0,ESTER,0,0,0,0,ESTER,,,,,,,,,,,Glycerophospholipids [GP],glycerophosphoethanolamines [GP02]|lysoglycerophospholipids,monoacylglycerophosphoethanolamines [GP0205],endoplasmic reticulum (ER)|mitochondrion,membrane component|lipid-mediated signalling,,headgroup with positive charge / zwitter-ion,,,positive intrinsic curvature,,Polyunsaturated fatty acid,FA with 2 double bonds,FA with more than 18 carbons,FA with 19-21 carbons,Long-chain FA,PE(20:2/0:0),LPE(20:2),LPE
LPE 20:3,LPE,GP,LPE 20:3,LPE 20:3,,MOLECULAR_SPECIES,503.30119,C25H46NO7P,20:3,20,3,0,20:03,20,3,0,,,,,,,0.835416667,20,3,0,ESTER,0,0,0,0,ESTER,,,,,,,,,,,Glycerophospholipids [GP],glycerophosphoethanolamines [GP02]|lysoglycerophospholipids,monoacylglycerophosphoethanolamines [GP0205],endoplasmic reticulum (ER)|mitochondrion,membrane component|lipid-mediated signalling,,headgroup with positive charge / zwitter-ion,,,positive intrinsic curvature,,Polyunsaturated fatty acid,FA with more than 2 double bonds,FA with more than 18 carbons,FA with 19-21 carbons,Long-chain FA,PE(20:3/0:0),LPE(20:3),LPE
LPE 20:4,LPE,GP,LPE 20:4,LPE 20:4,,MOLECULAR_SPECIES,501.28554,C25H44NO7P,20:4,20,4,0,20:04,20,4,0,,,,,,,0.836111111,20,4,0,ESTER,0,0,0,0,ESTER,,,,,,,,,,,Glycerophospholipids [GP],glycerophosphoethanolamines [GP02]|lysoglycerophospholipids,monoacylglycerophosphoethanolamines [GP0205],endoplasmic reticulum (ER)|mitochondrion,membrane component|lipid-mediated signalling,,headgroup with positive charge / zwitter-ion,,,positive intrinsic curvature,,Polyunsaturated fatty acid,FA with more than 2 double bonds,FA with more than 18 carbons,FA with 19-21 carbons,Long-chain FA,PE(20:4/0:0),LPE(20:4),LPE
LPE 20:5,LPE,GP,LPE 20:5,LPE 20:5,,MOLECULAR_SPECIES,499.26989,C25H42NO7P,20:5,20,5,0,20:05,20,5,0,,,,,,,0.836805556,20,5,0,ESTER,0,0,0,0,ESTER,,,,,,,,,,,Glycerophospholipids [GP],glycerophosphoethanolamines [GP02]|lysoglycerophospholipids,monoacylglycerophosphoethanolamines [GP0205],endoplasmic reticulum (ER)|mitochondrion,membrane component|lipid-mediated signalling,,headgroup with positive charge / zwitter-ion,,,positive intrinsic curvature,,Polyunsaturated fatty acid,FA with more than 2 double bonds,FA with more than 18 carbons,FA with 19-21 carbons,Long-chain FA,PE(20:5/0:0),LPE(20:5),LPE
LPE 22:0,LPE,GP,LPE 22:0,LPE 22:0,,MOLECULAR_SPECIES,537.37944,C27H56NO7P,22:0,22,0,0,22:00,22,0,0,,,,,,,0.916666667,22,0,0,ESTER,0,0,0,0,ESTER,,,,,,,,,,,Glycerophospholipids [GP],glycerophosphoethanolamines [GP02]|lysoglycerophospholipids,monoacylglycerophosphoethanolamines [GP0205],endoplasmic reticulum (ER)|mitochondrion,membrane component|lipid-mediated signalling,,headgroup with positive charge / zwitter-ion,,,positive intrinsic curvature,,FA with less than 2 double bonds,Saturated fatty acid,FA with more than 18 carbons,FA with 22-24 carbons,Very long-chain FA,PE(22:0/0:0),LPE(22:0),LPE
LPE 22:1,LPE,GP,LPE 22:1,LPE 22:1,,MOLECULAR_SPECIES,535.36379,C27H54NO7P,22:1,22,1,0,22:01,22,1,0,,,,,,,0.917361111,22,1,0,ESTER,0,0,0,0,ESTER,,,,,,,,,,,Glycerophospholipids [GP],glycerophosphoethanolamines [GP02]|lysoglycerophospholipids,monoacylglycerophosphoethanolamines [GP0205],endoplasmic reticulum (ER)|mitochondrion,membrane component|lipid-mediated signalling,,headgroup with positive charge / zwitter-ion,,,positive intrinsic curvature,,FA with less than 2 double bonds,Monounsaturated fatty acid,FA with more than 18 carbons,FA with 22-24 carbons,Very long-chain FA,PE(22:1/0:0),LPE(22:1),LPE
LPE 24:0,LPE,GP,LPE 24:0,LPE 24:0,,MOLECULAR_SPECIES,565.41074,C29H60NO7P,24:0,24,0,0,24:00:00,24,0,0,,,,,,,1,24,0,0,ESTER,0,0,0,0,ESTER,,,,,,,,,,,Glycerophospholipids [GP],,,,,,,,,,,FA with less than 2 double bonds,Saturated fatty acid,FA with more than 18 carbons,FA with 22-24 carbons,Very long-chain FA,PE(24:0/0:0),LPE(24:0),LPE
LPE 24:1,LPE,GP,LPE 24:1,LPE 24:1,,MOLECULAR_SPECIES,563.39509,C29H58NO7P,24:1,24,1,0,24:01:00,24,1,0,,,,,,,1.000694444,24,1,0,ESTER,0,0,0,0,ESTER,,,,,,,,,,,Glycerophospholipids [GP],,,,,,,,,,,FA with less than 2 double bonds,Monounsaturated fatty acid,FA with more than 18 carbons,FA with 22-24 carbons,Very long-chain FA,PE(24:1/0:0),LPE(24:1),LPE
PE O-30:0,PE O-,GP,PE O-30:0,,,SPECIES,649.50464,C35H72NO7P,30:0,30,0,0,,,,,,,,,,,,,,,,,,,,,,,,,,,,,,,Glycerophospholipids [GP],,,,,,,,,,,,,,,,PE(O-30:0),PE(O-30:0),PE-O
PE O-30:1,PE O-,GP,PE O-30:1,,,SPECIES,647.48899,C35H70NO7P,30:1,30,1,0,,,,,,,,,,,,,,,,,,,,,,,,,,,,,,,Glycerophospholipids [GP],,,,,,,,,,,,,,,,PE(O-30:1),PE(O-30:1),PE-O
PE O-32:0,PE O-,GP,PE O-32:0,,,SPECIES,677.53594,C37H76NO7P,32:0,32,0,0,,,,,,,,,,,,,,,,,,,,,,,,,,,,,,,Glycerophospholipids [GP],glycerophosphoethanolamines [GP02],"1-alkyl,2-acylglycerophosphoethanolamines [GP0202]",endoplasmic reticulum (ER)|mitochondrion,membrane component,contains ether-bond,headgroup with positive charge / zwitter-ion,,,negative intrinsic curvature,,,,,,,PE(O-32:0),PE(O-32:0),PE-O
PE O-32:1,PE O-,GP,PE O-32:1,,,SPECIES,675.52029,C37H74NO7P,32:1,32,1,0,,,,,,,,,,,,,,,,,,,,,,,,,,,,,,,Glycerophospholipids [GP],glycerophosphoethanolamines [GP02],"1-alkyl,2-acylglycerophosphoethanolamines [GP0202]",endoplasmic reticulum (ER)|mitochondrion,membrane component,contains ether-bond,headgroup with positive charge / zwitter-ion,,,negative intrinsic curvature,,,,,,,PE(O-32:1),PE(O-32:1),PE-O
PE O-32:2,PE O-,GP,PE O-32:2,,,SPECIES,673.50464,C37H72NO7P,32:2,32,2,0,,,,,,,,,,,,,,,,,,,,,,,,,,,,,,,Glycerophospholipids [GP],glycerophosphoethanolamines [GP02],"1-alkyl,2-acylglycerophosphoethanolamines [GP0202]",endoplasmic reticulum (ER)|mitochondrion,membrane component,contains ether-bond,headgroup with positive charge / zwitter-ion,,,negative intrinsic curvature,,,,,,,PE(O-32:2),PE(O-32:2),PE-O
PE O-34:0,PE O-,GP,PE O-34:0,,,SPECIES,705.56724,C39H80NO7P,34:0,34,0,0,,,,,,,,,,,,,,,,,,,,,,,,,,,,,,,Glycerophospholipids [GP],glycerophosphoethanolamines [GP02],"1-alkyl,2-acylglycerophosphoethanolamines [GP0202]",endoplasmic reticulum (ER)|mitochondrion,membrane component,contains ether-bond,headgroup with positive charge / zwitter-ion,,,negative intrinsic curvature,,,,,,,PE(O-34:0),PE(O-34:0),PE-O
PE O-34:1,PE O-,GP,PE O-34:1,,,SPECIES,703.55159,C39H78NO7P,34:1,34,1,0,,,,,,,,,,,,,,,,,,,,,,,,,,,,,,,Glycerophospholipids [GP],glycerophosphoethanolamines [GP02],"1-alkyl,2-acylglycerophosphoethanolamines [GP0202]",endoplasmic reticulum (ER)|mitochondrion,membrane component,contains ether-bond,headgroup with positive charge / zwitter-ion,,,negative intrinsic curvature,,,,,,,PE(O-34:1),PE(O-34:1),PE-O
PE O-34:2,PE O-,GP,PE O-34:2,,,SPECIES,701.53594,C39H76NO7P,34:2,34,2,0,,,,,,,,,,,,,,,,,,,,,,,,,,,,,,,Glycerophospholipids [GP],glycerophosphoethanolamines [GP02],"1-alkyl,2-acylglycerophosphoethanolamines [GP0202]",endoplasmic reticulum (ER)|mitochondrion,membrane component,contains ether-bond,headgroup with positive charge / zwitter-ion,,,negative intrinsic curvature,,,,,,,PE(O-34:2),PE(O-34:2),PE-O
PE O-34:3,PE O-,GP,PE O-34:3,,,SPECIES,699.52029,C39H74NO7P,34:3,34,3,0,,,,,,,,,,,,,,,,,,,,,,,,,,,,,,,Glycerophospholipids [GP],glycerophosphoethanolamines [GP02],"1-alkyl,2-acylglycerophosphoethanolamines [GP0202]",endoplasmic reticulum (ER)|mitochondrion,membrane component,contains ether-bond,headgroup with positive charge / zwitter-ion,,,negative intrinsic curvature,,,,,,,PE(O-34:3),PE(O-34:3),PE-O
PE O-34:4,PE O-,GP,PE O-34:4,,,SPECIES,697.50464,C39H72NO7P,34:4,34,4,0,,,,,,,,,,,,,,,,,,,,,,,,,,,,,,,Glycerophospholipids [GP],glycerophosphoethanolamines [GP02],"1-alkyl,2-acylglycerophosphoethanolamines [GP0202]",endoplasmic reticulum (ER)|mitochondrion,membrane component,contains ether-bond,headgroup with positive charge / zwitter-ion,,,negative intrinsic curvature,,,,,,,PE(O-34:4),PE(O-34:4),PE-O
PE O-36:0,PE O-,GP,PE O-36:0,,,SPECIES,733.59854,C41H84NO7P,36:0,36,0,0,,,,,,,,,,,,,,,,,,,,,,,,,,,,,,,Glycerophospholipids [GP],glycerophosphoethanolamines [GP02],"1-alkyl,2-acylglycerophosphoethanolamines [GP0202]",endoplasmic reticulum (ER)|mitochondrion,membrane component,contains ether-bond,headgroup with positive charge / zwitter-ion,,,negative intrinsic curvature,,,,,,,PE(O-36:0),PE(O-36:0),PE-O
PE O-36:1,PE O-,GP,PE O-36:1,,,SPECIES,731.58289,C41H82NO7P,36:1,36,1,0,,,,,,,,,,,,,,,,,,,,,,,,,,,,,,,Glycerophospholipids [GP],glycerophosphoethanolamines [GP02],"1-alkyl,2-acylglycerophosphoethanolamines [GP0202]",endoplasmic reticulum (ER)|mitochondrion,membrane component,contains ether-bond,headgroup with positive charge / zwitter-ion,,,negative intrinsic curvature,,,,,,,PE(O-36:1),PE(O-36:1),PE-O
PE O-36:2,PE O-,GP,PE O-36:2,,,SPECIES,729.56724,C41H80NO7P,36:2,36,2,0,,,,,,,,,,,,,,,,,,,,,,,,,,,,,,,Glycerophospholipids [GP],glycerophosphoethanolamines [GP02],"1-alkyl,2-acylglycerophosphoethanolamines [GP0202]",endoplasmic reticulum (ER)|mitochondrion,membrane component,contains ether-bond,headgroup with positive charge / zwitter-ion,,,negative intrinsic curvature,,,,,,,PE(O-36:2),PE(O-36:2),PE-O
PE O-36:3,PE O-,GP,PE O-36:3,,,SPECIES,727.55159,C41H78NO7P,36:3,36,3,0,,,,,,,,,,,,,,,,,,,,,,,,,,,,,,,Glycerophospholipids [GP],glycerophosphoethanolamines [GP02],"1-alkyl,2-acylglycerophosphoethanolamines [GP0202]",endoplasmic reticulum (ER)|mitochondrion,membrane component,contains ether-bond,headgroup with positive charge / zwitter-ion,,,negative intrinsic curvature,,,,,,,PE(O-36:3),PE(O-36:3),PE-O
PE O-36:4,PE O-,GP,PE O-36:4,,,SPECIES,725.53594,C41H76NO7P,36:4,36,4,0,,,,,,,,,,,,,,,,,,,,,,,,,,,,,,,Glycerophospholipids [GP],glycerophosphoethanolamines [GP02],"1-alkyl,2-acylglycerophosphoethanolamines [GP0202]",endoplasmic reticulum (ER)|mitochondrion,membrane component,contains ether-bond,headgroup with positive charge / zwitter-ion,,,negative intrinsic curvature,,,,,,,PE(O-36:4),PE(O-36:4),PE-O
PE O-36:5,PE O-,GP,PE O-36:5,,,SPECIES,723.52029,C41H74NO7P,36:5,36,5,0,,,,,,,,,,,,,,,,,,,,,,,,,,,,,,,Glycerophospholipids [GP],glycerophosphoethanolamines [GP02],"1-alkyl,2-acylglycerophosphoethanolamines [GP0202]",endoplasmic reticulum (ER)|mitochondrion,membrane component,contains ether-bond,headgroup with positive charge / zwitter-ion,,,negative intrinsic curvature,,,,,,,PE(O-36:5),PE(O-36:5),PE-O
PE O-38:2,PE O-,GP,PE O-38:2,,,SPECIES,757.59854,C43H84NO7P,38:2,38,2,0,,,,,,,,,,,,,,,,,,,,,,,,,,,,,,,Glycerophospholipids [GP],glycerophosphoethanolamines [GP02],"1-alkyl,2-acylglycerophosphoethanolamines [GP0202]",endoplasmic reticulum (ER)|mitochondrion,membrane component,contains ether-bond,headgroup with positive charge / zwitter-ion,,,negative intrinsic curvature,,,,,,,PE(O-38:2),PE(O-38:2),PE-O
PE O-38:3,PE O-,GP,PE O-38:3,,,SPECIES,755.58289,C43H82NO7P,38:3,38,3,0,,,,,,,,,,,,,,,,,,,,,,,,,,,,,,,Glycerophospholipids [GP],glycerophosphoethanolamines [GP02],"1-alkyl,2-acylglycerophosphoethanolamines [GP0202]",endoplasmic reticulum (ER)|mitochondrion,membrane component,contains ether-bond,headgroup with positive charge / zwitter-ion,,,negative intrinsic curvature,,,,,,,PE(O-38:3),PE(O-38:3),PE-O
PE O-38:4,PE O-,GP,PE O-38:4,,,SPECIES,753.56724,C43H80NO7P,38:4,38,4,0,,,,,,,,,,,,,,,,,,,,,,,,,,,,,,,Glycerophospholipids [GP],glycerophosphoethanolamines [GP02],"1-alkyl,2-acylglycerophosphoethanolamines [GP0202]",endoplasmic reticulum (ER)|mitochondrion,membrane component,contains ether-bond,headgroup with positive charge / zwitter-ion,,,negative intrinsic curvature,,,,,,,PE(O-38:4),PE(O-38:4),PE-O
PE O-38:5,PE O-,GP,PE O-38:5,,,SPECIES,751.55159,C43H78NO7P,38:5,38,5,0,,,,,,,,,,,,,,,,,,,,,,,,,,,,,,,Glycerophospholipids [GP],glycerophosphoethanolamines [GP02],"1-alkyl,2-acylglycerophosphoethanolamines [GP0202]",endoplasmic reticulum (ER)|mitochondrion,membrane component,contains ether-bond,headgroup with positive charge / zwitter-ion,,,negative intrinsic curvature,,,,,,,PE(O-38:5),PE(O-38:5),PE-O
PE O-38:6,PE O-,GP,PE O-38:6,,,SPECIES,749.53594,C43H76NO7P,38:6,38,6,0,,,,,,,,,,,,,,,,,,,,,,,,,,,,,,,Glycerophospholipids [GP],glycerophosphoethanolamines [GP02],"1-alkyl,2-acylglycerophosphoethanolamines [GP0202]",endoplasmic reticulum (ER)|mitochondrion,membrane component,contains ether-bond,headgroup with positive charge / zwitter-ion,,,negative intrinsic curvature,,,,,,,PE(O-38:6),PE(O-38:6),PE-O
PE O-40:2,PE O-,GP,PE O-40:2,,,SPECIES,785.62984,C45H88NO7P,40:2,40,2,0,,,,,,,,,,,,,,,,,,,,,,,,,,,,,,,Glycerophospholipids [GP],glycerophosphoethanolamines [GP02],"1-alkyl,2-acylglycerophosphoethanolamines [GP0202]",endoplasmic reticulum (ER)|mitochondrion,membrane component,contains ether-bond,headgroup with positive charge / zwitter-ion,,,negative intrinsic curvature,,,,,,,PE(O-40:2),PE(O-40:2),PE-O
PE O-40:4,PE O-,GP,PE O-40:4,,,SPECIES,781.59854,C45H84NO7P,40:4,40,4,0,,,,,,,,,,,,,,,,,,,,,,,,,,,,,,,Glycerophospholipids [GP],glycerophosphoethanolamines [GP02],"1-alkyl,2-acylglycerophosphoethanolamines [GP0202]",endoplasmic reticulum (ER)|mitochondrion,membrane component,contains ether-bond,headgroup with positive charge / zwitter-ion,,,negative intrinsic curvature,,,,,,,PE(O-40:4),PE(O-40:4),PE-O
PE O-40:5,PE O-,GP,PE O-40:5,,,SPECIES,779.58289,C45H82NO7P,40:5,40,5,0,,,,,,,,,,,,,,,,,,,,,,,,,,,,,,,Glycerophospholipids [GP],glycerophosphoethanolamines [GP02],"1-alkyl,2-acylglycerophosphoethanolamines [GP0202]",endoplasmic reticulum (ER)|mitochondrion,membrane component,contains ether-bond,headgroup with positive charge / zwitter-ion,,,negative intrinsic curvature,,,,,,,PE(O-40:5),PE(O-40:5),PE-O
PE O-40:6,PE O-,GP,PE O-40:6,,,SPECIES,777.56724,C45H80NO7P,40:6,40,6,0,,,,,,,,,,,,,,,,,,,,,,,,,,,,,,,Glycerophospholipids [GP],glycerophosphoethanolamines [GP02],"1-alkyl,2-acylglycerophosphoethanolamines [GP0202]",endoplasmic reticulum (ER)|mitochondrion,membrane component,contains ether-bond,headgroup with positive charge / zwitter-ion,,,negative intrinsic curvature,,,,,,,PE(O-40:6),PE(O-40:6),PE-O
PE O-42:5,PE O-,GP,PE O-42:5,,,SPECIES,807.61419,C47H86NO7P,42:5,42,5,0,,,,,,,,,,,,,,,,,,,,,,,,,,,,,,,Glycerophospholipids [GP],glycerophosphoethanolamines [GP02],"1-alkyl,2-acylglycerophosphoethanolamines [GP0202]",endoplasmic reticulum (ER)|mitochondrion,membrane component,contains ether-bond,headgroup with positive charge / zwitter-ion,,,negative intrinsic curvature,,,,,,,PE(O-42:5),PE(O-42:5),PE-O
LPE O-16:0,LPE O-,GP,LPE O-16:0,LPE O-16:0,,MOLECULAR_SPECIES,439.30628,C21H46NO6P,16:0,16,0,0,16:00,16,0,0,,,,,,,16:00,16,0,0,ETHER_PLASMANYL,0,0,0,0,ESTER,,,,,,,,,,,Glycerophospholipids [GP],glycerophosphoethanolamines [GP02],,,,,,,,,,FA with less than 2 double bonds,Saturated fatty acid,FA with 18 carbons or less,FA with 16-18 carbons,Long-chain FA,PE(O-16:0/0:0),LPE(O-16:0),LPE-O
LPE O-16:1,LPE O-,GP,LPE O-16:1,LPE O-16:1,,MOLECULAR_SPECIES,437.29063,C21H44NO6P,16:1,16,1,0,16:01,16,1,0,,,,,,,16:01,16,1,0,ETHER_PLASMANYL,0,0,0,0,ESTER,,,,,,,,,,,Glycerophospholipids [GP],glycerophosphoethanolamines [GP02],,,,,,,,,,FA with less than 2 double bonds,Monounsaturated fatty acid,FA with 18 carbons or less,FA with 16-18 carbons,Long-chain FA,PE(O-16:1/0:0),LPE(O-16:1),LPE-O
LPE O-18:0,LPE O-,GP,LPE O-18:0,LPE O-18:0,,MOLECULAR_SPECIES,467.33758,C23H50NO6P,18:0,18,0,0,18:00,18,0,0,,,,,,,18:00,18,0,0,ETHER_PLASMANYL,0,0,0,0,ESTER,,,,,,,,,,,Glycerophospholipids [GP],glycerophosphoethanolamines [GP02],,,,,,,,,,FA with less than 2 double bonds,Saturated fatty acid,FA with 18 carbons or less,FA with 16-18 carbons,Long-chain FA,PE(O-18:0/0:0),LPE(O-18:0),LPE-O
LPE O-18:1,LPE O-,GP,LPE O-18:1,LPE O-18:1,,MOLECULAR_SPECIES,465.32193,C23H48NO6P,18:1,18,1,0,18:01,18,1,0,,,,,,,18:01,18,1,0,ETHER_PLASMANYL,0,0,0,0,ESTER,,,,,,,,,,,Glycerophospholipids [GP],glycerophosphoethanolamines [GP02],,,,,,,,,,FA with less than 2 double bonds,Monounsaturated fatty acid,FA with 18 carbons or less,FA with 16-18 carbons,Long-chain FA,PE(O-18:1/0:0),LPE(O-18:1),LPE-O
LPE O-18:2,LPE O-,GP,LPE O-18:2,LPE O-18:2,,MOLECULAR_SPECIES,463.30628,C23H46NO6P,18:2,18,2,0,18:02,18,2,0,,,,,,,18:02,18,2,0,ETHER_PLASMANYL,0,0,0,0,ESTER,,,,,,,,,,,Glycerophospholipids [GP],glycerophosphoethanolamines [GP02],,,,,,,,,,Polyunsaturated fatty acid,FA with 2 double bonds,FA with 18 carbons or less,FA with 16-18 carbons,Long-chain FA,PE(O-18:2/0:0),LPE(O-18:2),LPE-O
LPE O-18:3,LPE O-,GP,LPE O-18:3,LPE O-18:3,,MOLECULAR_SPECIES,461.29063,C23H44NO6P,18:3,18,3,0,18:03,18,3,0,,,,,,,18:03,18,3,0,ETHER_PLASMANYL,0,0,0,0,ESTER,,,,,,,,,,,Glycerophospholipids [GP],glycerophosphoethanolamines [GP02],,,,,,,,,,Polyunsaturated fatty acid,FA with more than 2 double bonds,FA with 18 carbons or less,FA with 16-18 carbons,Long-chain FA,PE(O-18:3/0:0),LPE(O-18:3),LPE-O
LPE O-20:0,LPE O-,GP,LPE O-20:0,LPE O-20:0,,MOLECULAR_SPECIES,495.36888,C25H54NO6P,20:0,20,0,0,20:00,20,0,0,,,,,,,20:00,20,0,0,ETHER_PLASMANYL,0,0,0,0,ESTER,,,,,,,,,,,Glycerophospholipids [GP],glycerophosphoethanolamines [GP02],,,,,,,,,,FA with less than 2 double bonds,Saturated fatty acid,FA with more than 18 carbons,FA with 19-21 carbons,Long-chain FA,PE(O-20:0/0:0),LPE(O-20:0),LPE-O
LPE O-20:1,LPE O-,GP,LPE O-20:1,LPE O-20:1,,MOLECULAR_SPECIES,493.35323,C25H52NO6P,20:1,20,1,0,20:01,20,1,0,,,,,,,20:01,20,1,0,ETHER_PLASMANYL,0,0,0,0,ESTER,,,,,,,,,,,Glycerophospholipids [GP],glycerophosphoethanolamines [GP02],,,,,,,,,,FA with less than 2 double bonds,Monounsaturated fatty acid,FA with more than 18 carbons,FA with 19-21 carbons,Long-chain FA,PE(O-20:1/0:0),LPE(O-20:1),LPE-O
LPE O-22:0,LPE O-,GP,LPE O-22:0,LPE O-22:0,,MOLECULAR_SPECIES,523.40018,C27H58NO6P,22:0,22,0,0,22:00,22,0,0,,,,,,,22:00,22,0,0,ETHER_PLASMANYL,0,0,0,0,ESTER,,,,,,,,,,,Glycerophospholipids [GP],glycerophosphoethanolamines [GP02],,,,,,,,,,FA with less than 2 double bonds,Saturated fatty acid,FA with more than 18 carbons,FA with 22-24 carbons,Very long-chain FA,PE(O-22:0/0:0),LPE(O-22:0),LPE-O
LPE O-22:1,LPE O-,GP,LPE O-22:1,LPE O-22:1,,MOLECULAR_SPECIES,521.38453,C27H56NO6P,22:1,22,1,0,22:01,22,1,0,,,,,,,22:01,22,1,0,ETHER_PLASMANYL,0,0,0,0,ESTER,,,,,,,,,,,Glycerophospholipids [GP],glycerophosphoethanolamines [GP02],,,,,,,,,,FA with less than 2 double bonds,Monounsaturated fatty acid,FA with more than 18 carbons,FA with 22-24 carbons,Very long-chain FA,PE(O-22:1/0:0),LPE(O-22:1),LPE-O
LPE O-22:2,LPE O-,GP,LPE O-22:2,LPE O-22:2,,MOLECULAR_SPECIES,519.36888,C27H54NO6P,22:2,22,2,0,22:02,22,2,0,,,,,,,22:02,22,2,0,ETHER_PLASMANYL,0,0,0,0,ESTER,,,,,,,,,,,Glycerophospholipids [GP],glycerophosphoethanolamines [GP02],,,,,,,,,,Polyunsaturated fatty acid,FA with 2 double bonds,FA with more than 18 carbons,FA with 22-24 carbons,Very long-chain FA,PE(O-22:2/0:0),LPE(O-22:2),LPE-O
LPE O-22:3,LPE O-,GP,LPE O-22:3,LPE O-22:3,,MOLECULAR_SPECIES,517.35323,C27H52NO6P,22:3,22,3,0,22:03,22,3,0,,,,,,,22:03,22,3,0,ETHER_PLASMANYL,0,0,0,0,ESTER,,,,,,,,,,,Glycerophospholipids [GP],glycerophosphoethanolamines [GP02],,,,,,,,,,Polyunsaturated fatty acid,FA with more than 2 double bonds,FA with more than 18 carbons,FA with 22-24 carbons,Very long-chain FA,PE(O-22:3/0:0),LPE(O-22:3),LPE-O
LPE O-22:4,LPE O-,GP,LPE O-22:4,LPE O-22:4,,MOLECULAR_SPECIES,515.33758,C27H50NO6P,22:4,22,4,0,22:04,22,4,0,,,,,,,22:04,22,4,0,ETHER_PLASMANYL,0,0,0,0,ESTER,,,,,,,,,,,Glycerophospholipids [GP],glycerophosphoethanolamines [GP02],,,,,,,,,,Polyunsaturated fatty acid,FA with more than 2 double bonds,FA with more than 18 carbons,FA with 22-24 carbons,Very long-chain FA,PE(O-22:4/0:0),LPE(O-22:4),LPE-O
PS 32:0,PS,GP,PS 32:0,,,SPECIES,735.50503,C38H74NO10P,32:0,32,0,0,,,,,,,,,,,,,,,,,,,,,,,,,,,,,,,Glycerophospholipids [GP],glycerophosphoserines [GP03],diacylglycerophosphoserines [GP0301],plasma membrane,membrane component,,headgroup with negative charge,low lateral diffusion,average bilayer thickness,neutral intrinsic curvature,high transition temperature,,,,,,PS(32:0),PS(32:0),PS
PS 32:1,PS,GP,PS 32:1,,,SPECIES,733.48938,C38H72NO10P,32:1,32,1,0,,,,,,,,,,,,,,,,,,,,,,,,,,,,,,,Glycerophospholipids [GP],glycerophosphoserines [GP03],diacylglycerophosphoserines [GP0301],plasma membrane,membrane component,,headgroup with negative charge,low lateral diffusion,low bilayer thickness,neutral intrinsic curvature,average transition temperature,,,,,,PS(32:1),PS(32:1),PS
PS 32:2,PS,GP,PS 32:2,,,SPECIES,731.47373,C38H70NO10P,32:2,32,2,0,,,,,,,,,,,,,,,,,,,,,,,,,,,,,,,Glycerophospholipids [GP],glycerophosphoserines [GP03],diacylglycerophosphoserines [GP0301],plasma membrane,membrane component,,headgroup with negative charge,average lateral diffusion,low bilayer thickness,neutral intrinsic curvature,low transition temperature,,,,,,PS(32:2),PS(32:2),PS
PS 34:0,PS,GP,PS 34:0,,,SPECIES,763.53634,C40H78NO10P,34:0,34,0,0,,,,,,,,,,,,,,,,,,,,,,,,,,,,,,,Glycerophospholipids [GP],glycerophosphoserines [GP03],diacylglycerophosphoserines [GP0301],plasma membrane,membrane component,,headgroup with negative charge,very low lateral diffusion,high bilayer thickness,neutral intrinsic curvature,very high transition temperature,,,,,,PS(34:0),PS(34:0),PS
PS 34:1,PS,GP,PS 34:1,,,SPECIES,761.52068,C40H76NO10P,34:1,34,1,0,,,,,,,,,,,,,,,,,,,,,,,,,,,,,,,Glycerophospholipids [GP],glycerophosphoserines [GP03],diacylglycerophosphoserines [GP0301],plasma membrane,membrane component,,headgroup with negative charge,low lateral diffusion,average bilayer thickness,neutral intrinsic curvature,average transition temperature,,,,,,PS(34:1),PS(34:1),PS
PS 34:2,PS,GP,PS 34:2,,,SPECIES,759.50503,C40H74NO10P,34:2,34,2,0,,,,,,,,,,,,,,,,,,,,,,,,,,,,,,,Glycerophospholipids [GP],glycerophosphoserines [GP03],diacylglycerophosphoserines [GP0301],plasma membrane,membrane component,,headgroup with negative charge,average lateral diffusion,average bilayer thickness,neutral intrinsic curvature,low transition temperature,,,,,,PS(34:2),PS(34:2),PS
PS 34:3,PS,GP,PS 34:3,,,SPECIES,757.48938,C40H72NO10P,34:3,34,3,0,,,,,,,,,,,,,,,,,,,,,,,,,,,,,,,Glycerophospholipids [GP],glycerophosphoserines [GP03],diacylglycerophosphoserines [GP0301],plasma membrane,membrane component,,headgroup with negative charge,average lateral diffusion,low bilayer thickness,neutral intrinsic curvature,very low transition temperature,,,,,,PS(34:3),PS(34:3),PS
PS 34:4,PS,GP,PS 34:4,,,SPECIES,755.47373,C40H70NO10P,34:4,34,4,0,,,,,,,,,,,,,,,,,,,,,,,,,,,,,,,Glycerophospholipids [GP],glycerophosphoserines [GP03],diacylglycerophosphoserines [GP0301],plasma membrane,membrane component,,headgroup with negative charge,high lateral diffusion,very low bilayer thickness,neutral intrinsic curvature,very low transition temperature,,,,,,PS(34:4),PS(34:4),PS
PS 36:0,PS,GP,PS 36:0,,,SPECIES,791.56764,C42H82NO10P,36:0,36,0,0,,,,,,,,,,,,,,,,,,,,,,,,,,,,,,,Glycerophospholipids [GP],glycerophosphoserines [GP03],diacylglycerophosphoserines [GP0301],plasma membrane,membrane component,,headgroup with negative charge,very low lateral diffusion,very high bilayer thickness,neutral intrinsic curvature,very high transition temperature,,,,,,PS(36:0),PS(36:0),PS
PS 36:1,PS,GP,PS 36:1,,,SPECIES,789.55199,C42H80NO10P,36:1,36,1,0,,,,,,,,,,,,,,,,,,,,,,,,,,,,,,,Glycerophospholipids [GP],glycerophosphoserines [GP03],diacylglycerophosphoserines [GP0301],plasma membrane,membrane component,,headgroup with negative charge,very low lateral diffusion,high bilayer thickness,neutral intrinsic curvature,high transition temperature,,,,,,PS(36:1),PS(36:1),PS
PS 36:2,PS,GP,PS 36:2,,,SPECIES,787.53634,C42H78NO10P,36:2,36,2,0,,,,,,,,,,,,,,,,,,,,,,,,,,,,,,,Glycerophospholipids [GP],glycerophosphoserines [GP03],diacylglycerophosphoserines [GP0301],plasma membrane,membrane component,,headgroup with negative charge,low lateral diffusion,average bilayer thickness,neutral intrinsic curvature,average transition temperature,,,,,,PS(36:2),PS(36:2),PS
PS 36:3,PS,GP,PS 36:3,,,SPECIES,785.52068,C42H76NO10P,36:3,36,3,0,,,,,,,,,,,,,,,,,,,,,,,,,,,,,,,Glycerophospholipids [GP],glycerophosphoserines [GP03],diacylglycerophosphoserines [GP0301],plasma membrane,membrane component,,headgroup with negative charge,average lateral diffusion,average bilayer thickness,neutral intrinsic curvature,low transition temperature,,,,,,PS(36:3),PS(36:3),PS
PS 36:4,PS,GP,PS 36:4,,,SPECIES,783.50503,C42H74NO10P,36:4,36,4,0,,,,,,,,,,,,,,,,,,,,,,,,,,,,,,,Glycerophospholipids [GP],glycerophosphoserines [GP03],diacylglycerophosphoserines [GP0301],plasma membrane,membrane component,,headgroup with negative charge,high lateral diffusion,low bilayer thickness,neutral intrinsic curvature,very low transition temperature,,,,,,PS(36:4),PS(36:4),PS
PS 38:0,PS,GP,PS 38:0,,,SPECIES,819.59894,C44H86NO10P,38:0,38,0,0,,,,,,,,,,,,,,,,,,,,,,,,,,,,,,,Glycerophospholipids [GP],glycerophosphoserines [GP03],diacylglycerophosphoserines [GP0301],plasma membrane,membrane component,,headgroup with negative charge,very low lateral diffusion,very high bilayer thickness,neutral intrinsic curvature,very high transition temperature,,,,,,PS(38:0),PS(38:0),PS
PS 38:1,PS,GP,PS 38:1,,,SPECIES,817.58329,C44H84NO10P,38:1,38,1,0,,,,,,,,,,,,,,,,,,,,,,,,,,,,,,,Glycerophospholipids [GP],glycerophosphoserines [GP03],diacylglycerophosphoserines [GP0301],plasma membrane,membrane component,,headgroup with negative charge,very low lateral diffusion,very high bilayer thickness,neutral intrinsic curvature,high transition temperature,,,,,,PS(38:1),PS(38:1),PS
PS 38:2,PS,GP,PS 38:2,,,SPECIES,815.56764,C44H82NO10P,38:2,38,2,0,,,,,,,,,,,,,,,,,,,,,,,,,,,,,,,Glycerophospholipids [GP],glycerophosphoserines [GP03],diacylglycerophosphoserines [GP0301],plasma membrane,membrane component,,headgroup with negative charge,low lateral diffusion,high bilayer thickness,neutral intrinsic curvature,average transition temperature,,,,,,PS(38:2),PS(38:2),PS
PS 38:3,PS,GP,PS 38:3,,,SPECIES,813.55199,C44H80NO10P,38:3,38,3,0,,,,,,,,,,,,,,,,,,,,,,,,,,,,,,,Glycerophospholipids [GP],glycerophosphoserines [GP03],diacylglycerophosphoserines [GP0301],plasma membrane,membrane component,,headgroup with negative charge,low lateral diffusion,high bilayer thickness,neutral intrinsic curvature,low transition temperature,,,,,,PS(38:3),PS(38:3),PS
PS 38:4,PS,GP,PS 38:4,,,SPECIES,811.53634,C44H78NO10P,38:4,38,4,0,,,,,,,,,,,,,,,,,,,,,,,,,,,,,,,Glycerophospholipids [GP],glycerophosphoserines [GP03],diacylglycerophosphoserines [GP0301],plasma membrane,membrane component,,headgroup with negative charge,average lateral diffusion,average bilayer thickness,neutral intrinsic curvature,very low transition temperature,,,,,,PS(38:4),PS(38:4),PS
PS 38:5,PS,GP,PS 38:5,,,SPECIES,809.52068,C44H76NO10P,38:5,38,5,0,,,,,,,,,,,,,,,,,,,,,,,,,,,,,,,Glycerophospholipids [GP],glycerophosphoserines [GP03],diacylglycerophosphoserines [GP0301],plasma membrane,membrane component,,headgroup with negative charge,high lateral diffusion,low bilayer thickness,neutral intrinsic curvature,very low transition temperature,,,,,,PS(38:5),PS(38:5),PS
PS 38:6,PS,GP,PS 38:6,,,SPECIES,807.50503,C44H74NO10P,38:6,38,6,0,,,,,,,,,,,,,,,,,,,,,,,,,,,,,,,Glycerophospholipids [GP],glycerophosphoserines [GP03],diacylglycerophosphoserines [GP0301],plasma membrane,membrane component,,headgroup with negative charge,high lateral diffusion,low bilayer thickness,neutral intrinsic curvature,very low transition temperature,,,,,,PS(38:6),PS(38:6),PS
PS 38:7,PS,GP,PS 38:7,,,SPECIES,805.48938,C44H72NO10P,38:7,38,7,0,,,,,,,,,,,,,,,,,,,,,,,,,,,,,,,Glycerophospholipids [GP],glycerophosphoserines [GP03],diacylglycerophosphoserines [GP0301],plasma membrane,membrane component,,headgroup with negative charge,very high lateral diffusion,very low bilayer thickness,neutral intrinsic curvature,very low transition temperature,,,,,,PS(38:7),PS(38:7),PS
PS 40:0,PS,GP,PS 40:0,,,SPECIES,847.63024,C46H90NO10P,40:0,40,0,0,,,,,,,,,,,,,,,,,,,,,,,,,,,,,,,Glycerophospholipids [GP],glycerophosphoserines [GP03],diacylglycerophosphoserines [GP0301],plasma membrane,membrane component,,headgroup with negative charge,very low lateral diffusion,very high bilayer thickness,neutral intrinsic curvature,very high transition temperature,,,,,,PS(40:0),PS(40:0),PS
PS 40:1,PS,GP,PS 40:1,,,SPECIES,845.61459,C46H88NO10P,40:1,40,1,0,,,,,,,,,,,,,,,,,,,,,,,,,,,,,,,Glycerophospholipids [GP],glycerophosphoserines [GP03],diacylglycerophosphoserines [GP0301],plasma membrane,membrane component,,headgroup with negative charge,very low lateral diffusion,very high bilayer thickness,neutral intrinsic curvature,very high transition temperature,,,,,,PS(40:1),PS(40:1),PS
PS 40:2,PS,GP,PS 40:2,,,SPECIES,843.59894,C46H86NO10P,40:2,40,2,0,,,,,,,,,,,,,,,,,,,,,,,,,,,,,,,Glycerophospholipids [GP],glycerophosphoserines [GP03],diacylglycerophosphoserines [GP0301],plasma membrane,membrane component,,headgroup with negative charge,very low lateral diffusion,very high bilayer thickness,neutral intrinsic curvature,high transition temperature,,,,,,PS(40:2),PS(40:2),PS
PS 40:3,PS,GP,PS 40:3,,,SPECIES,841.58329,C46H84NO10P,40:3,40,3,0,,,,,,,,,,,,,,,,,,,,,,,,,,,,,,,Glycerophospholipids [GP],glycerophosphoserines [GP03],diacylglycerophosphoserines [GP0301],plasma membrane,membrane component,,headgroup with negative charge,low lateral diffusion,high bilayer thickness,neutral intrinsic curvature,average transition temperature,,,,,,PS(40:3),PS(40:3),PS
PS 40:4,PS,GP,PS 40:4,,,SPECIES,839.56764,C46H82NO10P,40:4,40,4,0,,,,,,,,,,,,,,,,,,,,,,,,,,,,,,,Glycerophospholipids [GP],glycerophosphoserines [GP03],diacylglycerophosphoserines [GP0301],plasma membrane,membrane component,,headgroup with negative charge,low lateral diffusion,high bilayer thickness,neutral intrinsic curvature,low transition temperature,,,,,,PS(40:4),PS(40:4),PS
PS 40:5,PS,GP,PS 40:5,,,SPECIES,837.55199,C46H80NO10P,40:5,40,5,0,,,,,,,,,,,,,,,,,,,,,,,,,,,,,,,Glycerophospholipids [GP],glycerophosphoserines [GP03],diacylglycerophosphoserines [GP0301],plasma membrane,membrane component,,headgroup with negative charge,average lateral diffusion,average bilayer thickness,neutral intrinsic curvature,low transition temperature,,,,,,PS(40:5),PS(40:5),PS
PS 40:6,PS,GP,PS 40:6,,,SPECIES,835.53634,C46H78NO10P,40:6,40,6,0,,,,,,,,,,,,,,,,,,,,,,,,,,,,,,,Glycerophospholipids [GP],glycerophosphoserines [GP03],diacylglycerophosphoserines [GP0301],plasma membrane,membrane component,,headgroup with negative charge,high lateral diffusion,average bilayer thickness,neutral intrinsic curvature,very low transition temperature,,,,,,PS(40:6),PS(40:6),PS
PS 40:7,PS,GP,PS 40:7,,,SPECIES,833.52068,C46H76NO10P,40:7,40,7,0,,,,,,,,,,,,,,,,,,,,,,,,,,,,,,,Glycerophospholipids [GP],glycerophosphoserines [GP03],diacylglycerophosphoserines [GP0301],plasma membrane,membrane component,,headgroup with negative charge,high lateral diffusion,low bilayer thickness,neutral intrinsic curvature,very low transition temperature,,,,,,PS(40:7),PS(40:7),PS
LPS 16:0,LPS,GP,LPS 16:0,LPS 16:0,,MOLECULAR_SPECIES,497.27537,C22H44NO9P,16:0,16,0,0,16:00,16,0,0,,,,,,,16:00,16,0,0,ESTER,0,0,0,0,ESTER,,,,,,,,,,,Glycerophospholipids [GP],glycerophosphoserines [GP03]|lysoglycerophospholipids,monoacylglycerophosphoserines [GP0305],plasma membrane,membrane component|lipid-mediated signalling,,headgroup with negative charge,,,positive intrinsic curvature,,FA with less than 2 double bonds,Saturated fatty acid,FA with 18 carbons or less,FA with 16-18 carbons,Long-chain FA,PS(16:0/0:0),LPS(16:0),LPS
LPS 16:1,LPS,GP,LPS 16:1,LPS 16:1,,MOLECULAR_SPECIES,495.25972,C22H42NO9P,16:1,16,1,0,16:01,16,1,0,,,,,,,16:01,16,1,0,ESTER,0,0,0,0,ESTER,,,,,,,,,,,Glycerophospholipids [GP],glycerophosphoserines [GP03]|lysoglycerophospholipids,monoacylglycerophosphoserines [GP0305],plasma membrane,membrane component|lipid-mediated signalling,,headgroup with negative charge,,,positive intrinsic curvature,,FA with less than 2 double bonds,Monounsaturated fatty acid,FA with 18 carbons or less,FA with 16-18 carbons,Long-chain FA,PS(16:1/0:0),LPS(16:1),LPS
LPS 18:0,LPS,GP,LPS 18:0,LPS 18:0,,MOLECULAR_SPECIES,525.30667,C24H48NO9P,18:0,18,0,0,18:00,18,0,0,,,,,,,18:00,18,0,0,ESTER,0,0,0,0,ESTER,,,,,,,,,,,Glycerophospholipids [GP],glycerophosphoserines [GP03]|lysoglycerophospholipids,monoacylglycerophosphoserines [GP0305],plasma membrane,membrane component|lipid-mediated signalling,,headgroup with negative charge,,,positive intrinsic curvature,,FA with less than 2 double bonds,Saturated fatty acid,FA with 18 carbons or less,FA with 16-18 carbons,Long-chain FA,PS(18:0/0:0),LPS(18:0),LPS
LPS 18:1,LPS,GP,LPS 18:1,LPS 18:1,,MOLECULAR_SPECIES,523.29102,C24H46NO9P,18:1,18,1,0,18:01,18,1,0,,,,,,,18:01,18,1,0,ESTER,0,0,0,0,ESTER,,,,,,,,,,,Glycerophospholipids [GP],glycerophosphoserines [GP03]|lysoglycerophospholipids,monoacylglycerophosphoserines [GP0305],plasma membrane,membrane component|lipid-mediated signalling,,headgroup with negative charge,,,positive intrinsic curvature,,FA with less than 2 double bonds,Monounsaturated fatty acid,FA with 18 carbons or less,FA with 16-18 carbons,Long-chain FA,PS(18:1/0:0),LPS(18:1),LPS
LPS 18:2,LPS,GP,LPS 18:2,LPS 18:2,,MOLECULAR_SPECIES,521.27537,C24H44NO9P,18:2,18,2,0,18:02,18,2,0,,,,,,,18:02,18,2,0,ESTER,0,0,0,0,ESTER,,,,,,,,,,,Glycerophospholipids [GP],glycerophosphoserines [GP03]|lysoglycerophospholipids,monoacylglycerophosphoserines [GP0305],plasma membrane,membrane component|lipid-mediated signalling,,headgroup with negative charge,,,positive intrinsic curvature,,Polyunsaturated fatty acid,FA with 2 double bonds,FA with 18 carbons or less,FA with 16-18 carbons,Long-chain FA,PS(18:2/0:0),LPS(18:2),LPS
LPS 18:3,LPS,GP,LPS 18:3,LPS 18:3,,MOLECULAR_SPECIES,519.25972,C24H42NO9P,18:3,18,3,0,18:03,18,3,0,,,,,,,18:03,18,3,0,ESTER,0,0,0,0,ESTER,,,,,,,,,,,Glycerophospholipids [GP],glycerophosphoserines [GP03]|lysoglycerophospholipids,monoacylglycerophosphoserines [GP0305],plasma membrane,membrane component|lipid-mediated signalling,,headgroup with negative charge,,,positive intrinsic curvature,,Polyunsaturated fatty acid,FA with more than 2 double bonds,FA with 18 carbons or less,FA with 16-18 carbons,Long-chain FA,PS(18:3/0:0),LPS(18:3),LPS
LPS 20:0,LPS,GP,LPS 20:0,LPS 20:0,,MOLECULAR_SPECIES,553.33797,C26H52NO9P,20:0,20,0,0,20:00,20,0,0,,,,,,,20:00,20,0,0,ESTER,0,0,0,0,ESTER,,,,,,,,,,,Glycerophospholipids [GP],glycerophosphoserines [GP03]|lysoglycerophospholipids,monoacylglycerophosphoserines [GP0305],plasma membrane,membrane component|lipid-mediated signalling,,headgroup with negative charge,,,positive intrinsic curvature,,FA with less than 2 double bonds,Saturated fatty acid,FA with more than 18 carbons,FA with 19-21 carbons,Long-chain FA,PS(20:0/0:0),LPS(20:0),LPS
LPS 20:1,LPS,GP,LPS 20:1,LPS 20:1,,MOLECULAR_SPECIES,551.32232,C26H50NO9P,20:1,20,1,0,20:01,20,1,0,,,,,,,20:01,20,1,0,ESTER,0,0,0,0,ESTER,,,,,,,,,,,Glycerophospholipids [GP],glycerophosphoserines [GP03]|lysoglycerophospholipids,monoacylglycerophosphoserines [GP0305],plasma membrane,membrane component|lipid-mediated signalling,,headgroup with negative charge,,,positive intrinsic curvature,,FA with less than 2 double bonds,Monounsaturated fatty acid,FA with more than 18 carbons,FA with 19-21 carbons,Long-chain FA,PS(20:1/0:0),LPS(20:1),LPS
LPS 20:2,LPS,GP,LPS 20:2,LPS 20:2,,MOLECULAR_SPECIES,549.30667,C26H48NO9P,20:2,20,2,0,20:02,20,2,0,,,,,,,20:02,20,2,0,ESTER,0,0,0,0,ESTER,,,,,,,,,,,Glycerophospholipids [GP],glycerophosphoserines [GP03]|lysoglycerophospholipids,monoacylglycerophosphoserines [GP0305],plasma membrane,membrane component|lipid-mediated signalling,,headgroup with negative charge,,,positive intrinsic curvature,,Polyunsaturated fatty acid,FA with 2 double bonds,FA with more than 18 carbons,FA with 19-21 carbons,Long-chain FA,PS(20:2/0:0),LPS(20:2),LPS
LPS 20:3,LPS,GP,LPS 20:3,LPS 20:3,,MOLECULAR_SPECIES,547.29102,C26H46NO9P,20:3,20,3,0,20:03,20,3,0,,,,,,,20:03,20,3,0,ESTER,0,0,0,0,ESTER,,,,,,,,,,,Glycerophospholipids [GP],glycerophosphoserines [GP03]|lysoglycerophospholipids,monoacylglycerophosphoserines [GP0305],plasma membrane,membrane component|lipid-mediated signalling,,headgroup with negative charge,,,positive intrinsic curvature,,Polyunsaturated fatty acid,FA with more than 2 double bonds,FA with more than 18 carbons,FA with 19-21 carbons,Long-chain FA,PS(20:3/0:0),LPS(20:3),LPS
LPS 20:4,LPS,GP,LPS 20:4,LPS 20:4,,MOLECULAR_SPECIES,545.27537,C26H44NO9P,20:4,20,4,0,20:04,20,4,0,,,,,,,20:04,20,4,0,ESTER,0,0,0,0,ESTER,,,,,,,,,,,Glycerophospholipids [GP],glycerophosphoserines [GP03]|lysoglycerophospholipids,monoacylglycerophosphoserines [GP0305],plasma membrane,membrane component|lipid-mediated signalling,,headgroup with negative charge,,,positive intrinsic curvature,,Polyunsaturated fatty acid,FA with more than 2 double bonds,FA with more than 18 carbons,FA with 19-21 carbons,Long-chain FA,PS(20:4/0:0),LPS(20:4),LPS
LPS 22:0,LPS,GP,LPS 22:0,LPS 22:0,,MOLECULAR_SPECIES,581.36927,C28H56NO9P,22:0,22,0,0,22:00,22,0,0,,,,,,,22:00,22,0,0,ESTER,0,0,0,0,ESTER,,,,,,,,,,,Glycerophospholipids [GP],glycerophosphoserines [GP03]|lysoglycerophospholipids,monoacylglycerophosphoserines [GP0305],plasma membrane,membrane component|lipid-mediated signalling,,headgroup with negative charge,,,positive intrinsic curvature,,FA with less than 2 double bonds,Saturated fatty acid,FA with more than 18 carbons,FA with 22-24 carbons,Very long-chain FA,PS(22:0/0:0),LPS(22:0),LPS
LPS 22:1,LPS,GP,LPS 22:1,LPS 22:1,,MOLECULAR_SPECIES,579.35362,C28H54NO9P,22:1,22,1,0,22:01,22,1,0,,,,,,,22:01,22,1,0,ESTER,0,0,0,0,ESTER,,,,,,,,,,,Glycerophospholipids [GP],glycerophosphoserines [GP03]|lysoglycerophospholipids,monoacylglycerophosphoserines [GP0305],plasma membrane,membrane component|lipid-mediated signalling,,headgroup with negative charge,,,positive intrinsic curvature,,FA with less than 2 double bonds,Monounsaturated fatty acid,FA with more than 18 carbons,FA with 22-24 carbons,Very long-chain FA,PS(22:1/0:0),LPS(22:1),LPS
PI 32:0,PI,GP,PI 32:0,,,SPECIES,810.52583,C41H79O13P,32:0,32,0,0,,,,,,,,,,,,,,,,,,,,,,,,,,,,,,,Glycerophospholipids [GP],glycerophosphoinositols [GP06],diacylglycerophosphoinositols [GP0601],endoplasmic reticulum (ER),membrane component,,headgroup with negative charge,,,positive intrinsic curvature,,,,,,,PI(32:0),PI(32:0),PI
PI 32:1,PI,GP,PI 32:1,,,SPECIES,808.51018,C41H77O13P,32:1,32,1,0,,,,,,,,,,,,,,,,,,,,,,,,,,,,,,,Glycerophospholipids [GP],glycerophosphoinositols [GP06],diacylglycerophosphoinositols [GP0601],endoplasmic reticulum (ER),membrane component,,headgroup with negative charge,,,positive intrinsic curvature,,,,,,,PI(32:1),PI(32:1),PI
PI 32:2,PI,GP,PI 32:2,,,SPECIES,806.49453,C41H75O13P,32:2,32,2,0,,,,,,,,,,,,,,,,,,,,,,,,,,,,,,,Glycerophospholipids [GP],glycerophosphoinositols [GP06],diacylglycerophosphoinositols [GP0601],endoplasmic reticulum (ER),membrane component,,headgroup with negative charge,,,positive intrinsic curvature,,,,,,,PI(32:2),PI(32:2),PI
PI 34:0,PI,GP,PI 34:0,,,SPECIES,838.55713,C43H83O13P,34:0,34,0,0,,,,,,,,,,,,,,,,,,,,,,,,,,,,,,,Glycerophospholipids [GP],glycerophosphoinositols [GP06],diacylglycerophosphoinositols [GP0601],endoplasmic reticulum (ER),membrane component,,headgroup with negative charge,,,positive intrinsic curvature,,,,,,,PI(34:0),PI(34:0),PI
PI 34:1,PI,GP,PI 34:1,,,SPECIES,836.54148,C43H81O13P,34:1,34,1,0,,,,,,,,,,,,,,,,,,,,,,,,,,,,,,,Glycerophospholipids [GP],glycerophosphoinositols [GP06],diacylglycerophosphoinositols [GP0601],endoplasmic reticulum (ER),membrane component,,headgroup with negative charge,,,positive intrinsic curvature,,,,,,,PI(34:1),PI(34:1),PI
PI 34:2,PI,GP,PI 34:2,,,SPECIES,834.52583,C43H79O13P,34:2,34,2,0,,,,,,,,,,,,,,,,,,,,,,,,,,,,,,,Glycerophospholipids [GP],glycerophosphoinositols [GP06],diacylglycerophosphoinositols [GP0601],endoplasmic reticulum (ER),membrane component,,headgroup with negative charge,,,positive intrinsic curvature,,,,,,,PI(34:2),PI(34:2),PI
PI 36:0,PI,GP,PI 36:0,,,SPECIES,866.58843,C45H87O13P,36:0,36,0,0,,,,,,,,,,,,,,,,,,,,,,,,,,,,,,,Glycerophospholipids [GP],glycerophosphoinositols [GP06],diacylglycerophosphoinositols [GP0601],endoplasmic reticulum (ER),membrane component,,headgroup with negative charge,,,positive intrinsic curvature,,,,,,,PI(36:0),PI(36:0),PI
PI 36:1,PI,GP,PI 36:1,,,SPECIES,864.57278,C45H85O13P,36:1,36,1,0,,,,,,,,,,,,,,,,,,,,,,,,,,,,,,,Glycerophospholipids [GP],glycerophosphoinositols [GP06],diacylglycerophosphoinositols [GP0601],endoplasmic reticulum (ER),membrane component,,headgroup with negative charge,,,positive intrinsic curvature,,,,,,,PI(36:1),PI(36:1),PI
PI 36:2,PI,GP,PI 36:2,,,SPECIES,862.55713,C45H83O13P,36:2,36,2,0,,,,,,,,,,,,,,,,,,,,,,,,,,,,,,,Glycerophospholipids [GP],glycerophosphoinositols [GP06],diacylglycerophosphoinositols [GP0601],endoplasmic reticulum (ER),membrane component,,headgroup with negative charge,,,positive intrinsic curvature,,,,,,,PI(36:2),PI(36:2),PI
PI 36:3,PI,GP,PI 36:3,,,SPECIES,860.54148,C45H81O13P,36:3,36,3,0,,,,,,,,,,,,,,,,,,,,,,,,,,,,,,,Glycerophospholipids [GP],glycerophosphoinositols [GP06],diacylglycerophosphoinositols [GP0601],endoplasmic reticulum (ER),membrane component,,headgroup with negative charge,,,positive intrinsic curvature,,,,,,,PI(36:3),PI(36:3),PI
PI 36:4,PI,GP,PI 36:4,,,SPECIES,858.52583,C45H79O13P,36:4,36,4,0,,,,,,,,,,,,,,,,,,,,,,,,,,,,,,,Glycerophospholipids [GP],glycerophosphoinositols [GP06],diacylglycerophosphoinositols [GP0601],endoplasmic reticulum (ER),membrane component,,headgroup with negative charge,,,positive intrinsic curvature,,,,,,,PI(36:4),PI(36:4),PI
PI 38:0,PI,GP,PI 38:0,,,SPECIES,894.61973,C47H91O13P,38:0,38,0,0,,,,,,,,,,,,,,,,,,,,,,,,,,,,,,,Glycerophospholipids [GP],glycerophosphoinositols [GP06],diacylglycerophosphoinositols [GP0601],endoplasmic reticulum (ER),membrane component,,headgroup with negative charge,,,positive intrinsic curvature,,,,,,,PI(38:0),PI(38:0),PI
PI 38:1,PI,GP,PI 38:1,,,SPECIES,892.60408,C47H89O13P,38:1,38,1,0,,,,,,,,,,,,,,,,,,,,,,,,,,,,,,,Glycerophospholipids [GP],glycerophosphoinositols [GP06],diacylglycerophosphoinositols [GP0601],endoplasmic reticulum (ER),membrane component,,headgroup with negative charge,,,positive intrinsic curvature,,,,,,,PI(38:1),PI(38:1),PI
PI 38:2,PI,GP,PI 38:2,,,SPECIES,890.58843,C47H87O13P,38:2,38,2,0,,,,,,,,,,,,,,,,,,,,,,,,,,,,,,,Glycerophospholipids [GP],glycerophosphoinositols [GP06],diacylglycerophosphoinositols [GP0601],endoplasmic reticulum (ER),membrane component,,headgroup with negative charge,,,positive intrinsic curvature,,,,,,,PI(38:2),PI(38:2),PI
PI 38:3,PI,GP,PI 38:3,,,SPECIES,888.57278,C47H85O13P,38:3,38,3,0,,,,,,,,,,,,,,,,,,,,,,,,,,,,,,,Glycerophospholipids [GP],glycerophosphoinositols [GP06],diacylglycerophosphoinositols [GP0601],endoplasmic reticulum (ER),membrane component,,headgroup with negative charge,,,positive intrinsic curvature,,,,,,,PI(38:3),PI(38:3),PI
PI 38:4,PI,GP,PI 38:4,,,SPECIES,886.55713,C47H83O13P,38:4,38,4,0,,,,,,,,,,,,,,,,,,,,,,,,,,,,,,,Glycerophospholipids [GP],glycerophosphoinositols [GP06],diacylglycerophosphoinositols [GP0601],endoplasmic reticulum (ER),membrane component,,headgroup with negative charge,,,positive intrinsic curvature,,,,,,,PI(38:4),PI(38:4),PI
PI 38:5,PI,GP,PI 38:5,,,SPECIES,884.54148,C47H81O13P,38:5,38,5,0,,,,,,,,,,,,,,,,,,,,,,,,,,,,,,,Glycerophospholipids [GP],glycerophosphoinositols [GP06],diacylglycerophosphoinositols [GP0601],endoplasmic reticulum (ER),membrane component,,headgroup with negative charge,,,positive intrinsic curvature,,,,,,,PI(38:5),PI(38:5),PI
LPI 16:0,LPI,GP,LPI 16:0,LPI 16:0,,MOLECULAR_SPECIES,572.29616,C25H49O12P,16:0,16,0,0,16:00,16,0,0,,,,,,,16:00,16,0,0,ESTER,0,0,0,0,ESTER,,,,,,,,,,,Glycerophospholipids [GP],glycerophosphoinositols [GP06]|lysoglycerophospholipids,monoacylglycerophosphoinositols [GP0605],endoplasmic reticulum (ER),membrane component|lipid-mediated signalling,,headgroup with negative charge,,,positive intrinsic curvature,,FA with less than 2 double bonds,Saturated fatty acid,FA with 18 carbons or less,FA with 16-18 carbons,Long-chain FA,PI(16:0/0:0),LPI(16:0),LPI
LPI 16:1,LPI,GP,LPI 16:1,LPI 16:1,,MOLECULAR_SPECIES,570.28051,C25H47O12P,16:1,16,1,0,16:01,16,1,0,,,,,,,16:01,16,1,0,ESTER,0,0,0,0,ESTER,,,,,,,,,,,Glycerophospholipids [GP],glycerophosphoinositols [GP06]|lysoglycerophospholipids,monoacylglycerophosphoinositols [GP0605],endoplasmic reticulum (ER),membrane component|lipid-mediated signalling,,headgroup with negative charge,,,positive intrinsic curvature,,FA with less than 2 double bonds,Monounsaturated fatty acid,FA with 18 carbons or less,FA with 16-18 carbons,Long-chain FA,PI(16:1/0:0),LPI(16:1),LPI
LPI 18:0,LPI,GP,LPI 18:0,LPI 18:0,,MOLECULAR_SPECIES,600.32746,C27H53O12P,18:0,18,0,0,18:00,18,0,0,,,,,,,18:00,18,0,0,ESTER,0,0,0,0,ESTER,,,,,,,,,,,Glycerophospholipids [GP],glycerophosphoinositols [GP06]|lysoglycerophospholipids,monoacylglycerophosphoinositols [GP0605],endoplasmic reticulum (ER),membrane component|lipid-mediated signalling,,headgroup with negative charge,,,positive intrinsic curvature,,FA with less than 2 double bonds,Saturated fatty acid,FA with 18 carbons or less,FA with 16-18 carbons,Long-chain FA,PI(18:0/0:0),LPI(18:0),LPI
LPI 18:1,LPI,GP,LPI 18:1,LPI 18:1,,MOLECULAR_SPECIES,598.31181,C27H51O12P,18:1,18,1,0,18:01,18,1,0,,,,,,,18:01,18,1,0,ESTER,0,0,0,0,ESTER,,,,,,,,,,,Glycerophospholipids [GP],glycerophosphoinositols [GP06]|lysoglycerophospholipids,monoacylglycerophosphoinositols [GP0605],endoplasmic reticulum (ER),membrane component|lipid-mediated signalling,,headgroup with negative charge,,,positive intrinsic curvature,,FA with less than 2 double bonds,Monounsaturated fatty acid,FA with 18 carbons or less,FA with 16-18 carbons,Long-chain FA,PI(18:1/0:0),LPI(18:1),LPI
LPI 18:2,LPI,GP,LPI 18:2,LPI 18:2,,MOLECULAR_SPECIES,596.29616,C27H49O12P,18:2,18,2,0,18:02,18,2,0,,,,,,,18:02,18,2,0,ESTER,0,0,0,0,ESTER,,,,,,,,,,,Glycerophospholipids [GP],glycerophosphoinositols [GP06]|lysoglycerophospholipids,monoacylglycerophosphoinositols [GP0605],endoplasmic reticulum (ER),membrane component|lipid-mediated signalling,,headgroup with negative charge,,,positive intrinsic curvature,,Polyunsaturated fatty acid,FA with 2 double bonds,FA with 18 carbons or less,FA with 16-18 carbons,Long-chain FA,PI(18:2/0:0),LPI(18:2),LPI
LPI 20:0,LPI,GP,LPI 20:0,LPI 20:0,,MOLECULAR_SPECIES,628.35876,C29H57O12P,20:0,20,0,0,20:00,20,0,0,,,,,,,20:00,20,0,0,ESTER,0,0,0,0,ESTER,,,,,,,,,,,Glycerophospholipids [GP],glycerophosphoinositols [GP06]|lysoglycerophospholipids,monoacylglycerophosphoinositols [GP0605],endoplasmic reticulum (ER),membrane component|lipid-mediated signalling,,headgroup with negative charge,,,positive intrinsic curvature,,FA with less than 2 double bonds,Saturated fatty acid,FA with more than 18 carbons,FA with 19-21 carbons,Long-chain FA,PI(20:0/0:0),LPI(20:0),LPI
LPI 20:1,LPI,GP,LPI 20:1,LPI 20:1,,MOLECULAR_SPECIES,626.34311,C29H55O12P,20:1,20,1,0,20:01,20,1,0,,,,,,,20:01,20,1,0,ESTER,0,0,0,0,ESTER,,,,,,,,,,,Glycerophospholipids [GP],glycerophosphoinositols [GP06]|lysoglycerophospholipids,monoacylglycerophosphoinositols [GP0605],endoplasmic reticulum (ER),membrane component|lipid-mediated signalling,,headgroup with negative charge,,,positive intrinsic curvature,,FA with less than 2 double bonds,Monounsaturated fatty acid,FA with more than 18 carbons,FA with 19-21 carbons,Long-chain FA,PI(20:1/0:0),LPI(20:1),LPI
LPI 20:2,LPI,GP,LPI 20:2,LPI 20:2,,MOLECULAR_SPECIES,624.32746,C29H53O12P,20:2,20,2,0,20:02,20,2,0,,,,,,,20:02,20,2,0,ESTER,0,0,0,0,ESTER,,,,,,,,,,,Glycerophospholipids [GP],glycerophosphoinositols [GP06]|lysoglycerophospholipids,monoacylglycerophosphoinositols [GP0605],endoplasmic reticulum (ER),membrane component|lipid-mediated signalling,,headgroup with negative charge,,,positive intrinsic curvature,,Polyunsaturated fatty acid,FA with 2 double bonds,FA with more than 18 carbons,FA with 19-21 carbons,Long-chain FA,PI(20:2/0:0),LPI(20:2),LPI
LPI 20:3,LPI,GP,LPI 20:3,LPI 20:3,,MOLECULAR_SPECIES,622.31181,C29H51O12P,20:3,20,3,0,20:03,20,3,0,,,,,,,20:03,20,3,0,ESTER,0,0,0,0,ESTER,,,,,,,,,,,Glycerophospholipids [GP],glycerophosphoinositols [GP06]|lysoglycerophospholipids,monoacylglycerophosphoinositols [GP0605],endoplasmic reticulum (ER),membrane component|lipid-mediated signalling,,headgroup with negative charge,,,positive intrinsic curvature,,Polyunsaturated fatty acid,FA with more than 2 double bonds,FA with more than 18 carbons,FA with 19-21 carbons,Long-chain FA,PI(20:3/0:0),LPI(20:3),LPI
LPI 20:4,LPI,GP,LPI 20:4,LPI 20:4,,MOLECULAR_SPECIES,620.29616,C29H49O12P,20:4,20,4,0,20:04,20,4,0,,,,,,,0.836111111,20,4,0,ESTER,0,0,0,0,ESTER,,,,,,,,,,,Glycerophospholipids [GP],glycerophosphoinositols [GP06]|lysoglycerophospholipids,monoacylglycerophosphoinositols [GP0605],endoplasmic reticulum (ER),membrane component|lipid-mediated signalling,,headgroup with negative charge,,,positive intrinsic curvature,,Polyunsaturated fatty acid,FA with more than 2 double bonds,FA with more than 18 carbons,FA with 19-21 carbons,Long-chain FA,PI(20:4/0:0),LPI(20:4),LPI
PG 32:0,PG,GP,PG 32:0,,,SPECIES,722.50979,C38H75O10P,32:0,32,0,0,,,,,,,,,,,,,,,,,,,,,,,,,,,,,,,Glycerophospholipids [GP],glycerophosphoglycerols [GP04],diacylglycerophosphoglycerols [GP0401],mitochondrion,membrane component,,headgroup with negative charge,very low lateral diffusion,average bilayer thickness,,high transition temperature,,,,,,PG(32:0),PG(32:0),PG
PG 32:1,PG,GP,PG 32:1,,,SPECIES,720.49414,C38H73O10P,32:1,32,1,0,,,,,,,,,,,,,,,,,,,,,,,,,,,,,,,Glycerophospholipids [GP],glycerophosphoglycerols [GP04],diacylglycerophosphoglycerols [GP0401],mitochondrion,membrane component,,headgroup with negative charge,low lateral diffusion,average bilayer thickness,,low transition temperature,,,,,,PG(32:1),PG(32:1),PG
PG 32:2,PG,GP,PG 32:2,,,SPECIES,718.47849,C38H71O10P,32:2,32,2,0,,,,,,,,,,,,,,,,,,,,,,,,,,,,,,,Glycerophospholipids [GP],glycerophosphoglycerols [GP04],diacylglycerophosphoglycerols [GP0401],mitochondrion,membrane component,,headgroup with negative charge,average lateral diffusion,low bilayer thickness,,very low transition temperature,,,,,,PG(32:2),PG(32:2),PG
PG 34:0,PG,GP,PG 34:0,,,SPECIES,750.54109,C40H79O10P,34:0,34,0,0,,,,,,,,,,,,,,,,,,,,,,,,,,,,,,,Glycerophospholipids [GP],glycerophosphoglycerols [GP04],diacylglycerophosphoglycerols [GP0401],mitochondrion,membrane component,,headgroup with negative charge,very low lateral diffusion,high bilayer thickness,,high transition temperature,,,,,,PG(34:0),PG(34:0),PG
PG 34:1,PG,GP,PG 34:1,,,SPECIES,748.52544,C40H77O10P,34:1,34,1,0,,,,,,,,,,,,,,,,,,,,,,,,,,,,,,,Glycerophospholipids [GP],glycerophosphoglycerols [GP04],diacylglycerophosphoglycerols [GP0401],mitochondrion,membrane component,,headgroup with negative charge,low lateral diffusion,average bilayer thickness,,average transition temperature,,,,,,PG(34:1),PG(34:1),PG
PG 34:2,PG,GP,PG 34:2,,,SPECIES,746.50979,C40H75O10P,34:2,34,2,0,,,,,,,,,,,,,,,,,,,,,,,,,,,,,,,Glycerophospholipids [GP],glycerophosphoglycerols [GP04],diacylglycerophosphoglycerols [GP0401],mitochondrion,membrane component,,headgroup with negative charge,average lateral diffusion,average bilayer thickness,,low transition temperature,,,,,,PG(34:2),PG(34:2),PG
PG 36:0,PG,GP,PG 36:0,,,SPECIES,778.57239,C42H83O10P,36:0,36,0,0,,,,,,,,,,,,,,,,,,,,,,,,,,,,,,,Glycerophospholipids [GP],glycerophosphoglycerols [GP04],diacylglycerophosphoglycerols [GP0401],mitochondrion,membrane component,,headgroup with negative charge,very low lateral diffusion,very high bilayer thickness,,very high transition temperature,,,,,,PG(36:0),PG(36:0),PG
PG 36:1,PG,GP,PG 36:1,,,SPECIES,776.55674,C42H81O10P,36:1,36,1,0,,,,,,,,,,,,,,,,,,,,,,,,,,,,,,,Glycerophospholipids [GP],glycerophosphoglycerols [GP04],diacylglycerophosphoglycerols [GP0401],mitochondrion,membrane component,,headgroup with negative charge,very low lateral diffusion,high bilayer thickness,,average transition temperature,,,,,,PG(36:1),PG(36:1),PG
PG 36:2,PG,GP,PG 36:2,,,SPECIES,774.54109,C42H79O10P,36:2,36,2,0,,,,,,,,,,,,,,,,,,,,,,,,,,,,,,,Glycerophospholipids [GP],glycerophosphoglycerols [GP04],diacylglycerophosphoglycerols [GP0401],mitochondrion,membrane component,,headgroup with negative charge,low lateral diffusion,average bilayer thickness,,low transition temperature,,,,,,PG(36:2),PG(36:2),PG
PG 38:0,PG,GP,PG 38:0,,,SPECIES,806.60369,C44H87O10P,38:0,38,0,0,,,,,,,,,,,,,,,,,,,,,,,,,,,,,,,Glycerophospholipids [GP],glycerophosphoglycerols [GP04],diacylglycerophosphoglycerols [GP0401],mitochondrion,membrane component,,headgroup with negative charge,very low lateral diffusion,very high bilayer thickness,,very high transition temperature,,,,,,PG(38:0),PG(38:0),PG
PG 38:1,PG,GP,PG 38:1,,,SPECIES,804.58804,C44H85O10P,38:1,38,1,0,,,,,,,,,,,,,,,,,,,,,,,,,,,,,,,Glycerophospholipids [GP],glycerophosphoglycerols [GP04],diacylglycerophosphoglycerols [GP0401],mitochondrion,membrane component,,headgroup with negative charge,very low lateral diffusion,very high bilayer thickness,,high transition temperature,,,,,,PG(38:1),PG(38:1),PG
PG 38:2,PG,GP,PG 38:2,,,SPECIES,802.57239,C44H83O10P,38:2,38,2,0,,,,,,,,,,,,,,,,,,,,,,,,,,,,,,,Glycerophospholipids [GP],glycerophosphoglycerols [GP04],diacylglycerophosphoglycerols [GP0401],mitochondrion,membrane component,,headgroup with negative charge,low lateral diffusion,high bilayer thickness,,average transition temperature,,,,,,PG(38:2),PG(38:2),PG
LPG 16:0,LPG,GP,LPG 16:0,LPG 16:0,,MOLECULAR_SPECIES,484.28012,C22H45O9P,16:0,16,0,0,16:00,16,0,0,,,,,,,16:00,16,0,0,ESTER,0,0,0,0,ESTER,,,,,,,,,,,Glycerophospholipids [GP],glycerophosphoglycerols [GP04]|lysoglycerophospholipids,monoacylglycerophosphoglycerols [GP0405],mitochondrion,membrane component|lipid-mediated signalling,,headgroup with negative charge,,,positive intrinsic curvature,,FA with less than 2 double bonds,Saturated fatty acid,FA with 18 carbons or less,FA with 16-18 carbons,Long-chain FA,PG(16:0/0:0),LPG(16:0),LPG
LPG 16:1,LPG,GP,LPG 16:1,LPG 16:1,,MOLECULAR_SPECIES,482.26447,C22H43O9P,16:1,16,1,0,16:01,16,1,0,,,,,,,16:01,16,1,0,ESTER,0,0,0,0,ESTER,,,,,,,,,,,Glycerophospholipids [GP],glycerophosphoglycerols [GP04]|lysoglycerophospholipids,monoacylglycerophosphoglycerols [GP0405],mitochondrion,membrane component|lipid-mediated signalling,,headgroup with negative charge,,,positive intrinsic curvature,,FA with less than 2 double bonds,Monounsaturated fatty acid,FA with 18 carbons or less,FA with 16-18 carbons,Long-chain FA,PG(16:1/0:0),LPG(16:1),LPG
LPG 18:0,LPG,GP,LPG 18:0,LPG 18:0,,MOLECULAR_SPECIES,512.31142,C24H49O9P,18:0,18,0,0,18:00,18,0,0,,,,,,,18:00,18,0,0,ESTER,0,0,0,0,ESTER,,,,,,,,,,,Glycerophospholipids [GP],glycerophosphoglycerols [GP04]|lysoglycerophospholipids,monoacylglycerophosphoglycerols [GP0405],mitochondrion,membrane component|lipid-mediated signalling,,headgroup with negative charge,,,positive intrinsic curvature,,FA with less than 2 double bonds,Saturated fatty acid,FA with 18 carbons or less,FA with 16-18 carbons,Long-chain FA,PG(18:0/0:0),LPG(18:0),LPG
LPG 18:1,LPG,GP,LPG 18:1,LPG 18:1,,MOLECULAR_SPECIES,510.29577,C24H47O9P,18:1,18,1,0,18:01,18,1,0,,,,,,,18:01,18,1,0,ESTER,0,0,0,0,ESTER,,,,,,,,,,,Glycerophospholipids [GP],glycerophosphoglycerols [GP04]|lysoglycerophospholipids,monoacylglycerophosphoglycerols [GP0405],mitochondrion,membrane component|lipid-mediated signalling,,headgroup with negative charge,,,positive intrinsic curvature,,FA with less than 2 double bonds,Monounsaturated fatty acid,FA with 18 carbons or less,FA with 16-18 carbons,Long-chain FA,PG(18:1/0:0),LPG(18:1),LPG
LPG 18:2,LPG,GP,LPG 18:2,LPG 18:2,,MOLECULAR_SPECIES,508.28012,C24H45O9P,18:2,18,2,0,18:02,18,2,0,,,,,,,18:02,18,2,0,ESTER,0,0,0,0,ESTER,,,,,,,,,,,Glycerophospholipids [GP],glycerophosphoglycerols [GP04]|lysoglycerophospholipids,monoacylglycerophosphoglycerols [GP0405],mitochondrion,membrane component|lipid-mediated signalling,,headgroup with negative charge,,,positive intrinsic curvature,,Polyunsaturated fatty acid,FA with 2 double bonds,FA with 18 carbons or less,FA with 16-18 carbons,Long-chain FA,PG(18:2/0:0),LPG(18:2),LPG
LPG 18:3,LPG,GP,LPG 18:3,LPG 18:3,,MOLECULAR_SPECIES,506.26447,C24H43O9P,18:3,18,3,0,18:03,18,3,0,,,,,,,18:03,18,3,0,ESTER,0,0,0,0,ESTER,,,,,,,,,,,Glycerophospholipids [GP],glycerophosphoglycerols [GP04]|lysoglycerophospholipids,monoacylglycerophosphoglycerols [GP0405],mitochondrion,membrane component|lipid-mediated signalling,,headgroup with negative charge,,,positive intrinsic curvature,,Polyunsaturated fatty acid,FA with more than 2 double bonds,FA with 18 carbons or less,FA with 16-18 carbons,Long-chain FA,PG(18:3/0:0),LPG(18:3),LPG
PA 32:0,PA,GP,PA 32:0,,,SPECIES,648.47301,C35H69O8P,32:0,32,0,0,,,,,,,,,,,,,,,,,,,,,,,,,,,,,,,Glycerophospholipids [GP],glycerophosphates [GP10],diacylglycerophosphates [GP1001],,lipid-mediated signalling|membrane component,,headgroup with negative charge,low lateral diffusion,high bilayer thickness,negative intrinsic curvature,very high transition temperature,,,,,,PA(32:0),PA(32:0),PA
PA 32:1,PA,GP,PA 32:1,,,SPECIES,646.45736,C35H67O8P,32:1,32,1,0,,,,,,,,,,,,,,,,,,,,,,,,,,,,,,,Glycerophospholipids [GP],glycerophosphates [GP10],diacylglycerophosphates [GP1001],,lipid-mediated signalling|membrane component,,headgroup with negative charge,average lateral diffusion,average bilayer thickness,negative intrinsic curvature,average transition temperature,,,,,,PA(32:1),PA(32:1),PA
PA 34:0,PA,GP,PA 34:0,,,SPECIES,676.50431,C37H73O8P,34:0,34,0,0,,,,,,,,,,,,,,,,,,,,,,,,,,,,,,,Glycerophospholipids [GP],glycerophosphates [GP10],diacylglycerophosphates [GP1001],,lipid-mediated signalling|membrane component,,headgroup with negative charge,low lateral diffusion,high bilayer thickness,negative intrinsic curvature,very high transition temperature,,,,,,PA(34:0),PA(34:0),PA
PA 34:1,PA,GP,PA 34:1,,,SPECIES,674.48866,C37H71O8P,34:1,34,1,0,,,,,,,,,,,,,,,,,,,,,,,,,,,,,,,Glycerophospholipids [GP],glycerophosphates [GP10],diacylglycerophosphates [GP1001],,lipid-mediated signalling|membrane component,,headgroup with negative charge,low lateral diffusion,high bilayer thickness,negative intrinsic curvature,high transition temperature,,,,,,PA(34:1),PA(34:1),PA
PA 34:2,PA,GP,PA 34:2,,,SPECIES,672.47301,C37H69O8P,34:2,34,2,0,,,,,,,,,,,,,,,,,,,,,,,,,,,,,,,Glycerophospholipids [GP],glycerophosphates [GP10],diacylglycerophosphates [GP1001],,lipid-mediated signalling|membrane component,,headgroup with negative charge,average lateral diffusion,average bilayer thickness,negative intrinsic curvature,low transition temperature,,,,,,PA(34:2),PA(34:2),PA
PA 36:0,PA,GP,PA 36:0,,,SPECIES,704.53561,C39H77O8P,36:0,36,0,0,,,,,,,,,,,,,,,,,,,,,,,,,,,,,,,Glycerophospholipids [GP],glycerophosphates [GP10],diacylglycerophosphates [GP1001],,lipid-mediated signalling|membrane component,,headgroup with negative charge,very low lateral diffusion,very high bilayer thickness,negative intrinsic curvature,very high transition temperature,,,,,,PA(36:0),PA(36:0),PA
PA 36:1,PA,GP,PA 36:1,,,SPECIES,702.51996,C39H75O8P,36:1,36,1,0,,,,,,,,,,,,,,,,,,,,,,,,,,,,,,,Glycerophospholipids [GP],glycerophosphates [GP10],diacylglycerophosphates [GP1001],,lipid-mediated signalling|membrane component,,headgroup with negative charge,low lateral diffusion,high bilayer thickness,negative intrinsic curvature,high transition temperature,,,,,,PA(36:1),PA(36:1),PA
PA 36:2,PA,GP,PA 36:2,,,SPECIES,700.50431,C39H73O8P,36:2,36,2,0,,,,,,,,,,,,,,,,,,,,,,,,,,,,,,,Glycerophospholipids [GP],glycerophosphates [GP10],diacylglycerophosphates [GP1001],,lipid-mediated signalling|membrane component,,headgroup with negative charge,average lateral diffusion,high bilayer thickness,negative intrinsic curvature,average transition temperature,,,,,,PA(36:2),PA(36:2),PA
PA 36:3,PA,GP,PA 36:3,,,SPECIES,698.48866,C39H71O8P,36:3,36,3,0,,,,,,,,,,,,,,,,,,,,,,,,,,,,,,,Glycerophospholipids [GP],glycerophosphates [GP10],diacylglycerophosphates [GP1001],,lipid-mediated signalling|membrane component,,headgroup with negative charge,high lateral diffusion,average bilayer thickness,negative intrinsic curvature,low transition temperature,,,,,,PA(36:3),PA(36:3),PA
PA 36:4,PA,GP,PA 36:4,,,SPECIES,696.47301,C39H69O8P,36:4,36,4,0,,,,,,,,,,,,,,,,,,,,,,,,,,,,,,,Glycerophospholipids [GP],glycerophosphates [GP10],diacylglycerophosphates [GP1001],,lipid-mediated signalling|membrane component,,headgroup with negative charge,high lateral diffusion,low bilayer thickness,negative intrinsic curvature,very low transition temperature,,,,,,PA(36:4),PA(36:4),PA
PA 38:0,PA,GP,PA 38:0,,,SPECIES,732.56691,C41H81O8P,38:0,38,0,0,,,,,,,,,,,,,,,,,,,,,,,,,,,,,,,Glycerophospholipids [GP],glycerophosphates [GP10],diacylglycerophosphates [GP1001],,lipid-mediated signalling|membrane component,,headgroup with negative charge,very low lateral diffusion,very high bilayer thickness,negative intrinsic curvature,very high transition temperature,,,,,,PA(38:0),PA(38:0),PA
PA 38:1,PA,GP,PA 38:1,,,SPECIES,730.55126,C41H79O8P,38:1,38,1,0,,,,,,,,,,,,,,,,,,,,,,,,,,,,,,,Glycerophospholipids [GP],glycerophosphates [GP10],diacylglycerophosphates [GP1001],,lipid-mediated signalling|membrane component,,headgroup with negative charge,very low lateral diffusion,very high bilayer thickness,negative intrinsic curvature,high transition temperature,,,,,,PA(38:1),PA(38:1),PA
PA 38:2,PA,GP,PA 38:2,,,SPECIES,728.53561,C41H77O8P,38:2,38,2,0,,,,,,,,,,,,,,,,,,,,,,,,,,,,,,,Glycerophospholipids [GP],glycerophosphates [GP10],diacylglycerophosphates [GP1001],,lipid-mediated signalling|membrane component,,headgroup with negative charge,low lateral diffusion,high bilayer thickness,negative intrinsic curvature,average transition temperature,,,,,,PA(38:2),PA(38:2),PA
PA 38:3,PA,GP,PA 38:3,,,SPECIES,726.51996,C41H75O8P,38:3,38,3,0,,,,,,,,,,,,,,,,,,,,,,,,,,,,,,,Glycerophospholipids [GP],glycerophosphates [GP10],diacylglycerophosphates [GP1001],,lipid-mediated signalling|membrane component,,headgroup with negative charge,average lateral diffusion,high bilayer thickness,negative intrinsic curvature,low transition temperature,,,,,,PA(38:3),PA(38:3),PA
PA 38:4,PA,GP,PA 38:4,,,SPECIES,724.50431,C41H73O8P,38:4,38,4,0,,,,,,,,,,,,,,,,,,,,,,,,,,,,,,,Glycerophospholipids [GP],glycerophosphates [GP10],diacylglycerophosphates [GP1001],,lipid-mediated signalling|membrane component,,headgroup with negative charge,high lateral diffusion,average bilayer thickness,negative intrinsic curvature,very low transition temperature,,,,,,PA(38:4),PA(38:4),PA
PA 40:0,PA,GP,PA 40:0,,,SPECIES,760.59821,C43H85O8P,40:0,40,0,0,,,,,,,,,,,,,,,,,,,,,,,,,,,,,,,Glycerophospholipids [GP],glycerophosphates [GP10],diacylglycerophosphates [GP1001],,lipid-mediated signalling|membrane component,,headgroup with negative charge,very low lateral diffusion,very high bilayer thickness,negative intrinsic curvature,very high transition temperature,,,,,,PA(40:0),PA(40:0),PA
PA 40:1,PA,GP,PA 40:1,,,SPECIES,758.58256,C43H83O8P,40:1,40,1,0,,,,,,,,,,,,,,,,,,,,,,,,,,,,,,,Glycerophospholipids [GP],glycerophosphates [GP10],diacylglycerophosphates [GP1001],,lipid-mediated signalling|membrane component,,headgroup with negative charge,very low lateral diffusion,very high bilayer thickness,negative intrinsic curvature,high transition temperature,,,,,,PA(40:1),PA(40:1),PA
PA 40:2,PA,GP,PA 40:2,,,SPECIES,756.56691,C43H81O8P,40:2,40,2,0,,,,,,,,,,,,,,,,,,,,,,,,,,,,,,,Glycerophospholipids [GP],glycerophosphates [GP10],diacylglycerophosphates [GP1001],,lipid-mediated signalling|membrane component,,headgroup with negative charge,low lateral diffusion,very high bilayer thickness,negative intrinsic curvature,average transition temperature,,,,,,PA(40:2),PA(40:2),PA
PA 40:3,PA,GP,PA 40:3,,,SPECIES,754.55126,C43H79O8P,40:3,40,3,0,,,,,,,,,,,,,,,,,,,,,,,,,,,,,,,Glycerophospholipids [GP],glycerophosphates [GP10],diacylglycerophosphates [GP1001],,lipid-mediated signalling|membrane component,,headgroup with negative charge,low lateral diffusion,high bilayer thickness,negative intrinsic curvature,low transition temperature,,,,,,PA(40:3),PA(40:3),PA
PA 40:4,PA,GP,PA 40:4,,,SPECIES,752.53561,C43H77O8P,40:4,40,4,0,,,,,,,,,,,,,,,,,,,,,,,,,,,,,,,Glycerophospholipids [GP],glycerophosphates [GP10],diacylglycerophosphates [GP1001],,lipid-mediated signalling|membrane component,,headgroup with negative charge,average lateral diffusion,high bilayer thickness,negative intrinsic curvature,very low transition temperature,,,,,,PA(40:4),PA(40:4),PA
LPA 16:0,LPA,GP,LPA 16:0,LPA 16:0,,MOLECULAR_SPECIES,410.24334,C19H39O7P,16:0,16,0,0,16:00,16,0,0,,,,,,,16:00,16,0,0,ESTER,0,0,0,0,ESTER,,,,,,,,,,,Glycerophospholipids [GP],glycerophosphates [GP10]|lysoglycerophospholipids,monoacylglycerophosphates [GP1005],,lipid-mediated signalling|membrane component,,headgroup with negative charge,,,positive intrinsic curvature,,FA with less than 2 double bonds,Saturated fatty acid,FA with 18 carbons or less,FA with 16-18 carbons,Long-chain FA,PA(16:0/0:0),LPA(16:0),LPA
LPA 16:1,LPA,GP,LPA 16:1,LPA 16:1,,MOLECULAR_SPECIES,408.22769,C19H37O7P,16:1,16,1,0,16:01,16,1,0,,,,,,,16:01,16,1,0,ESTER,0,0,0,0,ESTER,,,,,,,,,,,Glycerophospholipids [GP],glycerophosphates [GP10]|lysoglycerophospholipids,monoacylglycerophosphates [GP1005],,lipid-mediated signalling|membrane component,,headgroup with negative charge,,,positive intrinsic curvature,,FA with less than 2 double bonds,Monounsaturated fatty acid,FA with 18 carbons or less,FA with 16-18 carbons,Long-chain FA,PA(16:1/0:0),LPA(16:1),LPA
LPA 18:0,LPA,GP,LPA 18:0,LPA 18:0,,MOLECULAR_SPECIES,438.27464,C21H43O7P,18:0,18,0,0,18:00,18,0,0,,,,,,,18:00,18,0,0,ESTER,0,0,0,0,ESTER,,,,,,,,,,,Glycerophospholipids [GP],glycerophosphates [GP10]|lysoglycerophospholipids,monoacylglycerophosphates [GP1005],,lipid-mediated signalling|membrane component,,headgroup with negative charge,,,positive intrinsic curvature,,FA with less than 2 double bonds,Saturated fatty acid,FA with 18 carbons or less,FA with 16-18 carbons,Long-chain FA,PA(18:0/0:0),LPA(18:0),LPA
LPA 18:1,LPA,GP,LPA 18:1,LPA 18:1,,MOLECULAR_SPECIES,436.25899,C21H41O7P,18:1,18,1,0,18:01,18,1,0,,,,,,,18:01,18,1,0,ESTER,0,0,0,0,ESTER,,,,,,,,,,,Glycerophospholipids [GP],glycerophosphates [GP10]|lysoglycerophospholipids,monoacylglycerophosphates [GP1005],,lipid-mediated signalling|membrane component,,headgroup with negative charge,,,positive intrinsic curvature,,FA with less than 2 double bonds,Monounsaturated fatty acid,FA with 18 carbons or less,FA with 16-18 carbons,Long-chain FA,PA(18:1/0:0),LPA(18:1),LPA
LPA 18:2,LPA,GP,LPA 18:2,LPA 18:2,,MOLECULAR_SPECIES,434.24334,C21H39O7P,18:2,18,2,0,18:02,18,2,0,,,,,,,18:02,18,2,0,ESTER,0,0,0,0,ESTER,,,,,,,,,,,Glycerophospholipids [GP],glycerophosphates [GP10]|lysoglycerophospholipids,monoacylglycerophosphates [GP1005],,lipid-mediated signalling|membrane component,,headgroup with negative charge,,,positive intrinsic curvature,,Polyunsaturated fatty acid,FA with 2 double bonds,FA with 18 carbons or less,FA with 16-18 carbons,Long-chain FA,PA(18:2/0:0),LPA(18:2),LPA
LPA 20:0,LPA,GP,LPA 20:0,LPA 20:0,,MOLECULAR_SPECIES,466.30594,C23H47O7P,20:0,20,0,0,20:00,20,0,0,,,,,,,20:00,20,0,0,ESTER,0,0,0,0,ESTER,,,,,,,,,,,Glycerophospholipids [GP],glycerophosphates [GP10]|lysoglycerophospholipids,monoacylglycerophosphates [GP1005],,lipid-mediated signalling|membrane component,,headgroup with negative charge,,,positive intrinsic curvature,,FA with less than 2 double bonds,Saturated fatty acid,FA with more than 18 carbons,FA with 19-21 carbons,Long-chain FA,PA(20:0/0:0),LPA(20:0),LPA
LPA 20:1,LPA,GP,LPA 20:1,LPA 20:1,,MOLECULAR_SPECIES,464.29029,C23H45O7P,20:1,20,1,0,20:01,20,1,0,,,,,,,20:01,20,1,0,ESTER,0,0,0,0,ESTER,,,,,,,,,,,Glycerophospholipids [GP],glycerophosphates [GP10]|lysoglycerophospholipids,monoacylglycerophosphates [GP1005],,lipid-mediated signalling|membrane component,,headgroup with negative charge,,,positive intrinsic curvature,,FA with less than 2 double bonds,Monounsaturated fatty acid,FA with more than 18 carbons,FA with 19-21 carbons,Long-chain FA,PA(20:1/0:0),LPA(20:1),LPA
LPA 20:2,LPA,GP,LPA 20:2,LPA 20:2,,MOLECULAR_SPECIES,462.27464,C23H43O7P,20:2,20,2,0,20:02,20,2,0,,,,,,,20:02,20,2,0,ESTER,0,0,0,0,ESTER,,,,,,,,,,,Glycerophospholipids [GP],glycerophosphates [GP10]|lysoglycerophospholipids,monoacylglycerophosphates [GP1005],,lipid-mediated signalling|membrane component,,headgroup with negative charge,,,positive intrinsic curvature,,Polyunsaturated fatty acid,FA with 2 double bonds,FA with more than 18 carbons,FA with 19-21 carbons,Long-chain FA,PA(20:2/0:0),LPA(20:2),LPA
LPA 20:3,LPA,GP,LPA 20:3,LPA 20:3,,MOLECULAR_SPECIES,460.25899,C23H41O7P,20:3,20,3,0,20:03,20,3,0,,,,,,,20:03,20,3,0,ESTER,0,0,0,0,ESTER,,,,,,,,,,,Glycerophospholipids [GP],glycerophosphates [GP10]|lysoglycerophospholipids,monoacylglycerophosphates [GP1005],,lipid-mediated signalling|membrane component,,headgroup with negative charge,,,positive intrinsic curvature,,Polyunsaturated fatty acid,FA with more than 2 double bonds,FA with more than 18 carbons,FA with 19-21 carbons,Long-chain FA,PA(20:3/0:0),LPA(20:3),LPA
LPA 20:4,LPA,GP,LPA 20:4,LPA 20:4,,MOLECULAR_SPECIES,458.24334,C23H39O7P,20:4,20,4,0,20:04,20,4,0,,,,,,,20:04,20,4,0,ESTER,0,0,0,0,ESTER,,,,,,,,,,,Glycerophospholipids [GP],glycerophosphates [GP10]|lysoglycerophospholipids,monoacylglycerophosphates [GP1005],,lipid-mediated signalling|membrane component,,headgroup with negative charge,,,positive intrinsic curvature,,Polyunsaturated fatty acid,FA with more than 2 double bonds,FA with more than 18 carbons,FA with 19-21 carbons,Long-chain FA,PA(20:4/0:0),LPA(20:4),LPA
MG 16:0,MG,GL,MG 16:0,MG 16:0,,MOLECULAR_SPECIES,330.27701,C19H38O4,16:0,16,0,0,16:00,16,0,0,,,,,,,16:00,16,0,0,ESTER,,,,,ESTER,,,,,ESTER,,,,,,Glycerolipids [GL],Monoradylglycerols [GL01],Monoacylglycerols [GL0101],,,,,,,,,FA with less than 2 double bonds,Saturated fatty acid,FA with 18 carbons or less,FA with 16-18 carbons,Long-chain FA,MG(16:0),MG(16:0),MG
MG 16:1,MG,GL,MG 16:1,MG 16:1,,MOLECULAR_SPECIES,328.26136,C19H36O4,16:1,16,1,0,16:01,16,1,0,,,,,,,16:01,16,1,0,ESTER,,,,,ESTER,,,,,ESTER,,,,,,Glycerolipids [GL],Monoradylglycerols [GL01],Monoacylglycerols [GL0101],,,,,,,,,FA with less than 2 double bonds,Monounsaturated fatty acid,FA with 18 carbons or less,FA with 16-18 carbons,Long-chain FA,MG(16:1),MG(16:1),MG
MG 16:2,MG,GL,MG 16:2,MG 16:2,,MOLECULAR_SPECIES,326.24571,C19H34O4,16:2,16,2,0,16:02,16,2,0,,,,,,,16:02,16,2,0,ESTER,,,,,ESTER,,,,,ESTER,,,,,,Glycerolipids [GL],Monoradylglycerols [GL01],Monoacylglycerols [GL0101],,,,,,,,,Polyunsaturated fatty acid,FA with 2 double bonds,FA with 18 carbons or less,FA with 16-18 carbons,Long-chain FA,MG(16:2),MG(16:2),MG
MG 18:0,MG,GL,MG 18:0,MG 18:0,,MOLECULAR_SPECIES,358.30831,C21H42O4,18:0,18,0,0,18:00,18,0,0,,,,,,,18:00,18,0,0,ESTER,,,,,ESTER,,,,,ESTER,,,,,,Glycerolipids [GL],Monoradylglycerols [GL01],Monoacylglycerols [GL0101],,,,,,,,,FA with less than 2 double bonds,Saturated fatty acid,FA with 18 carbons or less,FA with 16-18 carbons,Long-chain FA,MG(18:0),MG(18:0),MG
MG 18:1,MG,GL,MG 18:1,MG 18:1,,MOLECULAR_SPECIES,356.29266,C21H40O4,18:1,18,1,0,18:01,18,1,0,,,,,,,18:01,18,1,0,ESTER,,,,,ESTER,,,,,ESTER,,,,,,Glycerolipids [GL],Monoradylglycerols [GL01],Monoacylglycerols [GL0101],,,,,,,,,FA with less than 2 double bonds,Monounsaturated fatty acid,FA with 18 carbons or less,FA with 16-18 carbons,Long-chain FA,MG(18:1),MG(18:1),MG
MG 18:2,MG,GL,MG 18:2,MG 18:2,,MOLECULAR_SPECIES,354.27701,C21H38O4,18:2,18,2,0,18:02,18,2,0,,,,,,,18:02,18,2,0,ESTER,,,,,ESTER,,,,,ESTER,,,,,,Glycerolipids [GL],Monoradylglycerols [GL01],Monoacylglycerols [GL0101],,,,,,,,,Polyunsaturated fatty acid,FA with 2 double bonds,FA with 18 carbons or less,FA with 16-18 carbons,Long-chain FA,MG(18:2),MG(18:2),MG
MG 18:3,MG,GL,MG 18:3,MG 18:3,,MOLECULAR_SPECIES,352.26136,C21H36O4,18:3,18,3,0,18:03,18,3,0,,,,,,,18:03,18,3,0,ESTER,,,,,ESTER,,,,,ESTER,,,,,,Glycerolipids [GL],Monoradylglycerols [GL01],Monoacylglycerols [GL0101],,,,,,,,,Polyunsaturated fatty acid,FA with more than 2 double bonds,FA with 18 carbons or less,FA with 16-18 carbons,Long-chain FA,MG(18:3),MG(18:3),MG
MG 20:0,MG,GL,MG 20:0,MG 20:0,,MOLECULAR_SPECIES,386.33961,C23H46O4,20:0,20,0,0,20:00,20,0,0,,,,,,,20:00,20,0,0,ESTER,,,,,ESTER,,,,,ESTER,,,,,,Glycerolipids [GL],Monoradylglycerols [GL01],Monoacylglycerols [GL0101],,,,,,,,,FA with less than 2 double bonds,Saturated fatty acid,FA with more than 18 carbons,FA with 19-21 carbons,Long-chain FA,MG(20:0),MG(20:0),MG
MG 20:1,MG,GL,MG 20:1,MG 20:1,,MOLECULAR_SPECIES,384.32396,C23H44O4,20:1,20,1,0,20:01,20,1,0,,,,,,,20:01,20,1,0,ESTER,,,,,ESTER,,,,,ESTER,,,,,,Glycerolipids [GL],Monoradylglycerols [GL01],Monoacylglycerols [GL0101],,,,,,,,,FA with less than 2 double bonds,Monounsaturated fatty acid,FA with more than 18 carbons,FA with 19-21 carbons,Long-chain FA,MG(20:1),MG(20:1),MG
MG 20:2,MG,GL,MG 20:2,MG 20:2,,MOLECULAR_SPECIES,382.30831,C23H42O4,20:2,20,2,0,20:02,20,2,0,,,,,,,20:02,20,2,0,ESTER,,,,,ESTER,,,,,ESTER,,,,,,Glycerolipids [GL],Monoradylglycerols [GL01],Monoacylglycerols [GL0101],,,,,,,,,Polyunsaturated fatty acid,FA with 2 double bonds,FA with more than 18 carbons,FA with 19-21 carbons,Long-chain FA,MG(20:2),MG(20:2),MG
MG 22:0,MG,GL,MG 22:0,MG 22:0,,MOLECULAR_SPECIES,414.37091,C25H50O4,22:0,22,0,0,22:00,22,0,0,,,,,,,22:00,22,0,0,ESTER,,,,,ESTER,,,,,ESTER,,,,,,Glycerolipids [GL],Monoradylglycerols [GL01],Monoacylglycerols [GL0101],,,,,,,,,FA with less than 2 double bonds,Saturated fatty acid,FA with more than 18 carbons,FA with 22-24 carbons,Very long-chain FA,MG(22:0),MG(22:0),MG
MG 22:1,MG,GL,MG 22:1,MG 22:1,,MOLECULAR_SPECIES,412.35526,C25H48O4,22:1,22,1,0,22:01,22,1,0,,,,,,,22:01,22,1,0,ESTER,,,,,ESTER,,,,,ESTER,,,,,,Glycerolipids [GL],Monoradylglycerols [GL01],Monoacylglycerols [GL0101],,,,,,,,,FA with less than 2 double bonds,Monounsaturated fatty acid,FA with more than 18 carbons,FA with 22-24 carbons,Very long-chain FA,MG(22:1),MG(22:1),MG
MG 22:2,MG,GL,MG 22:2,MG 22:2,,MOLECULAR_SPECIES,410.33961,C25H46O4,22:2,22,2,0,22:02,22,2,0,,,,,,,22:02,22,2,0,ESTER,,,,,ESTER,,,,,ESTER,,,,,,Glycerolipids [GL],Monoradylglycerols [GL01],Monoacylglycerols [GL0101],,,,,,,,,Polyunsaturated fatty acid,FA with 2 double bonds,FA with more than 18 carbons,FA with 22-24 carbons,Very long-chain FA,MG(22:2),MG(22:2),MG
MG 22:3,MG,GL,MG 22:3,MG 22:3,,MOLECULAR_SPECIES,408.32396,C25H44O4,22:3,22,3,0,22:03,22,3,0,,,,,,,22:03,22,3,0,ESTER,,,,,ESTER,,,,,ESTER,,,,,,Glycerolipids [GL],Monoradylglycerols [GL01],Monoacylglycerols [GL0101],,,,,,,,,Polyunsaturated fatty acid,FA with more than 2 double bonds,FA with more than 18 carbons,FA with 22-24 carbons,Very long-chain FA,MG(22:3),MG(22:3),MG
MG 24:0,MG,GL,MG 24:0,MG 24:0,,MOLECULAR_SPECIES,442.40221,C27H54O4,24:0,24,0,0,24:00:00,24,0,0,,,,,,,24:00:00,24,0,0,ESTER,,,,,ESTER,,,,,ESTER,,,,,,Glycerolipids [GL],Monoradylglycerols [GL01],Monoacylglycerols [GL0101],,,,,,,,,FA with less than 2 double bonds,Saturated fatty acid,FA with more than 18 carbons,FA with 22-24 carbons,Very long-chain FA,MG(24:0),MG(24:0),MG
MG 24:1,MG,GL,MG 24:1,MG 24:1,,MOLECULAR_SPECIES,440.38656,C27H52O4,24:1,24,1,0,24:01:00,24,1,0,,,,,,,24:01:00,24,1,0,ESTER,,,,,ESTER,,,,,ESTER,,,,,,Glycerolipids [GL],Monoradylglycerols [GL01],Monoacylglycerols [GL0101],,,,,,,,,FA with less than 2 double bonds,Monounsaturated fatty acid,FA with more than 18 carbons,FA with 22-24 carbons,Very long-chain FA,MG(24:1),MG(24:1),MG
MG 24:2,MG,GL,MG 24:2,MG 24:2,,MOLECULAR_SPECIES,438.37091,C27H50O4,24:2,24,2,0,24:02:00,24,2,0,,,,,,,24:02:00,24,2,0,ESTER,,,,,ESTER,,,,,ESTER,,,,,,Glycerolipids [GL],Monoradylglycerols [GL01],Monoacylglycerols [GL0101],,,,,,,,,Polyunsaturated fatty acid,FA with 2 double bonds,FA with more than 18 carbons,FA with 22-24 carbons,Very long-chain FA,MG(24:2),MG(24:2),MG
MG 24:3,MG,GL,MG 24:3,MG 24:3,,MOLECULAR_SPECIES,436.35526,C27H48O4,24:3,24,3,0,24:03:00,24,3,0,,,,,,,24:03:00,24,3,0,ESTER,,,,,ESTER,,,,,ESTER,,,,,,Glycerolipids [GL],Monoradylglycerols [GL01],Monoacylglycerols [GL0101],,,,,,,,,Polyunsaturated fatty acid,FA with more than 2 double bonds,FA with more than 18 carbons,FA with 22-24 carbons,Very long-chain FA,MG(24:3),MG(24:3),MG
DG 32:0,DG,GL,DG 32:0,,,SPECIES,568.50668,C35H68O5,32:0,32,0,0,,,,,,,,,,,,,,,,,,,,,,,,,,,,,,,Glycerolipids [GL],diradylglycerols [GL02],diacylglycerols [GL0201],,lipid-mediated signalling|membrane component,,headgroup with neutral charge,,,negative intrinsic curvature,,,,,,,DG(32:0),DG(32:0),1_2-DG
DG 32:1,DG,GL,DG 32:1,,,SPECIES,566.49103,C35H66O5,32:1,32,1,0,,,,,,,,,,,,,,,,,,,,,,,,,,,,,,,Glycerolipids [GL],diradylglycerols [GL02],diacylglycerols [GL0201],,lipid-mediated signalling|membrane component,,headgroup with neutral charge,,,negative intrinsic curvature,,,,,,,DG(32:1),DG(32:1),1_2-DG
DG 32:2,DG,GL,DG 32:2,,,SPECIES,564.47538,C35H64O5,32:2,32,2,0,,,,,,,,,,,,,,,,,,,,,,,,,,,,,,,Glycerolipids [GL],diradylglycerols [GL02],diacylglycerols [GL0201],,lipid-mediated signalling|membrane component,,headgroup with neutral charge,,,negative intrinsic curvature,,,,,,,DG(32:2),DG(32:2),1_2-DG
DG 32:3,DG,GL,DG 32:3,,,SPECIES,562.45973,C35H62O5,32:3,32,3,0,,,,,,,,,,,,,,,,,,,,,,,,,,,,,,,Glycerolipids [GL],diradylglycerols [GL02],diacylglycerols [GL0201],,lipid-mediated signalling|membrane component,,headgroup with neutral charge,,,negative intrinsic curvature,,,,,,,DG(32:3),DG(32:3),1_2-DG
DG 32:4,DG,GL,DG 32:4,,,SPECIES,560.44408,C35H60O5,32:4,32,4,0,,,,,,,,,,,,,,,,,,,,,,,,,,,,,,,Glycerolipids [GL],diradylglycerols [GL02],diacylglycerols [GL0201],,lipid-mediated signalling|membrane component,,headgroup with neutral charge,,,negative intrinsic curvature,,,,,,,DG(32:4),DG(32:4),1_2-DG
DG 32:5,DG,GL,DG 32:5,,,SPECIES,558.42843,C35H58O5,32:5,32,5,0,,,,,,,,,,,,,,,,,,,,,,,,,,,,,,,Glycerolipids [GL],diradylglycerols [GL02],diacylglycerols [GL0201],,,,,,,,,,,,,,DG(32:5),DG(32:5),1_2-DG
DG 34:0,DG,GL,DG 34:0,,,SPECIES,596.53798,C37H72O5,34:0,34,0,0,,,,,,,,,,,,,,,,,,,,,,,,,,,,,,,Glycerolipids [GL],diradylglycerols [GL02],diacylglycerols [GL0201],,lipid-mediated signalling|membrane component,,headgroup with neutral charge,,,negative intrinsic curvature,,,,,,,DG(34:0),DG(34:0),1_2-DG
DG 34:1,DG,GL,DG 34:1,,,SPECIES,594.52233,C37H70O5,34:1,34,1,0,,,,,,,,,,,,,,,,,,,,,,,,,,,,,,,Glycerolipids [GL],diradylglycerols [GL02],diacylglycerols [GL0201],,lipid-mediated signalling|membrane component,,headgroup with neutral charge,,,negative intrinsic curvature,,,,,,,DG(34:1),DG(34:1),1_2-DG
DG 34:2,DG,GL,DG 34:2,,,SPECIES,592.50668,C37H68O5,34:2,34,2,0,,,,,,,,,,,,,,,,,,,,,,,,,,,,,,,Glycerolipids [GL],diradylglycerols [GL02],diacylglycerols [GL0201],,lipid-mediated signalling|membrane component,,headgroup with neutral charge,,,negative intrinsic curvature,,,,,,,DG(34:2),DG(34:2),1_2-DG
DG 34:3,DG,GL,DG 34:3,,,SPECIES,590.49103,C37H66O5,34:3,34,3,0,,,,,,,,,,,,,,,,,,,,,,,,,,,,,,,Glycerolipids [GL],diradylglycerols [GL02],diacylglycerols [GL0201],,lipid-mediated signalling|membrane component,,headgroup with neutral charge,,,negative intrinsic curvature,,,,,,,DG(34:3),DG(34:3),1_2-DG
DG 34:4,DG,GL,DG 34:4,,,SPECIES,588.47538,C37H64O5,34:4,34,4,0,,,,,,,,,,,,,,,,,,,,,,,,,,,,,,,Glycerolipids [GL],diradylglycerols [GL02],diacylglycerols [GL0201],,lipid-mediated signalling|membrane component,,headgroup with neutral charge,,,negative intrinsic curvature,,,,,,,DG(34:4),DG(34:4),1_2-DG
DG 34:5,DG,GL,DG 34:5,,,SPECIES,586.45973,C37H62O5,34:5,34,5,0,,,,,,,,,,,,,,,,,,,,,,,,,,,,,,,Glycerolipids [GL],diradylglycerols [GL02],diacylglycerols [GL0201],,lipid-mediated signalling|membrane component,,headgroup with neutral charge,,,negative intrinsic curvature,,,,,,,DG(34:5),DG(34:5),1_2-DG
DG 34:6,DG,GL,DG 34:6,,,SPECIES,584.44408,C37H60O5,34:6,34,6,0,,,,,,,,,,,,,,,,,,,,,,,,,,,,,,,Glycerolipids [GL],diradylglycerols [GL02],diacylglycerols [GL0201],,lipid-mediated signalling|membrane component,,headgroup with neutral charge,,,negative intrinsic curvature,,,,,,,DG(34:6),DG(34:6),1_2-DG
DG 36:0,DG,GL,DG 36:0,,,SPECIES,624.56928,C39H76O5,36:0,36,0,0,,,,,,,,,,,,,,,,,,,,,,,,,,,,,,,Glycerolipids [GL],diradylglycerols [GL02],diacylglycerols [GL0201],,lipid-mediated signalling|membrane component,,headgroup with neutral charge,,,negative intrinsic curvature,,,,,,,DG(36:0),DG(36:0),1_2-DG
DG 36:1,DG,GL,DG 36:1,,,SPECIES,622.55363,C39H74O5,36:1,36,1,0,,,,,,,,,,,,,,,,,,,,,,,,,,,,,,,Glycerolipids [GL],diradylglycerols [GL02],diacylglycerols [GL0201],,lipid-mediated signalling|membrane component,,headgroup with neutral charge,,,negative intrinsic curvature,,,,,,,DG(36:1),DG(36:1),1_2-DG
DG 36:2,DG,GL,DG 36:2,,,SPECIES,620.53798,C39H72O5,36:2,36,2,0,,,,,,,,,,,,,,,,,,,,,,,,,,,,,,,Glycerolipids [GL],diradylglycerols [GL02],diacylglycerols [GL0201],,lipid-mediated signalling|membrane component,,headgroup with neutral charge,,,negative intrinsic curvature,,,,,,,DG(36:2),DG(36:2),1_2-DG
DG 36:3,DG,GL,DG 36:3,,,SPECIES,618.52233,C39H70O5,36:3,36,3,0,,,,,,,,,,,,,,,,,,,,,,,,,,,,,,,Glycerolipids [GL],diradylglycerols [GL02],diacylglycerols [GL0201],,lipid-mediated signalling|membrane component,,headgroup with neutral charge,,,negative intrinsic curvature,,,,,,,DG(36:3),DG(36:3),1_2-DG
DG 36:4,DG,GL,DG 36:4,,,SPECIES,616.50668,C39H68O5,36:4,36,4,0,,,,,,,,,,,,,,,,,,,,,,,,,,,,,,,Glycerolipids [GL],diradylglycerols [GL02],diacylglycerols [GL0201],,lipid-mediated signalling|membrane component,,headgroup with neutral charge,,,negative intrinsic curvature,,,,,,,DG(36:4),DG(36:4),1_2-DG
DG 36:5,DG,GL,DG 36:5,,,SPECIES,614.49103,C39H66O5,36:5,36,5,0,,,,,,,,,,,,,,,,,,,,,,,,,,,,,,,Glycerolipids [GL],diradylglycerols [GL02],diacylglycerols [GL0201],,lipid-mediated signalling|membrane component,,headgroup with neutral charge,,,negative intrinsic curvature,,,,,,,DG(36:5),DG(36:5),1_2-DG
DG 36:6,DG,GL,DG 36:6,,,SPECIES,612.47538,C39H64O5,36:6,36,6,0,,,,,,,,,,,,,,,,,,,,,,,,,,,,,,,Glycerolipids [GL],diradylglycerols [GL02],diacylglycerols [GL0201],,lipid-mediated signalling|membrane component,,headgroup with neutral charge,,,negative intrinsic curvature,,,,,,,DG(36:6),DG(36:6),1_2-DG
DG 38:0,DG,GL,DG 38:0,,,SPECIES,652.60058,C41H80O5,38:0,38,0,0,,,,,,,,,,,,,,,,,,,,,,,,,,,,,,,Glycerolipids [GL],diradylglycerols [GL02],diacylglycerols [GL0201],,lipid-mediated signalling|membrane component,,headgroup with neutral charge,,,negative intrinsic curvature,,,,,,,DG(38:0),DG(38:0),1_2-DG
DG 38:1,DG,GL,DG 38:1,,,SPECIES,650.58493,C41H78O5,38:1,38,1,0,,,,,,,,,,,,,,,,,,,,,,,,,,,,,,,Glycerolipids [GL],diradylglycerols [GL02],diacylglycerols [GL0201],,lipid-mediated signalling|membrane component,,headgroup with neutral charge,,,negative intrinsic curvature,,,,,,,DG(38:1),DG(38:1),1_2-DG
DG 38:2,DG,GL,DG 38:2,,,SPECIES,648.56928,C41H76O5,38:2,38,2,0,,,,,,,,,,,,,,,,,,,,,,,,,,,,,,,Glycerolipids [GL],diradylglycerols [GL02],diacylglycerols [GL0201],,lipid-mediated signalling|membrane component,,headgroup with neutral charge,,,negative intrinsic curvature,,,,,,,DG(38:2),DG(38:2),1_2-DG
DG 38:3,DG,GL,DG 38:3,,,SPECIES,646.55363,C41H74O5,38:3,38,3,0,,,,,,,,,,,,,,,,,,,,,,,,,,,,,,,Glycerolipids [GL],diradylglycerols [GL02],diacylglycerols [GL0201],,lipid-mediated signalling|membrane component,,headgroup with neutral charge,,,negative intrinsic curvature,,,,,,,DG(38:3),DG(38:3),1_2-DG
DG 38:4,DG,GL,DG 38:4,,,SPECIES,644.53798,C41H72O5,38:4,38,4,0,,,,,,,,,,,,,,,,,,,,,,,,,,,,,,,Glycerolipids [GL],diradylglycerols [GL02],diacylglycerols [GL0201],,lipid-mediated signalling|membrane component,,headgroup with neutral charge,,,negative intrinsic curvature,,,,,,,DG(38:4),DG(38:4),1_2-DG
DG 38:5,DG,GL,DG 38:5,,,SPECIES,642.52233,C41H70O5,38:5,38,5,0,,,,,,,,,,,,,,,,,,,,,,,,,,,,,,,Glycerolipids [GL],diradylglycerols [GL02],diacylglycerols [GL0201],,lipid-mediated signalling|membrane component,,headgroup with neutral charge,,,negative intrinsic curvature,,,,,,,DG(38:5),DG(38:5),1_2-DG
DG 38:6,DG,GL,DG 38:6,,,SPECIES,640.50668,C41H68O5,38:6,38,6,0,,,,,,,,,,,,,,,,,,,,,,,,,,,,,,,Glycerolipids [GL],diradylglycerols [GL02],diacylglycerols [GL0201],,lipid-mediated signalling|membrane component,,headgroup with neutral charge,,,negative intrinsic curvature,,,,,,,DG(38:6),DG(38:6),1_2-DG
DG 40:0,DG,GL,DG 40:0,,,SPECIES,680.63188,C43H84O5,40:0,40,0,0,,,,,,,,,,,,,,,,,,,,,,,,,,,,,,,Glycerolipids [GL],diradylglycerols [GL02],diacylglycerols [GL0201],,lipid-mediated signalling|membrane component,,headgroup with neutral charge,,,negative intrinsic curvature,,,,,,,DG(40:0),DG(40:0),1_2-DG
DG 40:1,DG,GL,DG 40:1,,,SPECIES,678.61623,C43H82O5,40:1,40,1,0,,,,,,,,,,,,,,,,,,,,,,,,,,,,,,,Glycerolipids [GL],diradylglycerols [GL02],diacylglycerols [GL0201],,lipid-mediated signalling|membrane component,,headgroup with neutral charge,,,negative intrinsic curvature,,,,,,,DG(40:1),DG(40:1),1_2-DG
DG 40:2,DG,GL,DG 40:2,,,SPECIES,676.60058,C43H80O5,40:2,40,2,0,,,,,,,,,,,,,,,,,,,,,,,,,,,,,,,Glycerolipids [GL],diradylglycerols [GL02],diacylglycerols [GL0201],,lipid-mediated signalling|membrane component,,headgroup with neutral charge,,,negative intrinsic curvature,,,,,,,DG(40:2),DG(40:2),1_2-DG
DG 40:3,DG,GL,DG 40:3,,,SPECIES,674.58493,C43H78O5,40:3,40,3,0,,,,,,,,,,,,,,,,,,,,,,,,,,,,,,,Glycerolipids [GL],diradylglycerols [GL02],diacylglycerols [GL0201],,lipid-mediated signalling|membrane component,,headgroup with neutral charge,,,negative intrinsic curvature,,,,,,,DG(40:3),DG(40:3),1_2-DG
DG 40:4,DG,GL,DG 40:4,,,SPECIES,672.56928,C43H76O5,40:4,40,4,0,,,,,,,,,,,,,,,,,,,,,,,,,,,,,,,Glycerolipids [GL],diradylglycerols [GL02],diacylglycerols [GL0201],,lipid-mediated signalling|membrane component,,headgroup with neutral charge,,,negative intrinsic curvature,,,,,,,DG(40:4),DG(40:4),1_2-DG
DG 40:5,DG,GL,DG 40:5,,,SPECIES,670.55363,C43H74O5,40:5,40,5,0,,,,,,,,,,,,,,,,,,,,,,,,,,,,,,,Glycerolipids [GL],diradylglycerols [GL02],diacylglycerols [GL0201],,lipid-mediated signalling|membrane component,,headgroup with neutral charge,,,negative intrinsic curvature,,,,,,,DG(40:5),DG(40:5),1_2-DG
DG 40:6,DG,GL,DG 40:6,,,SPECIES,668.53798,C43H72O5,40:6,40,6,0,,,,,,,,,,,,,,,,,,,,,,,,,,,,,,,Glycerolipids [GL],diradylglycerols [GL02],diacylglycerols [GL0201],,lipid-mediated signalling|membrane component,,headgroup with neutral charge,,,negative intrinsic curvature,,,,,,,DG(40:6),DG(40:6),1_2-DG
TG 42:0,TG,GL,TG 42:0,,,SPECIES,722.64244,C45H86O6,42:0,42,0,0,,,,,,,,,,,,,,,,,,,,,,,,,,,,,,,Glycerolipids [GL],triradylglycerols [GL03],triacylglycerols [GL0301],lipid droplet,lipid storage,,headgroup with neutral charge,,,,,,,,,,TG(42:0),TG(42:0),TG
TG 42:1,TG,GL,TG 42:1,,,SPECIES,720.62679,C45H84O6,42:1,42,1,0,,,,,,,,,,,,,,,,,,,,,,,,,,,,,,,Glycerolipids [GL],triradylglycerols [GL03],triacylglycerols [GL0301],lipid droplet,lipid storage,,headgroup with neutral charge,,,,,,,,,,TG(42:1),TG(42:1),TG
TG 42:2,TG,GL,TG 42:2,,,SPECIES,718.61114,C45H82O6,42:2,42,2,0,,,,,,,,,,,,,,,,,,,,,,,,,,,,,,,Glycerolipids [GL],triradylglycerols [GL03],triacylglycerols [GL0301],lipid droplet,lipid storage,,headgroup with neutral charge,,,,,,,,,,TG(42:2),TG(42:2),TG
TG 44:0,TG,GL,TG 44:0,,,SPECIES,750.67374,C47H90O6,44:0,44,0,0,,,,,,,,,,,,,,,,,,,,,,,,,,,,,,,Glycerolipids [GL],triradylglycerols [GL03],triacylglycerols [GL0301],lipid droplet,lipid storage,,headgroup with neutral charge,,,,,,,,,,TG(44:0),TG(44:0),TG
TG 44:1,TG,GL,TG 44:1,,,SPECIES,748.65809,C47H88O6,44:1,44,1,0,,,,,,,,,,,,,,,,,,,,,,,,,,,,,,,Glycerolipids [GL],triradylglycerols [GL03],triacylglycerols [GL0301],lipid droplet,lipid storage,,headgroup with neutral charge,,,,,,,,,,TG(44:1),TG(44:1),TG
TG 44:2,TG,GL,TG 44:2,,,SPECIES,746.64244,C47H86O6,44:2,44,2,0,,,,,,,,,,,,,,,,,,,,,,,,,,,,,,,Glycerolipids [GL],triradylglycerols [GL03],triacylglycerols [GL0301],lipid droplet,lipid storage,,headgroup with neutral charge,,,,,,,,,,TG(44:2),TG(44:2),TG
TG 46:0,TG,GL,TG 46:0,,,SPECIES,778.70504,C49H94O6,46:0,46,0,0,,,,,,,,,,,,,,,,,,,,,,,,,,,,,,,Glycerolipids [GL],triradylglycerols [GL03],triacylglycerols [GL0301],lipid droplet,lipid storage,,headgroup with neutral charge,,,,,,,,,,TG(46:0),TG(46:0),TG
TG 46:1,TG,GL,TG 46:1,,,SPECIES,776.68939,C49H92O6,46:1,46,1,0,,,,,,,,,,,,,,,,,,,,,,,,,,,,,,,Glycerolipids [GL],triradylglycerols [GL03],triacylglycerols [GL0301],lipid droplet,lipid storage,,headgroup with neutral charge,,,,,,,,,,TG(46:1),TG(46:1),TG
TG 46:2,TG,GL,TG 46:2,,,SPECIES,774.67374,C49H90O6,46:2,46,2,0,,,,,,,,,,,,,,,,,,,,,,,,,,,,,,,Glycerolipids [GL],triradylglycerols [GL03],triacylglycerols [GL0301],lipid droplet,lipid storage,,headgroup with neutral charge,,,,,,,,,,TG(46:2),TG(46:2),TG
TG 46:3,TG,GL,TG 46:3,,,SPECIES,772.65809,C49H88O6,46:3,46,3,0,,,,,,,,,,,,,,,,,,,,,,,,,,,,,,,Glycerolipids [GL],triradylglycerols [GL03],triacylglycerols [GL0301],lipid droplet,lipid storage,,headgroup with neutral charge,,,,,,,,,,TG(46:3),TG(46:3),TG
TG 48:0,TG,GL,TG 48:0,,,SPECIES,806.73634,C51H98O6,48:0,48,0,0,,,,,,,,,,,,,,,,,,,,,,,,,,,,,,,Glycerolipids [GL],triradylglycerols [GL03],triacylglycerols [GL0301],lipid droplet,lipid storage,,headgroup with neutral charge,,,,,,,,,,TG(48:0),TG(48:0),TG
TG 48:1,TG,GL,TG 48:1,,,SPECIES,804.72069,C51H96O6,48:1,48,1,0,,,,,,,,,,,,,,,,,,,,,,,,,,,,,,,Glycerolipids [GL],triradylglycerols [GL03],triacylglycerols [GL0301],lipid droplet,lipid storage,,headgroup with neutral charge,,,,,,,,,,TG(48:1),TG(48:1),TG
TG 48:2,TG,GL,TG 48:2,,,SPECIES,802.70504,C51H94O6,48:2,48,2,0,,,,,,,,,,,,,,,,,,,,,,,,,,,,,,,Glycerolipids [GL],triradylglycerols [GL03],triacylglycerols [GL0301],lipid droplet,lipid storage,,headgroup with neutral charge,,,,,,,,,,TG(48:2),TG(48:2),TG
TG 48:3,TG,GL,TG 48:3,,,SPECIES,800.68939,C51H92O6,48:3,48,3,0,,,,,,,,,,,,,,,,,,,,,,,,,,,,,,,Glycerolipids [GL],triradylglycerols [GL03],triacylglycerols [GL0301],lipid droplet,lipid storage,,headgroup with neutral charge,,,,,,,,,,TG(48:3),TG(48:3),TG
TG 48:4,TG,GL,TG 48:4,,,SPECIES,798.67374,C51H90O6,48:4,48,4,0,,,,,,,,,,,,,,,,,,,,,,,,,,,,,,,Glycerolipids [GL],triradylglycerols [GL03],triacylglycerols [GL0301],lipid droplet,lipid storage,,headgroup with neutral charge,,,,,,,,,,TG(48:4),TG(48:4),TG
TG 49:1,TG,GL,TG 49:1,,,SPECIES,818.73634,C52H98O6,49:1,49,1,0,,,,,,,,,,,,,,,,,,,,,,,,,,,,,,,Glycerolipids [GL],triradylglycerols [GL03],triacylglycerols [GL0301],lipid droplet,lipid storage,,headgroup with neutral charge,,,,,,,,,,TG(49:1),TG(49:1),TG
TG 49:2,TG,GL,TG 49:2,,,SPECIES,816.72069,C52H96O6,49:2,49,2,0,,,,,,,,,,,,,,,,,,,,,,,,,,,,,,,Glycerolipids [GL],triradylglycerols [GL03],triacylglycerols [GL0301],lipid droplet,lipid storage,,headgroup with neutral charge,,,,,,,,,,TG(49:2),TG(49:2),TG
TG 50:0,TG,GL,TG 50:0,,,SPECIES,834.76764,C53H102O6,50:0,50,0,0,,,,,,,,,,,,,,,,,,,,,,,,,,,,,,,Glycerolipids [GL],triradylglycerols [GL03],triacylglycerols [GL0301],lipid droplet,lipid storage,,headgroup with neutral charge,,,,,,,,,,TG(50:0),TG(50:0),TG
TG 50:1,TG,GL,TG 50:1,,,SPECIES,832.75199,C53H100O6,50:1,50,1,0,,,,,,,,,,,,,,,,,,,,,,,,,,,,,,,Glycerolipids [GL],triradylglycerols [GL03],triacylglycerols [GL0301],lipid droplet,lipid storage,,headgroup with neutral charge,,,,,,,,,,TG(50:1),TG(50:1),TG
TG 50:2,TG,GL,TG 50:2,,,SPECIES,830.73634,C53H98O6,50:2,50,2,0,,,,,,,,,,,,,,,,,,,,,,,,,,,,,,,Glycerolipids [GL],triradylglycerols [GL03],triacylglycerols [GL0301],lipid droplet,lipid storage,,headgroup with neutral charge,,,,,,,,,,TG(50:2),TG(50:2),TG
TG 50:3,TG,GL,TG 50:3,,,SPECIES,828.72069,C53H96O6,50:3,50,3,0,,,,,,,,,,,,,,,,,,,,,,,,,,,,,,,Glycerolipids [GL],triradylglycerols [GL03],triacylglycerols [GL0301],lipid droplet,lipid storage,,headgroup with neutral charge,,,,,,,,,,TG(50:3),TG(50:3),TG
TG 50:4,TG,GL,TG 50:4,,,SPECIES,826.70504,C53H94O6,50:4,50,4,0,,,,,,,,,,,,,,,,,,,,,,,,,,,,,,,Glycerolipids [GL],triradylglycerols [GL03],triacylglycerols [GL0301],lipid droplet,lipid storage,,headgroup with neutral charge,,,,,,,,,,TG(50:4),TG(50:4),TG
TG 50:5,TG,GL,TG 50:5,,,SPECIES,824.68939,C53H92O6,50:5,50,5,0,,,,,,,,,,,,,,,,,,,,,,,,,,,,,,,Glycerolipids [GL],triradylglycerols [GL03],triacylglycerols [GL0301],lipid droplet,lipid storage,,headgroup with neutral charge,,,,,,,,,,TG(50:5),TG(50:5),TG
TG 51:1,TG,GL,TG 51:1,,,SPECIES,846.76764,C54H102O6,51:1,51,1,0,,,,,,,,,,,,,,,,,,,,,,,,,,,,,,,Glycerolipids [GL],triradylglycerols [GL03],triacylglycerols [GL0301],lipid droplet,lipid storage,,headgroup with neutral charge,,,,,,,,,,TG(51:1),TG(51:1),TG
TG 51:2,TG,GL,TG 51:2,,,SPECIES,844.75199,C54H100O6,51:2,51,2,0,,,,,,,,,,,,,,,,,,,,,,,,,,,,,,,Glycerolipids [GL],triradylglycerols [GL03],triacylglycerols [GL0301],lipid droplet,lipid storage,,headgroup with neutral charge,,,,,,,,,,TG(51:2),TG(51:2),TG
TG 51:3,TG,GL,TG 51:3,,,SPECIES,842.73634,C54H98O6,51:3,51,3,0,,,,,,,,,,,,,,,,,,,,,,,,,,,,,,,Glycerolipids [GL],triradylglycerols [GL03],triacylglycerols [GL0301],lipid droplet,lipid storage,,headgroup with neutral charge,,,,,,,,,,TG(51:3),TG(51:3),TG
TG 51:4,TG,GL,TG 51:4,,,SPECIES,840.72069,C54H96O6,51:4,51,4,0,,,,,,,,,,,,,,,,,,,,,,,,,,,,,,,Glycerolipids [GL],triradylglycerols [GL03],triacylglycerols [GL0301],lipid droplet,lipid storage,,headgroup with neutral charge,,,,,,,,,,TG(51:4),TG(51:4),TG
TG 52:0,TG,GL,TG 52:0,,,SPECIES,862.79894,C55H106O6,52:0,52,0,0,,,,,,,,,,,,,,,,,,,,,,,,,,,,,,,Glycerolipids [GL],triradylglycerols [GL03],triacylglycerols [GL0301],lipid droplet,lipid storage,,headgroup with neutral charge,,,,,,,,,,TG(52:0),TG(52:0),TG
TG 52:1,TG,GL,TG 52:1,,,SPECIES,860.78329,C55H104O6,52:1,52,1,0,,,,,,,,,,,,,,,,,,,,,,,,,,,,,,,Glycerolipids [GL],triradylglycerols [GL03],triacylglycerols [GL0301],lipid droplet,lipid storage,,headgroup with neutral charge,,,,,,,,,,TG(52:1),TG(52:1),TG
TG 52:2,TG,GL,TG 52:2,,,SPECIES,858.76764,C55H102O6,52:2,52,2,0,,,,,,,,,,,,,,,,,,,,,,,,,,,,,,,Glycerolipids [GL],triradylglycerols [GL03],triacylglycerols [GL0301],lipid droplet,lipid storage,,headgroup with neutral charge,,,,,,,,,,TG(52:2),TG(52:2),TG
TG 52:3,TG,GL,TG 52:3,,,SPECIES,856.75199,C55H100O6,52:3,52,3,0,,,,,,,,,,,,,,,,,,,,,,,,,,,,,,,Glycerolipids [GL],triradylglycerols [GL03],triacylglycerols [GL0301],lipid droplet,lipid storage,,headgroup with neutral charge,,,,,,,,,,TG(52:3),TG(52:3),TG
TG 52:4,TG,GL,TG 52:4,,,SPECIES,854.73634,C55H98O6,52:4,52,4,0,,,,,,,,,,,,,,,,,,,,,,,,,,,,,,,Glycerolipids [GL],triradylglycerols [GL03],triacylglycerols [GL0301],lipid droplet,lipid storage,,headgroup with neutral charge,,,,,,,,,,TG(52:4),TG(52:4),TG
TG 52:5,TG,GL,TG 52:5,,,SPECIES,852.72069,C55H96O6,52:5,52,5,0,,,,,,,,,,,,,,,,,,,,,,,,,,,,,,,Glycerolipids [GL],triradylglycerols [GL03],triacylglycerols [GL0301],lipid droplet,lipid storage,,headgroup with neutral charge,,,,,,,,,,TG(52:5),TG(52:5),TG
TG 52:6,TG,GL,TG 52:6,,,SPECIES,850.70504,C55H94O6,52:6,52,6,0,,,,,,,,,,,,,,,,,,,,,,,,,,,,,,,Glycerolipids [GL],triradylglycerols [GL03],triacylglycerols [GL0301],lipid droplet,lipid storage,,headgroup with neutral charge,,,,,,,,,,TG(52:6),TG(52:6),TG
TG 52:7,TG,GL,TG 52:7,,,SPECIES,848.68939,C55H92O6,52:7,52,7,0,,,,,,,,,,,,,,,,,,,,,,,,,,,,,,,Glycerolipids [GL],triradylglycerols [GL03],triacylglycerols [GL0301],lipid droplet,lipid storage,,headgroup with neutral charge,,,,,,,,,,TG(52:7),TG(52:7),TG
TG 53:2,TG,GL,TG 53:2,,,SPECIES,872.78329,C56H104O6,53:2,53,2,0,,,,,,,,,,,,,,,,,,,,,,,,,,,,,,,Glycerolipids [GL],triradylglycerols [GL03],triacylglycerols [GL0301],lipid droplet,lipid storage,,headgroup with neutral charge,,,,,,,,,,TG(53:2),TG(53:2),TG
TG 53:3,TG,GL,TG 53:3,,,SPECIES,870.76764,C56H102O6,53:3,53,3,0,,,,,,,,,,,,,,,,,,,,,,,,,,,,,,,Glycerolipids [GL],triradylglycerols [GL03],triacylglycerols [GL0301],lipid droplet,lipid storage,,headgroup with neutral charge,,,,,,,,,,TG(53:3),TG(53:3),TG
TG 53:4,TG,GL,TG 53:4,,,SPECIES,868.75199,C56H100O6,53:4,53,4,0,,,,,,,,,,,,,,,,,,,,,,,,,,,,,,,Glycerolipids [GL],triradylglycerols [GL03],triacylglycerols [GL0301],lipid droplet,lipid storage,,headgroup with neutral charge,,,,,,,,,,TG(53:4),TG(53:4),TG
TG 53:5,TG,GL,TG 53:5,,,SPECIES,866.73634,C56H98O6,53:5,53,5,0,,,,,,,,,,,,,,,,,,,,,,,,,,,,,,,Glycerolipids [GL],triradylglycerols [GL03],triacylglycerols [GL0301],lipid droplet,lipid storage,,headgroup with neutral charge,,,,,,,,,,TG(53:5),TG(53:5),TG
TG 54:0,TG,GL,TG 54:0,,,SPECIES,890.83024,C57H110O6,54:0,54,0,0,,,,,,,,,,,,,,,,,,,,,,,,,,,,,,,Glycerolipids [GL],triradylglycerols [GL03],triacylglycerols [GL0301],lipid droplet,lipid storage,,headgroup with neutral charge,,,,,,,,,,TG(54:0),TG(54:0),TG
TG 54:1,TG,GL,TG 54:1,,,SPECIES,888.81459,C57H108O6,54:1,54,1,0,,,,,,,,,,,,,,,,,,,,,,,,,,,,,,,Glycerolipids [GL],triradylglycerols [GL03],triacylglycerols [GL0301],lipid droplet,lipid storage,,headgroup with neutral charge,,,,,,,,,,TG(54:1),TG(54:1),TG
TG 54:2,TG,GL,TG 54:2,,,SPECIES,886.79894,C57H106O6,54:2,54,2,0,,,,,,,,,,,,,,,,,,,,,,,,,,,,,,,Glycerolipids [GL],triradylglycerols [GL03],triacylglycerols [GL0301],lipid droplet,lipid storage,,headgroup with neutral charge,,,,,,,,,,TG(54:2),TG(54:2),TG
TG 54:3,TG,GL,TG 54:3,,,SPECIES,884.78329,C57H104O6,54:3,54,3,0,,,,,,,,,,,,,,,,,,,,,,,,,,,,,,,Glycerolipids [GL],triradylglycerols [GL03],triacylglycerols [GL0301],lipid droplet,lipid storage,,headgroup with neutral charge,,,,,,,,,,TG(54:3),TG(54:3),TG
TG 54:4,TG,GL,TG 54:4,,,SPECIES,882.76764,C57H102O6,54:4,54,4,0,,,,,,,,,,,,,,,,,,,,,,,,,,,,,,,Glycerolipids [GL],triradylglycerols [GL03],triacylglycerols [GL0301],lipid droplet,lipid storage,,headgroup with neutral charge,,,,,,,,,,TG(54:4),TG(54:4),TG
TG 54:5,TG,GL,TG 54:5,,,SPECIES,880.75199,C57H100O6,54:5,54,5,0,,,,,,,,,,,,,,,,,,,,,,,,,,,,,,,Glycerolipids [GL],triradylglycerols [GL03],triacylglycerols [GL0301],lipid droplet,lipid storage,,headgroup with neutral charge,,,,,,,,,,TG(54:5),TG(54:5),TG
TG 54:6,TG,GL,TG 54:6,,,SPECIES,878.73634,C57H98O6,54:6,54,6,0,,,,,,,,,,,,,,,,,,,,,,,,,,,,,,,Glycerolipids [GL],triradylglycerols [GL03],triacylglycerols [GL0301],lipid droplet,lipid storage,,headgroup with neutral charge,,,,,,,,,,TG(54:6),TG(54:6),TG
TG 54:7,TG,GL,TG 54:7,,,SPECIES,876.72069,C57H96O6,54:7,54,7,0,,,,,,,,,,,,,,,,,,,,,,,,,,,,,,,Glycerolipids [GL],triradylglycerols [GL03],triacylglycerols [GL0301],lipid droplet,lipid storage,,headgroup with neutral charge,,,,,,,,,,TG(54:7),TG(54:7),TG
TG 56:2,TG,GL,TG 56:2,,,SPECIES,914.83024,C59H110O6,56:2,56,2,0,,,,,,,,,,,,,,,,,,,,,,,,,,,,,,,Glycerolipids [GL],triradylglycerols [GL03],triacylglycerols [GL0301],lipid droplet,lipid storage,,headgroup with neutral charge,,,,,,,,,,TG(56:2),TG(56:2),TG
TG 56:3,TG,GL,TG 56:3,,,SPECIES,912.81459,C59H108O6,56:3,56,3,0,,,,,,,,,,,,,,,,,,,,,,,,,,,,,,,Glycerolipids [GL],triradylglycerols [GL03],triacylglycerols [GL0301],lipid droplet,lipid storage,,headgroup with neutral charge,,,,,,,,,,TG(56:3),TG(56:3),TG
TG 56:4,TG,GL,TG 56:4,,,SPECIES,910.79894,C59H106O6,56:4,56,4,0,,,,,,,,,,,,,,,,,,,,,,,,,,,,,,,Glycerolipids [GL],triradylglycerols [GL03],triacylglycerols [GL0301],lipid droplet,lipid storage,,headgroup with neutral charge,,,,,,,,,,TG(56:4),TG(56:4),TG
TG 56:5,TG,GL,TG 56:5,,,SPECIES,908.78329,C59H104O6,56:5,56,5,0,,,,,,,,,,,,,,,,,,,,,,,,,,,,,,,Glycerolipids [GL],triradylglycerols [GL03],triacylglycerols [GL0301],lipid droplet,lipid storage,,headgroup with neutral charge,,,,,,,,,,TG(56:5),TG(56:5),TG
TG 56:6,TG,GL,TG 56:6,,,SPECIES,906.76764,C59H102O6,56:6,56,6,0,,,,,,,,,,,,,,,,,,,,,,,,,,,,,,,Glycerolipids [GL],triradylglycerols [GL03],triacylglycerols [GL0301],lipid droplet,lipid storage,,headgroup with neutral charge,,,,,,,,,,TG(56:6),TG(56:6),TG
TG 56:7,TG,GL,TG 56:7,,,SPECIES,904.75199,C59H100O6,56:7,56,7,0,,,,,,,,,,,,,,,,,,,,,,,,,,,,,,,Glycerolipids [GL],triradylglycerols [GL03],triacylglycerols [GL0301],lipid droplet,lipid storage,,headgroup with neutral charge,,,,,,,,,,TG(56:7),TG(56:7),TG
TG 56:8,TG,GL,TG 56:8,,,SPECIES,902.73634,C59H98O6,56:8,56,8,0,,,,,,,,,,,,,,,,,,,,,,,,,,,,,,,Glycerolipids [GL],triradylglycerols [GL03],triacylglycerols [GL0301],lipid droplet,lipid storage,,headgroup with neutral charge,,,,,,,,,,TG(56:8),TG(56:8),TG
TG 56:9,TG,GL,TG 56:9,,,SPECIES,900.72069,C59H96O6,56:9,56,9,0,,,,,,,,,,,,,,,,,,,,,,,,,,,,,,,Glycerolipids [GL],triradylglycerols [GL03],triacylglycerols [GL0301],lipid droplet,lipid storage,,headgroup with neutral charge,,,,,,,,,,TG(56:9),TG(56:9),TG
TG 58:6,TG,GL,TG 58:6,,,SPECIES,934.79894,C61H106O6,58:6,58,6,0,,,,,,,,,,,,,,,,,,,,,,,,,,,,,,,Glycerolipids [GL],triradylglycerols [GL03],triacylglycerols [GL0301],lipid droplet,lipid storage,,headgroup with neutral charge,,,,,,,,,,TG(58:6),TG(58:6),TG
TG 58:7,TG,GL,TG 58:7,,,SPECIES,932.78329,C61H104O6,58:7,58,7,0,,,,,,,,,,,,,,,,,,,,,,,,,,,,,,,Glycerolipids [GL],triradylglycerols [GL03],triacylglycerols [GL0301],lipid droplet,lipid storage,,headgroup with neutral charge,,,,,,,,,,TG(58:7),TG(58:7),TG
TG 58:8,TG,GL,TG 58:8,,,SPECIES,930.76764,C61H102O6,58:8,58,8,0,,,,,,,,,,,,,,,,,,,,,,,,,,,,,,,Glycerolipids [GL],triradylglycerols [GL03],triacylglycerols [GL0301],lipid droplet,lipid storage,,headgroup with neutral charge,,,,,,,,,,TG(58:8),TG(58:8),TG
TG 58:9,TG,GL,TG 58:9,,,SPECIES,928.75199,C61H100O6,58:9,58,9,0,,,,,,,,,,,,,,,,,,,,,,,,,,,,,,,Glycerolipids [GL],triradylglycerols [GL03],triacylglycerols [GL0301],lipid droplet,lipid storage,,headgroup with neutral charge,,,,,,,,,,TG(58:9),TG(58:9),TG
Cholesterol,Cholesterol,ST,ST 27:1;O,ST 27:1;O,ST 27:1;O,FULL_STRUCTURE,386.35487,C27H46O,,,,,,,,,,,,,,,,,,,,,,,,,,,,,,,,,,,Sterol lipids [ST],sterols [ST01],cholesterol and derivatives [ST0101],plasma membrane|endosome/lysosome,membrane component,,,,,negative intrinsic curvature,,,,,,,cholesterol,Cholesterol,Cholesterol
Stigmasterol,ST,ST,ST 29:2;O,ST 29:2;O,ST 29:2;O,FULL_STRUCTURE,412.37052,C29H48O,,,,,,,,,,,,,,,,,,,,,,,,,,,,,,,,,,,,,,,,,,,,,,,,,,,,,
Ergosterol,ST,ST,ST 28:3;O,ST 28:3;O,ST 28:3;O,FULL_STRUCTURE,396.33922,C28H44O,,,,,,,,,,,,,,,,,,,,,,,,,,,,,,,,,,,,,,,,,,,,,,,,,,,,,
Cholestadienol,ST,ST,,,,,,,,,,,,,,,,,,,,,,,,,,,,,,,,,,,,,,,,,,,,,,,,,,,,,,,,,,,
Ergostadienol,ST,ST,,,,,,,,,,,,,,,,,,,,,,,,,,,,,,,,,,,,,,,,,,,,,,,,,,,,,,,,,,,
Ergostatetraenol,ST,ST,,,,,,,,,,,,,,,,,,,,,,,,,,,,,,,,,,,,,,,,,,,,,,,,,,,,,,,,,,,
Lanosterol,ST,ST,,,,,,,,,,,,,,,,,,,,,,,,,,,,,,,,,,,,,,,,,,,,,,,,,,,,,,,,,,,
CE 16:0,CE,ST,CE 16:0,CE 16:0,CE 16:0,COMPLETE_STRUCTURE,624.58453,C43H76O2,16:0,16,0,0,16:00,16,0,0,,,,,,,16:00,16,0,0,ESTER,,,,,,,,,,,,,,,,Sterol lipids [ST],sterols [ST01],steryl esters [ST0102],lipid droplet|endosome/lysosome,lipid storage,,headgroup with neutral charge,,,,,FA with less than 2 double bonds,Saturated fatty acid,FA with 18 carbons or less,FA with 16-18 carbons,Long-chain FA,CE(16:0),CE(16:0),Cholesterolester
CE 16:1,CE,ST,CE 16:1,CE 16:1,CE 16:1,SN_POSITION,622.56888,C43H74O2,16:1,16,1,0,16:01,16,1,0,,,,,,,16:01,16,1,0,ESTER,,,,,,,,,,,,,,,,Sterol lipids [ST],sterols [ST01],steryl esters [ST0102],lipid droplet|endosome/lysosome,lipid storage,,headgroup with neutral charge,,,,,FA with less than 2 double bonds,Monounsaturated fatty acid,FA with 18 carbons or less,FA with 16-18 carbons,Long-chain FA,CE(16:1),CE(16:1),Cholesterolester
CE 18:0,CE,ST,CE 18:0,CE 18:0,CE 18:0,COMPLETE_STRUCTURE,652.61583,C45H80O2,18:0,18,0,0,18:00,18,0,0,,,,,,,18:00,18,0,0,ESTER,,,,,,,,,,,,,,,,Sterol lipids [ST],sterols [ST01],steryl esters [ST0102],lipid droplet|endosome/lysosome,lipid storage,,headgroup with neutral charge,,,,,FA with less than 2 double bonds,Saturated fatty acid,FA with 18 carbons or less,FA with 16-18 carbons,Long-chain FA,CE(18:0),CE(18:0),Cholesterolester
CE 18:1,CE,ST,CE 18:1,CE 18:1,CE 18:1,SN_POSITION,650.60018,C45H78O2,18:1,18,1,0,18:01,18,1,0,,,,,,,18:01,18,1,0,ESTER,,,,,,,,,,,,,,,,Sterol lipids [ST],sterols [ST01],steryl esters [ST0102],lipid droplet|endosome/lysosome,lipid storage,,headgroup with neutral charge,,,,,FA with less than 2 double bonds,Monounsaturated fatty acid,FA with 18 carbons or less,FA with 16-18 carbons,Long-chain FA,CE(18:1),CE(18:1),Cholesterolester
CE 18:2,CE,ST,CE 18:2,CE 18:2,CE 18:2,SN_POSITION,648.58453,C45H76O2,18:2,18,2,0,18:02,18,2,0,,,,,,,18:02,18,2,0,ESTER,,,,,,,,,,,,,,,,Sterol lipids [ST],sterols [ST01],steryl esters [ST0102],lipid droplet|endosome/lysosome,lipid storage,,headgroup with neutral charge,,,,,Polyunsaturated fatty acid,FA with 2 double bonds,FA with 18 carbons or less,FA with 16-18 carbons,Long-chain FA,CE(18:2),CE(18:2),Cholesterolester
CE 18:3,CE,ST,CE 18:3,CE 18:3,CE 18:3,SN_POSITION,646.56888,C45H74O2,18:3,18,3,0,18:03,18,3,0,,,,,,,18:03,18,3,0,ESTER,,,,,,,,,,,,,,,,Sterol lipids [ST],sterols [ST01],steryl esters [ST0102],lipid droplet|endosome/lysosome,lipid storage,,headgroup with neutral charge,,,,,Polyunsaturated fatty acid,FA with more than 2 double bonds,FA with 18 carbons or less,FA with 16-18 carbons,Long-chain FA,CE(18:3),CE(18:3),Cholesterolester
CE 20:0,CE,ST,CE 20:0,CE 20:0,CE 20:0,COMPLETE_STRUCTURE,680.64713,C47H84O2,20:0,20,0,0,20:00,20,0,0,,,,,,,20:00,20,0,0,ESTER,,,,,,,,,,,,,,,,Sterol lipids [ST],sterols [ST01],steryl esters [ST0102],lipid droplet|endosome/lysosome,lipid storage,,headgroup with neutral charge,,,,,FA with less than 2 double bonds,Saturated fatty acid,FA with more than 18 carbons,FA with 19-21 carbons,Long-chain FA,CE(20:0),CE(20:0),Cholesterolester
CE 20:1,CE,ST,CE 20:1,CE 20:1,CE 20:1,SN_POSITION,678.63148,C47H82O2,20:1,20,1,0,20:01,20,1,0,,,,,,,20:01,20,1,0,ESTER,,,,,,,,,,,,,,,,Sterol lipids [ST],sterols [ST01],steryl esters [ST0102],lipid droplet|endosome/lysosome,lipid storage,,headgroup with neutral charge,,,,,FA with less than 2 double bonds,Monounsaturated fatty acid,FA with more than 18 carbons,FA with 19-21 carbons,Long-chain FA,CE(20:1),CE(20:1),Cholesterolester
CE 20:2,CE,ST,CE 20:2,CE 20:2,CE 20:2,SN_POSITION,676.61583,C47H80O2,20:2,20,2,0,20:02,20,2,0,,,,,,,20:02,20,2,0,ESTER,,,,,,,,,,,,,,,,Sterol lipids [ST],sterols [ST01],steryl esters [ST0102],lipid droplet|endosome/lysosome,lipid storage,,headgroup with neutral charge,,,,,Polyunsaturated fatty acid,FA with 2 double bonds,FA with more than 18 carbons,FA with 19-21 carbons,Long-chain FA,CE(20:2),CE(20:2),Cholesterolester
CE 20:3,CE,ST,CE 20:3,CE 20:3,CE 20:3,SN_POSITION,674.60018,C47H78O2,20:3,20,3,0,20:03,20,3,0,,,,,,,20:03,20,3,0,ESTER,,,,,,,,,,,,,,,,Sterol lipids [ST],sterols [ST01],steryl esters [ST0102],lipid droplet|endosome/lysosome,lipid storage,,headgroup with neutral charge,,,,,Polyunsaturated fatty acid,FA with more than 2 double bonds,FA with more than 18 carbons,FA with 19-21 carbons,Long-chain FA,CE(20:3),CE(20:3),Cholesterolester
CE 20:4,CE,ST,CE 20:4,CE 20:4,CE 20:4,SN_POSITION,672.58453,C47H76O2,20:4,20,4,0,20:04,20,4,0,,,,,,,20:04,20,4,0,ESTER,,,,,,,,,,,,,,,,Sterol lipids [ST],sterols [ST01],steryl esters [ST0102],lipid droplet|endosome/lysosome,lipid storage,,headgroup with neutral charge,,,,,Polyunsaturated fatty acid,FA with more than 2 double bonds,FA with more than 18 carbons,FA with 19-21 carbons,Long-chain FA,CE(20:4),CE(20:4),Cholesterolester
CE 20:5,CE,ST,CE 20:5,CE 20:5,CE 20:5,SN_POSITION,670.56888,C47H74O2,20:5,20,5,0,20:05,20,5,0,,,,,,,20:05,20,5,0,ESTER,,,,,,,,,,,,,,,,Sterol lipids [ST],sterols [ST01],steryl esters [ST0102],lipid droplet|endosome/lysosome,lipid storage,,headgroup with neutral charge,,,,,Polyunsaturated fatty acid,FA with more than 2 double bonds,FA with more than 18 carbons,FA with 19-21 carbons,Long-chain FA,CE(20:5),CE(20:5),Cholesterolester
CE 20:6,CE,ST,CE 20:6,CE 20:6,CE 20:6,SN_POSITION,668.55323,C47H72O2,20:6,20,6,0,20:06,20,6,0,,,,,,,20:06,20,6,0,ESTER,,,,,,,,,,,,,,,,Sterol lipids [ST],sterols [ST01],steryl esters [ST0102],lipid droplet|endosome/lysosome,lipid storage,,headgroup with neutral charge,,,,,Polyunsaturated fatty acid,FA with more than 5 double bonds,FA with more than 18 carbons,FA with 19-21 carbons,Long-chain FA,CE(20:6),CE(20:6),Cholesterolester
CE 22:0,CE,ST,CE 22:0,CE 22:0,CE 22:0,COMPLETE_STRUCTURE,708.67843,C49H88O2,22:0,22,0,0,22:00,22,0,0,,,,,,,22:00,22,0,0,ESTER,,,,,,,,,,,,,,,,Sterol lipids [ST],sterols [ST01],steryl esters [ST0102],lipid droplet|endosome/lysosome,lipid storage,,headgroup with neutral charge,,,,,FA with less than 2 double bonds,Saturated fatty acid,FA with more than 18 carbons,FA with 22-24 carbons,Very long-chain FA,CE(22:0),CE(22:0),Cholesterolester
CE 22:1,CE,ST,CE 22:1,CE 22:1,CE 22:1,SN_POSITION,706.66278,C49H86O2,22:1,22,1,0,22:01,22,1,0,,,,,,,22:01,22,1,0,ESTER,,,,,,,,,,,,,,,,Sterol lipids [ST],sterols [ST01],steryl esters [ST0102],lipid droplet|endosome/lysosome,lipid storage,,headgroup with neutral charge,,,,,FA with less than 2 double bonds,Monounsaturated fatty acid,FA with more than 18 carbons,FA with 22-24 carbons,Very long-chain FA,CE(22:1),CE(22:1),Cholesterolester
CE 22:2,CE,ST,CE 22:2,CE 22:2,CE 22:2,SN_POSITION,704.64713,C49H84O2,22:2,22,2,0,22:02,22,2,0,,,,,,,22:02,22,2,0,ESTER,,,,,,,,,,,,,,,,Sterol lipids [ST],sterols [ST01],steryl esters [ST0102],lipid droplet|endosome/lysosome,lipid storage,,headgroup with neutral charge,,,,,Polyunsaturated fatty acid,FA with 2 double bonds,FA with more than 18 carbons,FA with 22-24 carbons,Very long-chain FA,CE(22:2),CE(22:2),Cholesterolester
CE 22:3,CE,ST,CE 22:3,CE 22:3,CE 22:3,SN_POSITION,702.63148,C49H82O2,22:3,22,3,0,22:03,22,3,0,,,,,,,22:03,22,3,0,ESTER,,,,,,,,,,,,,,,,Sterol lipids [ST],sterols [ST01],steryl esters [ST0102],lipid droplet|endosome/lysosome,lipid storage,,headgroup with neutral charge,,,,,Polyunsaturated fatty acid,FA with more than 2 double bonds,FA with more than 18 carbons,FA with 22-24 carbons,Very long-chain FA,CE(22:3),CE(22:3),Cholesterolester
CE 22:4,CE,ST,CE 22:4,CE 22:4,CE 22:4,SN_POSITION,700.61583,C49H80O2,22:4,22,4,0,22:04,22,4,0,,,,,,,22:04,22,4,0,ESTER,,,,,,,,,,,,,,,,Sterol lipids [ST],sterols [ST01],steryl esters [ST0102],lipid droplet|endosome/lysosome,lipid storage,,headgroup with neutral charge,,,,,Polyunsaturated fatty acid,FA with more than 2 double bonds,FA with more than 18 carbons,FA with 22-24 carbons,Very long-chain FA,CE(22:4),CE(22:4),Cholesterolester
CE 22:5,CE,ST,CE 22:5,CE 22:5,CE 22:5,SN_POSITION,698.60018,C49H78O2,22:5,22,5,0,22:05,22,5,0,,,,,,,22:05,22,5,0,ESTER,,,,,,,,,,,,,,,,Sterol lipids [ST],sterols [ST01],steryl esters [ST0102],lipid droplet|endosome/lysosome,lipid storage,,headgroup with neutral charge,,,,,Polyunsaturated fatty acid,FA with more than 2 double bonds,FA with more than 18 carbons,FA with 22-24 carbons,Very long-chain FA,CE(22:5),CE(22:5),Cholesterolester
CE 22:6,CE,ST,CE 22:6,CE 22:6,CE 22:6,SN_POSITION,696.58453,C49H76O2,22:6,22,6,0,22:06,22,6,0,,,,,,,22:06,22,6,0,ESTER,,,,,,,,,,,,,,,,Sterol lipids [ST],sterols [ST01],steryl esters [ST0102],lipid droplet|endosome/lysosome,lipid storage,,headgroup with neutral charge,,,,,Polyunsaturated fatty acid,FA with more than 5 double bonds,FA with more than 18 carbons,FA with 22-24 carbons,Very long-chain FA,CE(22:6),CE(22:6),Cholesterolester
CE 24:0,CE,ST,CE 24:0,CE 24:0,CE 24:0,COMPLETE_STRUCTURE,736.70973,C51H92O2,24:0,24,0,0,24:00:00,24,0,0,,,,,,,24:00:00,24,0,0,ESTER,,,,,,,,,,,,,,,,Sterol lipids [ST],sterols [ST01],steryl esters [ST0102],lipid droplet|endosome/lysosome,lipid storage,,headgroup with neutral charge,,,,,FA with less than 2 double bonds,Saturated fatty acid,FA with more than 18 carbons,FA with 22-24 carbons,Very long-chain FA,CE(24:0),CE(24:0),Cholesterolester
CE 24:1,CE,ST,CE 24:1,CE 24:1,CE 24:1,SN_POSITION,734.69408,C51H90O2,24:1,24,1,0,24:01:00,24,1,0,,,,,,,24:01:00,24,1,0,ESTER,,,,,,,,,,,,,,,,Sterol lipids [ST],sterols [ST01],steryl esters [ST0102],lipid droplet|endosome/lysosome,lipid storage,,headgroup with neutral charge,,,,,FA with less than 2 double bonds,Monounsaturated fatty acid,FA with more than 18 carbons,FA with 22-24 carbons,Very long-chain FA,CE(24:1),CE(24:1),Cholesterolester
CE 24:2,CE,ST,CE 24:2,CE 24:2,CE 24:2,SN_POSITION,732.67843,C51H88O2,24:2,24,2,0,24:02:00,24,2,0,,,,,,,24:02:00,24,2,0,ESTER,,,,,,,,,,,,,,,,Sterol lipids [ST],sterols [ST01],steryl esters [ST0102],lipid droplet|endosome/lysosome,lipid storage,,headgroup with neutral charge,,,,,Polyunsaturated fatty acid,FA with 2 double bonds,FA with more than 18 carbons,FA with 22-24 carbons,Very long-chain FA,CE(24:2),CE(24:2),Cholesterolester
CE 24:3,CE,ST,CE 24:3,CE 24:3,CE 24:3,SN_POSITION,730.66278,C51H86O2,24:3,24,3,0,24:03:00,24,3,0,,,,,,,24:03:00,24,3,0,ESTER,,,,,,,,,,,,,,,,Sterol lipids [ST],sterols [ST01],steryl esters [ST0102],lipid droplet|endosome/lysosome,lipid storage,,headgroup with neutral charge,,,,,Polyunsaturated fatty acid,FA with more than 2 double bonds,FA with more than 18 carbons,FA with 22-24 carbons,Very long-chain FA,CE(24:3),CE(24:3),Cholesterolester
CE 24:4,CE,ST,CE 24:4,CE 24:4,CE 24:4,SN_POSITION,728.64713,C51H84O2,24:4,24,4,0,24:04:00,24,4,0,,,,,,,24:04:00,24,4,0,ESTER,,,,,,,,,,,,,,,,Sterol lipids [ST],sterols [ST01],steryl esters [ST0102],lipid droplet|endosome/lysosome,lipid storage,,headgroup with neutral charge,,,,,Polyunsaturated fatty acid,FA with more than 2 double bonds,FA with more than 18 carbons,FA with 22-24 carbons,Very long-chain FA,CE(24:4),CE(24:4),Cholesterolester
CE 24:5,CE,ST,CE 24:5,CE 24:5,CE 24:5,SN_POSITION,726.63148,C51H82O2,24:5,24,5,0,24:05:00,24,5,0,,,,,,,24:05:00,24,5,0,ESTER,,,,,,,,,,,,,,,,Sterol lipids [ST],sterols [ST01],steryl esters [ST0102],lipid droplet|endosome/lysosome,lipid storage,,headgroup with neutral charge,,,,,Polyunsaturated fatty acid,FA with more than 2 double bonds,FA with more than 18 carbons,FA with 22-24 carbons,Very long-chain FA,CE(24:5),CE(24:5),Cholesterolester
CE 24:6,CE,ST,CE 24:6,CE 24:6,CE 24:6,SN_POSITION,724.61583,C51H80O2,24:6,24,6,0,24:06:00,24,6,0,,,,,,,24:06:00,24,6,0,ESTER,,,,,,,,,,,,,,,,Sterol lipids [ST],sterols [ST01],steryl esters [ST0102],lipid droplet|endosome/lysosome,lipid storage,,headgroup with neutral charge,,,,,Polyunsaturated fatty acid,FA with more than 5 double bonds,FA with more than 18 carbons,FA with 22-24 carbons,Very long-chain FA,CE(24:6),CE(24:6),Cholesterolester
FA 12:0,FA,FA,FA 12:0,FA 12:0,FA 12:0,COMPLETE_STRUCTURE,200.17763,C12H24O2,12:0,12,0,0,12:00,12,0,0,,,,,,,0.5,12,0,0,ESTER,,,,,,,,,,,,,,,,Fatty acyls [FA],fatty acids and conjugates [FA01],,,,,headgroup with negative charge,,,,,FA with less than 2 double bonds,Saturated fatty acid,FA with 18 carbons or less,FA with less than 13 carbons,Medium-chain FA,FFA(12:0),FA 12:0,fattyacid
FA 14:0,FA,FA,FA 14:0,FA 14:0,FA 14:0,COMPLETE_STRUCTURE,228.20893,C14H28O2,14:0,14,0,0,14:00,14,0,0,,,,,,,0.583333333,14,0,0,ESTER,,,,,,,,,,,,,,,,Fatty acyls [FA],fatty acids and conjugates [FA01],,,,,headgroup with negative charge,,,,,FA with less than 2 double bonds,Saturated fatty acid,FA with 18 carbons or less,FA with 13-15 carbons,Long-chain FA,FFA(14:0),FA 14:0,fattyacid
FA 15:0,FA,FA,FA 15:0,FA 15:0,FA 15:0,COMPLETE_STRUCTURE,242.22458,C15H30O2,15:0,15,0,0,15:00,15,0,0,,,,,,,0.625,15,0,0,ESTER,,,,,,,,,,,,,,,,Fatty acyls [FA],,,,,,,,,,,FA with less than 2 double bonds,Saturated fatty acid,FA with 18 carbons or less,FA with 13-15 carbons,Long-chain FA,FFA(15:0),FA 15:0,fattyacid
FA 16:0,FA,FA,FA 16:0,FA 16:0,FA 16:0,COMPLETE_STRUCTURE,256.24023,C16H32O2,16:0,16,0,0,16:00,16,0,0,,,,,,,0.666666667,16,0,0,ESTER,,,,,,,,,,,,,,,,Fatty acyls [FA],fatty acids and conjugates [FA01],,,,,headgroup with negative charge,,,,,FA with less than 2 double bonds,Saturated fatty acid,FA with 18 carbons or less,FA with 16-18 carbons,Long-chain FA,FFA(16:0),FA 16:0,fattyacid
FA 16:1,FA,FA,FA 16:1,FA 16:1,FA 16:1,SN_POSITION,254.22458,C16H30O2,16:1,16,1,0,16:01,16,1,0,,,,,,,0.667361111,16,1,0,ESTER,,,,,,,,,,,,,,,,Fatty acyls [FA],fatty acids and conjugates [FA01],,,,,headgroup with negative charge,,,,,FA with less than 2 double bonds,Monounsaturated fatty acid,FA with 18 carbons or less,FA with 16-18 carbons,Long-chain FA,FFA(16:1),FA 16:1,fattyacid
FA 17:0,FA,FA,FA 17:0,FA 17:0,FA 17:0,COMPLETE_STRUCTURE,270.25588,C17H34O2,17:0,17,0,0,17:00,17,0,0,,,,,,,0.708333333,17,0,0,ESTER,,,,,,,,,,,,,,,,Fatty acyls [FA],,,,,,,,,,,FA with less than 2 double bonds,Saturated fatty acid,FA with 18 carbons or less,FA with 16-18 carbons,Long-chain FA,FFA(17:0),FA 17:0,fattyacid
FA 18:0,FA,FA,FA 18:0,FA 18:0,FA 18:0,COMPLETE_STRUCTURE,284.27153,C18H36O2,18:0,18,0,0,18:00,18,0,0,,,,,,,0.75,18,0,0,ESTER,,,,,,,,,,,,,,,,Fatty acyls [FA],fatty acids and conjugates [FA01],,,,,headgroup with negative charge,,,,,FA with less than 2 double bonds,Saturated fatty acid,FA with 18 carbons or less,FA with 16-18 carbons,Long-chain FA,FFA(18:0),FA 18:0,fattyacid
FA 18:1,FA,FA,FA 18:1,FA 18:1,FA 18:1,SN_POSITION,282.25588,C18H34O2,18:1,18,1,0,18:01,18,1,0,,,,,,,0.750694444,18,1,0,ESTER,,,,,,,,,,,,,,,,Fatty acyls [FA],fatty acids and conjugates [FA01],,,,,headgroup with negative charge,,,,,FA with less than 2 double bonds,Monounsaturated fatty acid,FA with 18 carbons or less,FA with 16-18 carbons,Long-chain FA,FFA(18:1),FA 18:1,fattyacid
FA 18:2,FA,FA,FA 18:2,FA 18:2,FA 18:2,SN_POSITION,280.24023,C18H32O2,18:2,18,2,0,18:02,18,2,0,,,,,,,0.751388889,18,2,0,ESTER,,,,,,,,,,,,,,,,Fatty acyls [FA],fatty acids and conjugates [FA01],,,,,headgroup with negative charge,,,,,Polyunsaturated fatty acid,FA with 2 double bonds,FA with 18 carbons or less,FA with 16-18 carbons,Long-chain FA,FFA(18:2),FA 18:2,fattyacid
FA 18:3,FA,FA,FA 18:3,FA 18:3,FA 18:3,SN_POSITION,278.22458,C18H30O2,18:3,18,3,0,18:03,18,3,0,,,,,,,0.752083333,18,3,0,ESTER,,,,,,,,,,,,,,,,Fatty acyls [FA],fatty acids and conjugates [FA01],,,,,headgroup with negative charge,,,,,Polyunsaturated fatty acid,FA with more than 2 double bonds,FA with 18 carbons or less,FA with 16-18 carbons,Long-chain FA,FFA(18:3),FA 18:3,fattyacid
FA 20:0,FA,FA,FA 20:0,FA 20:0,FA 20:0,COMPLETE_STRUCTURE,312.30283,C20H40O2,20:0,20,0,0,20:00,20,0,0,,,,,,,0.833333333,20,0,0,ESTER,,,,,,,,,,,,,,,,Fatty acyls [FA],fatty acids and conjugates [FA01],,,,,headgroup with negative charge,,,,,FA with less than 2 double bonds,Saturated fatty acid,FA with more than 18 carbons,FA with 19-21 carbons,Long-chain FA,FFA(20:0),FA 20:0,fattyacid
FA 20:1,FA,FA,FA 20:1,FA 20:1,FA 20:1,SN_POSITION,310.28718,C20H38O2,20:1,20,1,0,20:01,20,1,0,,,,,,,0.834027778,20,1,0,ESTER,,,,,,,,,,,,,,,,Fatty acyls [FA],fatty acids and conjugates [FA01],,,,,headgroup with negative charge,,,,,FA with less than 2 double bonds,Monounsaturated fatty acid,FA with more than 18 carbons,FA with 19-21 carbons,Long-chain FA,FFA(20:1),FA 20:1,fattyacid
FA 20:2,FA,FA,FA 20:2,FA 20:2,FA 20:2,SN_POSITION,308.27153,C20H36O2,20:2,20,2,0,20:02,20,2,0,,,,,,,0.834722222,20,2,0,ESTER,,,,,,,,,,,,,,,,Fatty acyls [FA],fatty acids and conjugates [FA01],,,,,headgroup with negative charge,,,,,Polyunsaturated fatty acid,FA with 2 double bonds,FA with more than 18 carbons,FA with 19-21 carbons,Long-chain FA,FFA(20:2),FA 20:2,fattyacid
FA 20:3,FA,FA,FA 20:3,FA 20:3,FA 20:3,SN_POSITION,306.25588,C20H34O2,20:3,20,3,0,20:03,20,3,0,,,,,,,0.835416667,20,3,0,ESTER,,,,,,,,,,,,,,,,Fatty acyls [FA],fatty acids and conjugates [FA01],,,,,headgroup with negative charge,,,,,Polyunsaturated fatty acid,FA with more than 2 double bonds,FA with more than 18 carbons,FA with 19-21 carbons,Long-chain FA,FFA(20:3),FA 20:3,fattyacid
FA 20:4,FA,FA,FA 20:4,FA 20:4,FA 20:4,SN_POSITION,304.24023,C20H32O2,20:4,20,4,0,20:04,20,4,0,,,,,,,0.836111111,20,4,0,ESTER,,,,,,,,,,,,,,,,Fatty acyls [FA],fatty acids and conjugates [FA01],,,,,headgroup with negative charge,,,,,Polyunsaturated fatty acid,FA with more than 2 double bonds,FA with more than 18 carbons,FA with 19-21 carbons,Long-chain FA,FFA(20:4),FA 20:4,fattyacid
FA 20:5,FA,FA,FA 20:5,FA 20:5,FA 20:5,SN_POSITION,302.22458,C20H30O2,20:5,20,5,0,20:05,20,5,0,,,,,,,0.836805556,20,5,0,ESTER,,,,,,,,,,,,,,,,Fatty acyls [FA],fatty acids and conjugates [FA01],,,,,headgroup with negative charge,,,,,Polyunsaturated fatty acid,FA with more than 2 double bonds,FA with more than 18 carbons,FA with 19-21 carbons,Long-chain FA,FFA(20:5),FA 20:5,fattyacid
FA 22:0,FA,FA,FA 22:0,FA 22:0,FA 22:0,COMPLETE_STRUCTURE,340.33413,C22H44O2,22:0,22,0,0,22:00,22,0,0,,,,,,,0.916666667,22,0,0,ESTER,,,,,,,,,,,,,,,,Fatty acyls [FA],fatty acids and conjugates [FA01],,,,,headgroup with negative charge,,,,,FA with less than 2 double bonds,Saturated fatty acid,FA with more than 18 carbons,FA with 22-24 carbons,Very long-chain FA,FFA(22:0),FA 22:0,fattyacid
FA 22:1,FA,FA,FA 22:1,FA 22:1,FA 22:1,SN_POSITION,338.31848,C22H42O2,22:1,22,1,0,22:01,22,1,0,,,,,,,0.917361111,22,1,0,ESTER,,,,,,,,,,,,,,,,Fatty acyls [FA],fatty acids and conjugates [FA01],,,,,headgroup with negative charge,,,,,FA with less than 2 double bonds,Monounsaturated fatty acid,FA with more than 18 carbons,FA with 22-24 carbons,Very long-chain FA,FFA(22:1),FA 22:1,fattyacid
FA 22:2,FA,FA,FA 22:2,FA 22:2,FA 22:2,SN_POSITION,336.30283,C22H40O2,22:2,22,2,0,22:02,22,2,0,,,,,,,0.918055556,22,2,0,ESTER,,,,,,,,,,,,,,,,Fatty acyls [FA],fatty acids and conjugates [FA01],,,,,headgroup with negative charge,,,,,Polyunsaturated fatty acid,FA with 2 double bonds,FA with more than 18 carbons,FA with 22-24 carbons,Very long-chain FA,FFA(22:2),FA 22:2,fattyacid
FA 22:3,FA,FA,FA 22:3,FA 22:3,FA 22:3,SN_POSITION,334.28718,C22H38O2,22:3,22,3,0,22:03,22,3,0,,,,,,,0.91875,22,3,0,ESTER,,,,,,,,,,,,,,,,Fatty acyls [FA],fatty acids and conjugates [FA01],,,,,headgroup with negative charge,,,,,Polyunsaturated fatty acid,FA with more than 2 double bonds,FA with more than 18 carbons,FA with 22-24 carbons,Very long-chain FA,FFA(22:3),FA 22:3,fattyacid
FA 22:4,FA,FA,FA 22:4,FA 22:4,FA 22:4,SN_POSITION,332.27153,C22H36O2,22:4,22,4,0,22:04,22,4,0,,,,,,,0.919444444,22,4,0,ESTER,,,,,,,,,,,,,,,,Fatty acyls [FA],fatty acids and conjugates [FA01],,,,,headgroup with negative charge,,,,,Polyunsaturated fatty acid,FA with more than 2 double bonds,FA with more than 18 carbons,FA with 22-24 carbons,Very long-chain FA,FFA(22:4),FA 22:4,fattyacid
FA 22:5,FA,FA,FA 22:5,FA 22:5,FA 22:5,SN_POSITION,330.25588,C22H34O2,22:5,22,5,0,22:05,22,5,0,,,,,,,0.920138889,22,5,0,ESTER,,,,,,,,,,,,,,,,Fatty acyls [FA],fatty acids and conjugates [FA01],,,,,headgroup with negative charge,,,,,Polyunsaturated fatty acid,FA with more than 2 double bonds,FA with more than 18 carbons,FA with 22-24 carbons,Very long-chain FA,FFA(22:5),FA 22:5,fattyacid
FA 22:6,FA,FA,FA 22:6,FA 22:6,FA 22:6,SN_POSITION,328.24023,C22H32O2,22:6,22,6,0,22:06,22,6,0,,,,,,,0.920833333,22,6,0,ESTER,,,,,,,,,,,,,,,,Fatty acyls [FA],fatty acids and conjugates [FA01],,,,,headgroup with negative charge,,,,,Polyunsaturated fatty acid,FA with more than 5 double bonds,FA with more than 18 carbons,FA with 22-24 carbons,Very long-chain FA,FFA(22:6),FA 22:6,fattyacid
FA 24:0,FA,FA,FA 24:0,FA 24:0,FA 24:0,COMPLETE_STRUCTURE,368.36543,C24H48O2,24:0,24,0,0,24:00:00,24,0,0,,,,,,,1,24,0,0,ESTER,,,,,,,,,,,,,,,,Fatty acyls [FA],fatty acids and conjugates [FA01],,,,,headgroup with negative charge,,,,,FA with less than 2 double bonds,Saturated fatty acid,FA with more than 18 carbons,FA with 22-24 carbons,Very long-chain FA,FFA(24:0),FA 24:0,fattyacid
FA 24:1,FA,FA,FA 24:1,FA 24:1,FA 24:1,SN_POSITION,366.34978,C24H46O2,24:1,24,1,0,24:01:00,24,1,0,,,,,,,1.000694444,24,1,0,ESTER,,,,,,,,,,,,,,,,Fatty acyls [FA],fatty acids and conjugates [FA01],,,,,headgroup with negative charge,,,,,FA with less than 2 double bonds,Monounsaturated fatty acid,FA with more than 18 carbons,FA with 22-24 carbons,Very long-chain FA,FFA(24:1),FA 24:1,fattyacid
FA 24:2,FA,FA,FA 24:2,FA 24:2,FA 24:2,SN_POSITION,364.33413,C24H44O2,24:2,24,2,0,24:02:00,24,2,0,,,,,,,1.001388889,24,2,0,ESTER,,,,,,,,,,,,,,,,Fatty acyls [FA],fatty acids and conjugates [FA01],,,,,headgroup with negative charge,,,,,Polyunsaturated fatty acid,FA with 2 double bonds,FA with more than 18 carbons,FA with 22-24 carbons,Very long-chain FA,FFA(24:2),FA 24:2,fattyacid
FA 24:3,FA,FA,FA 24:3,FA 24:3,FA 24:3,SN_POSITION,362.31848,C24H42O2,24:3,24,3,0,24:03:00,24,3,0,,,,,,,1.002083333,24,3,0,ESTER,,,,,,,,,,,,,,,,Fatty acyls [FA],fatty acids and conjugates [FA01],,,,,headgroup with negative charge,,,,,Polyunsaturated fatty acid,FA with more than 2 double bonds,FA with more than 18 carbons,FA with 22-24 carbons,Very long-chain FA,FFA(24:3),FA 24:3,fattyacid
FA 24:4,FA,FA,FA 24:4,FA 24:4,FA 24:4,SN_POSITION,360.30283,C24H40O2,24:4,24,4,0,24:04:00,24,4,0,,,,,,,1.002777778,24,4,0,ESTER,,,,,,,,,,,,,,,,Fatty acyls [FA],fatty acids and conjugates [FA01],,,,,headgroup with negative charge,,,,,Polyunsaturated fatty acid,FA with more than 2 double bonds,FA with more than 18 carbons,FA with 22-24 carbons,Very long-chain FA,FFA(24:4),FA 24:4,fattyacid
FA 24:5,FA,FA,FA 24:5,FA 24:5,FA 24:5,SN_POSITION,358.28718,C24H38O2,24:5,24,5,0,24:05:00,24,5,0,,,,,,,1.003472222,24,5,0,ESTER,,,,,,,,,,,,,,,,Fatty acyls [FA],fatty acids and conjugates [FA01],,,,,headgroup with negative charge,,,,,Polyunsaturated fatty acid,FA with more than 2 double bonds,FA with more than 18 carbons,FA with 22-24 carbons,Very long-chain FA,FFA(24:5),FA 24:5,fattyacid
FA 24:6,FA,FA,FA 24:6,FA 24:6,FA 24:6,SN_POSITION,356.27153,C24H36O2,24:6,24,6,0,24:06:00,24,6,0,,,,,,,1.004166667,24,6,0,ESTER,,,,,,,,,,,,,,,,Fatty acyls [FA],fatty acids and conjugates [FA01],,,,,headgroup with negative charge,,,,,Polyunsaturated fatty acid,FA with more than 5 double bonds,FA with more than 18 carbons,FA with 22-24 carbons,Very long-chain FA,FFA(24:6),FA 24:6,fattyacid
CAR 2:0,CAR,FA,CAR 2:0,CAR 2:0,CAR 2:0,COMPLETE_STRUCTURE,203.11576,C9H17NO4,2:0,2,0,0,02:00,2,0,0,,,,,,,02:00,2,0,0,ESTER,,,,,,,,,,,,,,,,Fatty acyls [FA],Fatty esters [FA07],Fatty acyl carnitines [FA0707],,,,,,,,,FA with less than 2 double bonds,Saturated fatty acid,FA with 18 carbons or less,FA with less than 13 carbons,Short-chain FA,CAR(2:0),CAR(2:0),O-acyl-R-carnitine
CAR 3:0,CAR,FA,CAR 3:0,CAR 3:0,CAR 3:0,COMPLETE_STRUCTURE,217.13141,C10H19NO4,3:0,3,0,0,03:00,3,0,0,,,,,,,03:00,3,0,0,ESTER,,,,,,,,,,,,,,,,Fatty acyls [FA],Fatty esters [FA07],Fatty acyl carnitines [FA0707],,,,,,,,,FA with less than 2 double bonds,Saturated fatty acid,FA with 18 carbons or less,FA with less than 13 carbons,Short-chain FA,CAR(3:0),CAR(3:0),O-acyl-R-carnitine
CAR 4:0,CAR,FA,CAR 4:0,CAR 4:0,CAR 4:0,COMPLETE_STRUCTURE,231.14706,C11H21NO4,4:0,4,0,0,04:00,4,0,0,,,,,,,04:00,4,0,0,ESTER,,,,,,,,,,,,,,,,Fatty acyls [FA],Fatty esters [FA07],Fatty acyl carnitines [FA0707],,,,,,,,,FA with less than 2 double bonds,Saturated fatty acid,FA with 18 carbons or less,FA with less than 13 carbons,Short-chain FA,CAR(4:0),CAR(4:0),O-acyl-R-carnitine
CAR 5:0,CAR,FA,CAR 5:0,CAR 5:0,CAR 5:0,COMPLETE_STRUCTURE,245.16271,C12H23NO4,5:0,5,0,0,05:00,5,0,0,,,,,,,05:00,5,0,0,ESTER,,,,,,,,,,,,,,,,Fatty acyls [FA],Fatty esters [FA07],Fatty acyl carnitines [FA0707],,,,,,,,,FA with less than 2 double bonds,Saturated fatty acid,FA with 18 carbons or less,FA with less than 13 carbons,Short-chain FA,CAR(5:0),CAR(5:0),O-acyl-R-carnitine
CAR 6:0,CAR,FA,CAR 6:0,CAR 6:0,CAR 6:0,COMPLETE_STRUCTURE,259.17836,C13H25NO4,6:0,6,0,0,06:00,6,0,0,,,,,,,06:00,6,0,0,ESTER,,,,,,,,,,,,,,,,Fatty acyls [FA],Fatty esters [FA07],Fatty acyl carnitines [FA0707],,,,,,,,,FA with less than 2 double bonds,Saturated fatty acid,FA with 18 carbons or less,FA with less than 13 carbons,Short-chain FA,CAR(6:0),CAR(6:0),O-acyl-R-carnitine
CAR 7:0,CAR,FA,CAR 7:0,CAR 7:0,CAR 7:0,COMPLETE_STRUCTURE,273.19401,C14H27NO4,7:0,7,0,0,07:00,7,0,0,,,,,,,07:00,7,0,0,ESTER,,,,,,,,,,,,,,,,Fatty acyls [FA],Fatty esters [FA07],Fatty acyl carnitines [FA0707],,,,,,,,,FA with less than 2 double bonds,Saturated fatty acid,FA with 18 carbons or less,FA with less than 13 carbons,Medium-chain FA,CAR(7:0),CAR(7:0),O-acyl-R-carnitine
CAR 8:0,CAR,FA,CAR 8:0,CAR 8:0,CAR 8:0,COMPLETE_STRUCTURE,287.20966,C15H29NO4,8:0,8,0,0,08:00,8,0,0,,,,,,,08:00,8,0,0,ESTER,,,,,,,,,,,,,,,,Fatty acyls [FA],Fatty esters [FA07],Fatty acyl carnitines [FA0707],,,,,,,,,FA with less than 2 double bonds,Saturated fatty acid,FA with 18 carbons or less,FA with less than 13 carbons,Medium-chain FA,CAR(8:0),CAR(8:0),O-acyl-R-carnitine
CAR 9:0,CAR,FA,CAR 9:0,CAR 9:0,CAR 9:0,COMPLETE_STRUCTURE,301.22531,C16H31NO4,9:0,9,0,0,09:00,9,0,0,,,,,,,09:00,9,0,0,ESTER,,,,,,,,,,,,,,,,Fatty acyls [FA],Fatty esters [FA07],Fatty acyl carnitines [FA0707],,,,,,,,,FA with less than 2 double bonds,Saturated fatty acid,FA with 18 carbons or less,FA with less than 13 carbons,Medium-chain FA,CAR(9:0),CAR(9:0),O-acyl-R-carnitine
CAR 10:0,CAR,FA,CAR 10:0,CAR 10:0,CAR 10:0,COMPLETE_STRUCTURE,315.24096,C17H33NO4,10:0,10,0,0,10:00,10,0,0,,,,,,,10:00,10,0,0,ESTER,,,,,,,,,,,,,,,,Fatty acyls [FA],Fatty esters [FA07],Fatty acyl carnitines [FA0707],,,,,,,,,FA with less than 2 double bonds,Saturated fatty acid,FA with 18 carbons or less,FA with less than 13 carbons,Medium-chain FA,CAR(10:0),CAR(10:0),O-acyl-R-carnitine
CAR 12:0,CAR,FA,CAR 12:0,CAR 12:0,CAR 12:0,COMPLETE_STRUCTURE,343.27226,C19H37NO4,12:0,12,0,0,12:00,12,0,0,,,,,,,12:00,12,0,0,ESTER,,,,,,,,,,,,,,,,Fatty acyls [FA],Fatty esters [FA07],Fatty acyl carnitines [FA0707],,,,,,,,,FA with less than 2 double bonds,Saturated fatty acid,FA with 18 carbons or less,FA with less than 13 carbons,Medium-chain FA,CAR(12:0),CAR(12:0),O-acyl-R-carnitine
CAR 13:0,CAR,FA,CAR 13:0,CAR 13:0,CAR 13:0,COMPLETE_STRUCTURE,357.28791,C20H39NO4,13:0,13,0,0,13:00,13,0,0,,,,,,,13:00,13,0,0,ESTER,,,,,,,,,,,,,,,,Fatty acyls [FA],Fatty esters [FA07],Fatty acyl carnitines [FA0707],,,,,,,,,FA with less than 2 double bonds,Saturated fatty acid,FA with 18 carbons or less,FA with 13-15 carbons,Long-chain FA,CAR(13:0),CAR(13:0),O-acyl-R-carnitine
CAR 14:0,CAR,FA,CAR 14:0,CAR 14:0,CAR 14:0,COMPLETE_STRUCTURE,371.30356,C21H41NO4,14:0,14,0,0,14:00,14,0,0,,,,,,,14:00,14,0,0,ESTER,,,,,,,,,,,,,,,,Fatty acyls [FA],Fatty esters [FA07],Fatty acyl carnitines [FA0707],,,,,,,,,FA with less than 2 double bonds,Saturated fatty acid,FA with 18 carbons or less,FA with 13-15 carbons,Long-chain FA,CAR(14:0),CAR(14:0),O-acyl-R-carnitine
CAR 14:1,CAR,FA,CAR 14:1,CAR 14:1,CAR 14:1,SN_POSITION,369.28791,C21H39NO4,14:1,14,1,0,14:01,14,1,0,,,,,,,14:01,14,1,0,ESTER,,,,,,,,,,,,,,,,Fatty acyls [FA],Fatty esters [FA07],Fatty acyl carnitines [FA0707],,,,,,,,,FA with less than 2 double bonds,Monounsaturated fatty acid,FA with 18 carbons or less,FA with 13-15 carbons,Long-chain FA,CAR(14:1),CAR(14:1),O-acyl-R-carnitine
CAR 15:0,CAR,FA,CAR 15:0,CAR 15:0,CAR 15:0,COMPLETE_STRUCTURE,385.31921,C22H43NO4,15:0,15,0,0,15:00,15,0,0,,,,,,,15:00,15,0,0,ESTER,,,,,,,,,,,,,,,,Fatty acyls [FA],Fatty esters [FA07],Fatty acyl carnitines [FA0707],,,,,,,,,FA with less than 2 double bonds,Saturated fatty acid,FA with 18 carbons or less,FA with 13-15 carbons,Long-chain FA,CAR(15:0),CAR(15:0),O-acyl-R-carnitine
CAR 16:0,CAR,FA,CAR 16:0,CAR 16:0,CAR 16:0,COMPLETE_STRUCTURE,399.33486,C23H45NO4,16:0,16,0,0,16:00,16,0,0,,,,,,,16:00,16,0,0,ESTER,,,,,,,,,,,,,,,,Fatty acyls [FA],Fatty esters [FA07],Fatty acyl carnitines [FA0707],,,,,,,,,FA with less than 2 double bonds,Saturated fatty acid,FA with 18 carbons or less,FA with 16-18 carbons,Long-chain FA,CAR(16:0),CAR(16:0),O-acyl-R-carnitine
CAR 16:1,CAR,FA,CAR 16:1,CAR 16:1,CAR 16:1,SN_POSITION,397.31921,C23H43NO4,16:1,16,1,0,16:01,16,1,0,,,,,,,16:01,16,1,0,ESTER,,,,,,,,,,,,,,,,Fatty acyls [FA],Fatty esters [FA07],Fatty acyl carnitines [FA0707],,,,,,,,,FA with less than 2 double bonds,Monounsaturated fatty acid,FA with 18 carbons or less,FA with 16-18 carbons,Long-chain FA,CAR(16:1),CAR(16:1),O-acyl-R-carnitine
CAR 17:0,CAR,FA,CAR 17:0,CAR 17:0,CAR 17:0,COMPLETE_STRUCTURE,413.35051,C24H47NO4,17:0,17,0,0,17:00,17,0,0,,,,,,,17:00,17,0,0,ESTER,,,,,,,,,,,,,,,,Fatty acyls [FA],Fatty esters [FA07],Fatty acyl carnitines [FA0707],,,,,,,,,FA with less than 2 double bonds,Saturated fatty acid,FA with 18 carbons or less,FA with 16-18 carbons,Long-chain FA,CAR(17:0),CAR(17:0),O-acyl-R-carnitine
CAR 18:0,CAR,FA,CAR 18:0,CAR 18:0,CAR 18:0,COMPLETE_STRUCTURE,427.36616,C25H49NO4,18:0,18,0,0,18:00,18,0,0,,,,,,,18:00,18,0,0,ESTER,,,,,,,,,,,,,,,,Fatty acyls [FA],Fatty esters [FA07],Fatty acyl carnitines [FA0707],,,,,,,,,FA with less than 2 double bonds,Saturated fatty acid,FA with 18 carbons or less,FA with 16-18 carbons,Long-chain FA,CAR(18:0),CAR(18:0),O-acyl-R-carnitine
CAR 18:1,CAR,FA,CAR 18:1,CAR 18:1,CAR 18:1,SN_POSITION,425.35051,C25H47NO4,18:1,18,1,0,18:01,18,1,0,,,,,,,18:01,18,1,0,ESTER,,,,,,,,,,,,,,,,Fatty acyls [FA],Fatty esters [FA07],Fatty acyl carnitines [FA0707],,,,,,,,,FA with less than 2 double bonds,Monounsaturated fatty acid,FA with 18 carbons or less,FA with 16-18 carbons,Long-chain FA,CAR(18:1),CAR(18:1),O-acyl-R-carnitine
CAR 20:0,CAR,FA,CAR 20:0,CAR 20:0,CAR 20:0,COMPLETE_STRUCTURE,455.39746,C27H53NO4,20:0,20,0,0,20:00,20,0,0,,,,,,,20:00,20,0,0,ESTER,,,,,,,,,,,,,,,,Fatty acyls [FA],Fatty esters [FA07],Fatty acyl carnitines [FA0707],,,,,,,,,FA with less than 2 double bonds,Saturated fatty acid,FA with more than 18 carbons,FA with 19-21 carbons,Long-chain FA,CAR(20:0),CAR(20:0),O-acyl-R-carnitine
CAR 22:0,CAR,FA,CAR 22:0,CAR 22:0,CAR 22:0,COMPLETE_STRUCTURE,483.42876,C29H57NO4,22:0,22,0,0,22:00,22,0,0,,,,,,,22:00,22,0,0,ESTER,,,,,,,,,,,,,,,,Fatty acyls [FA],Fatty esters [FA07],Fatty acyl carnitines [FA0707],,,,,,,,,FA with less than 2 double bonds,Saturated fatty acid,FA with more than 18 carbons,FA with 22-24 carbons,Very long-chain FA,CAR(22:0),CAR(22:0),O-acyl-R-carnitine
CAR 22:1,CAR,FA,CAR 22:1,CAR 22:1,CAR 22:1,SN_POSITION,481.41311,C29H55NO4,22:1,22,1,0,22:01,22,1,0,,,,,,,22:01,22,1,0,ESTER,,,,,,,,,,,,,,,,Fatty acyls [FA],Fatty esters [FA07],Fatty acyl carnitines [FA0707],,,,,,,,,FA with less than 2 double bonds,Monounsaturated fatty acid,FA with more than 18 carbons,FA with 22-24 carbons,Very long-chain FA,CAR(22:1),CAR(22:1),O-acyl-R-carnitine
CAR 24:0,CAR,FA,CAR 24:0,CAR 24:0,CAR 24:0,COMPLETE_STRUCTURE,511.46006,C31H61NO4,24:0,24,0,0,24:00:00,24,0,0,,,,,,,24:00:00,24,0,0,ESTER,,,,,,,,,,,,,,,,Fatty acyls [FA],Fatty esters [FA07],Fatty acyl carnitines [FA0707],,,,,,,,,FA with less than 2 double bonds,Saturated fatty acid,FA with more than 18 carbons,FA with 22-24 carbons,Very long-chain FA,CAR(24:0),CAR(24:0),O-acyl-R-carnitine
CAR 24:1,CAR,FA,CAR 24:1,CAR 24:1,CAR 24:1,SN_POSITION,509.44441,C31H59NO4,24:1,24,1,0,24:01:00,24,1,0,,,,,,,24:01:00,24,1,0,ESTER,,,,,,,,,,,,,,,,Fatty acyls [FA],Fatty esters [FA07],Fatty acyl carnitines [FA0707],,,,,,,,,FA with less than 2 double bonds,Monounsaturated fatty acid,FA with more than 18 carbons,FA with 22-24 carbons,Very long-chain FA,CAR(24:1),CAR(24:1),O-acyl-R-carnitine
CAR 26:0,CAR,FA,CAR 26:0,CAR 26:0,CAR 26:0,COMPLETE_STRUCTURE,539.49136,C33H65NO4,26:0,26,0,0,26:00:00,26,0,0,,,,,,,26:00:00,26,0,0,ESTER,,,,,,,,,,,,,,,,Fatty acyls [FA],Fatty esters [FA07],Fatty acyl carnitines [FA0707],,,,,,,,,FA with less than 2 double bonds,Saturated fatty acid,FA with more than 18 carbons,FA with more than 24 carbons,Very long-chain FA,CAR(26:0),CAR(26:0),O-acyl-R-carnitine
Arachidonoyl-EA,ECB,FA,,,,,325.298079,C20H39NO2,,,,,,,,,,,,,,,,,,,,,,,,,,,,,,,,,,,Fatty acyls [FA],Fatty amides [FA08],N-acyl ethanolamines (endocannabinoids) [FA0804],,,,,,,,,,,,,,,,
2-Arachidonylglycerol,ECB,FA,,,,,,,,,,,,,,,,,,,,,,,,,,,,,,,,,,,,,,,,,Fatty acyls [FA],Fatty amides [FA08],N-acyl ethanolamines (endocannabinoids) [FA0804],,,,,,,,,,,,,,,,
1-Arachidonylglycerol,ECB,FA,,,,,,,,,,,,,,,,,,,,,,,,,,,,,,,,,,,,,,,,,Fatty acyls [FA],Fatty amides [FA08],N-acyl ethanolamines (endocannabinoids) [FA0804],,,,,,,,,,,,,,,,
Palmitoyl-EA,ECB,FA,,,,,,,,,,,,,,,,,,,,,,,,,,,,,,,,,,,,,,,,,Fatty acyls [FA],Fatty amides [FA08],N-acyl ethanolamines (endocannabinoids) [FA0804],,,,,,,,,,,,,,,,
Oleoyl-EA,ECB,FA,,,,,,,,,,,,,,,,,,,,,,,,,,,,,,,,,,,,,,,,,Fatty acyls [FA],Fatty amides [FA08],N-acyl ethanolamines (endocannabinoids) [FA0804],,,,,,,,,,,,,,,,
MGDG 32:1,MGDG,GL,MGDG 32:1,,,SPECIES,728.54385,C41H76O10,32:1,32,1,0,,,,,,,,,,,,,,,,,,,,,,,,,,,,,,,Glycerolipids [GL],,,,,,,,,,,,,,,,MGDG(32:1),MGDG(32:1),
MGDG 32:2,MGDG,GL,MGDG 32:2,,,SPECIES,726.5282,C41H74O10,32:2,32,2,0,,,,,,,,,,,,,,,,,,,,,,,,,,,,,,,Glycerolipids [GL],,,,,,,,,,,,,,,,MGDG(32:2),MGDG(32:2),
MGDG 34:0,MGDG,GL,MGDG 34:0,,,SPECIES,758.5908,C43H82O10,34:0,34,0,0,,,,,,,,,,,,,,,,,,,,,,,,,,,,,,,Glycerolipids [GL],,,,,,,,,,,,,,,,MGDG(34:0),MGDG(34:0),
MGDG 34:1,MGDG,GL,MGDG 34:1,,,SPECIES,756.57515,C43H80O10,34:1,34,1,0,,,,,,,,,,,,,,,,,,,,,,,,,,,,,,,Glycerolipids [GL],,,,,,,,,,,,,,,,MGDG(34:1),MGDG(34:1),
MGDG 34:2,MGDG,GL,MGDG 34:2,,,SPECIES,754.5595,C43H78O10,34:2,34,2,0,,,,,,,,,,,,,,,,,,,,,,,,,,,,,,,Glycerolipids [GL],,,,,,,,,,,,,,,,MGDG(34:2),MGDG(34:2),
MGDG 34:3,MGDG,GL,MGDG 34:3,,,SPECIES,752.54385,C43H76O10,34:3,34,3,0,,,,,,,,,,,,,,,,,,,,,,,,,,,,,,,Glycerolipids [GL],,,,,,,,,,,,,,,,MGDG(34:3),MGDG(34:3),
MGDG 34:4,MGDG,GL,MGDG 34:4,,,SPECIES,750.5282,C43H74O10,34:4,34,4,0,,,,,,,,,,,,,,,,,,,,,,,,,,,,,,,Glycerolipids [GL],,,,,,,,,,,,,,,,MGDG(34:4),MGDG(34:4),
MGDG 34:5,MGDG,GL,MGDG 34:5,,,SPECIES,748.51255,C43H72O10,34:5,34,5,0,,,,,,,,,,,,,,,,,,,,,,,,,,,,,,,Glycerolipids [GL],,,,,,,,,,,,,,,,MGDG(34:5),MGDG(34:5),
MGDG 34:6,MGDG,GL,MGDG 34:6,,,SPECIES,746.4969,C43H70O10,34:6,34,6,0,,,,,,,,,,,,,,,,,,,,,,,,,,,,,,,Glycerolipids [GL],,,,,,,,,,,,,,,,MGDG(34:6),MGDG(34:6),
MGDG 36:3,MGDG,GL,MGDG 36:3,,,SPECIES,780.57515,C45H80O10,36:3,36,3,0,,,,,,,,,,,,,,,,,,,,,,,,,,,,,,,Glycerolipids [GL],,,,,,,,,,,,,,,,MGDG(36:3),MGDG(36:3),
MGDG 36:4,MGDG,GL,MGDG 36:4,,,SPECIES,778.5595,C45H78O10,36:4,36,4,0,,,,,,,,,,,,,,,,,,,,,,,,,,,,,,,Glycerolipids [GL],,,,,,,,,,,,,,,,MGDG(36:4),MGDG(36:4),
MGDG 36:5,MGDG,GL,MGDG 36:5,,,SPECIES,776.54385,C45H76O10,36:5,36,5,0,,,,,,,,,,,,,,,,,,,,,,,,,,,,,,,Glycerolipids [GL],,,,,,,,,,,,,,,,MGDG(36:5),MGDG(36:5),
MGDG 36:6,MGDG,GL,MGDG 36:6,,,SPECIES,774.5282,C45H74O10,36:6,36,6,0,,,,,,,,,,,,,,,,,,,,,,,,,,,,,,,Glycerolipids [GL],,,,,,,,,,,,,,,,MGDG(36:6),MGDG(36:6),
MGDG 38:0,MGDG,GL,MGDG 38:0,,,SPECIES,814.6534,C47H90O10,38:0,38,0,0,,,,,,,,,,,,,,,,,,,,,,,,,,,,,,,Glycerolipids [GL],,,,,,,,,,,,,,,,MGDG(38:0),MGDG(38:0),
MGDG 38:1,MGDG,GL,MGDG 38:1,,,SPECIES,812.63775,C47H88O10,38:1,38,1,0,,,,,,,,,,,,,,,,,,,,,,,,,,,,,,,Glycerolipids [GL],,,,,,,,,,,,,,,,MGDG(38:1),MGDG(38:1),
MGDG 38:2,MGDG,GL,MGDG 38:2,,,SPECIES,810.6221,C47H86O10,38:2,38,2,0,,,,,,,,,,,,,,,,,,,,,,,,,,,,,,,Glycerolipids [GL],,,,,,,,,,,,,,,,MGDG(38:2),MGDG(38:2),
MGDG 38:3,MGDG,GL,MGDG 38:3,,,SPECIES,808.60645,C47H84O10,38:3,38,3,0,,,,,,,,,,,,,,,,,,,,,,,,,,,,,,,Glycerolipids [GL],,,,,,,,,,,,,,,,MGDG(38:3),MGDG(38:3),
MGDG 38:4,MGDG,GL,MGDG 38:4,,,SPECIES,806.5908,C47H82O10,38:4,38,4,0,,,,,,,,,,,,,,,,,,,,,,,,,,,,,,,Glycerolipids [GL],,,,,,,,,,,,,,,,MGDG(38:4),MGDG(38:4),
MGDG 40:0,MGDG,GL,MGDG 40:0,,,SPECIES,842.6847,C49H94O10,40:0,40,0,0,,,,,,,,,,,,,,,,,,,,,,,,,,,,,,,Glycerolipids [GL],,,,,,,,,,,,,,,,MGDG(40:0),MGDG(40:0),
MGDG 40:1,MGDG,GL,MGDG 40:1,,,SPECIES,840.66905,C49H92O10,40:1,40,1,0,,,,,,,,,,,,,,,,,,,,,,,,,,,,,,,Glycerolipids [GL],,,,,,,,,,,,,,,,MGDG(40:1),MGDG(40:1),
MGDG 40:2,MGDG,GL,MGDG 40:2,,,SPECIES,838.6534,C49H90O10,40:2,40,2,0,,,,,,,,,,,,,,,,,,,,,,,,,,,,,,,Glycerolipids [GL],,,,,,,,,,,,,,,,MGDG(40:2),MGDG(40:2),
MGDG 40:3,MGDG,GL,MGDG 40:3,,,SPECIES,836.63775,C49H88O10,40:3,40,3,0,,,,,,,,,,,,,,,,,,,,,,,,,,,,,,,Glycerolipids [GL],,,,,,,,,,,,,,,,MGDG(40:3),MGDG(40:3),
DGDG 34:0,DGDG,GL,DGDG 34:0,,,SPECIES,920.64362,C49H92O15,34:0,34,0,0,,,,,,,,,,,,,,,,,,,,,,,,,,,,,,,Glycerolipids [GL],,,,,,,,,,,,,,,,DGDG(34:0),DGDG(34:0),
DGDG 34:1,DGDG,GL,DGDG 34:1,,,SPECIES,918.62797,C49H90O15,34:1,34,1,0,,,,,,,,,,,,,,,,,,,,,,,,,,,,,,,Glycerolipids [GL],,,,,,,,,,,,,,,,DGDG(34:1),DGDG(34:1),
DGDG 34:2,DGDG,GL,DGDG 34:2,,,SPECIES,916.61232,C49H88O15,34:2,34,2,0,,,,,,,,,,,,,,,,,,,,,,,,,,,,,,,Glycerolipids [GL],,,,,,,,,,,,,,,,DGDG(34:2),DGDG(34:2),
DGDG 34:3,DGDG,GL,DGDG 34:3,,,SPECIES,914.59667,C49H86O15,34:3,34,3,0,,,,,,,,,,,,,,,,,,,,,,,,,,,,,,,Glycerolipids [GL],,,,,,,,,,,,,,,,DGDG(34:3),DGDG(34:3),
DGDG 34:4,DGDG,GL,DGDG 34:4,,,SPECIES,912.58102,C49H84O15,34:4,34,4,0,,,,,,,,,,,,,,,,,,,,,,,,,,,,,,,Glycerolipids [GL],,,,,,,,,,,,,,,,DGDG(34:4),DGDG(34:4),
DGDG 34:5,DGDG,GL,DGDG 34:5,,,SPECIES,910.56537,C49H82O15,34:5,34,5,0,,,,,,,,,,,,,,,,,,,,,,,,,,,,,,,Glycerolipids [GL],,,,,,,,,,,,,,,,DGDG(34:5),DGDG(34:5),
DGDG 34:6,DGDG,GL,DGDG 34:6,,,SPECIES,908.54972,C49H80O15,34:6,34,6,0,,,,,,,,,,,,,,,,,,,,,,,,,,,,,,,Glycerolipids [GL],,,,,,,,,,,,,,,,DGDG(34:6),DGDG(34:6),
DGDG 36:2,DGDG,GL,DGDG 36:2,,,SPECIES,944.64362,C51H92O15,36:2,36,2,0,,,,,,,,,,,,,,,,,,,,,,,,,,,,,,,Glycerolipids [GL],,,,,,,,,,,,,,,,DGDG(36:2),DGDG(36:2),
DGDG 36:3,DGDG,GL,DGDG 36:3,,,SPECIES,942.62797,C51H90O15,36:3,36,3,0,,,,,,,,,,,,,,,,,,,,,,,,,,,,,,,Glycerolipids [GL],,,,,,,,,,,,,,,,DGDG(36:3),DGDG(36:3),
DGDG 36:4,DGDG,GL,DGDG 36:4,,,SPECIES,940.61232,C51H88O15,36:4,36,4,0,,,,,,,,,,,,,,,,,,,,,,,,,,,,,,,Glycerolipids [GL],,,,,,,,,,,,,,,,DGDG(36:4),DGDG(36:4),
DGDG 36:5,DGDG,GL,DGDG 36:5,,,SPECIES,938.59667,C51H86O15,36:5,36,5,0,,,,,,,,,,,,,,,,,,,,,,,,,,,,,,,Glycerolipids [GL],,,,,,,,,,,,,,,,DGDG(36:5),DGDG(36:5),
DGDG 36:6,DGDG,GL,DGDG 36:6,,,SPECIES,936.58102,C51H84O15,36:6,36,6,0,,,,,,,,,,,,,,,,,,,,,,,,,,,,,,,Glycerolipids [GL],,,,,,,,,,,,,,,,DGDG(36:6),DGDG(36:6),
DGDG 36:7,DGDG,GL,DGDG 36:7,,,SPECIES,934.56537,C51H82O15,36:7,36,7,0,,,,,,,,,,,,,,,,,,,,,,,,,,,,,,,Glycerolipids [GL],,,,,,,,,,,,,,,,DGDG(36:7),DGDG(36:7),
SQDG 34:1,SQDG,GL,SQDG 34:1,,,SPECIES,820.53705,C43H80O12S,34:1,34,1,0,,,,,,,,,,,,,,,,,,,,,,,,,,,,,,,Glycerolipids [GL],,,,,,,,,,,,,,,,SQDG(34:1),SQDG(34:1),
SQDG 34:2,SQDG,GL,SQDG 34:2,,,SPECIES,818.5214,C43H78O12S,34:2,34,2,0,,,,,,,,,,,,,,,,,,,,,,,,,,,,,,,Glycerolipids [GL],,,,,,,,,,,,,,,,SQDG(34:2),SQDG(34:2),
SQDG 34:3,SQDG,GL,SQDG 34:3,,,SPECIES,816.50575,C43H76O12S,34:3,34,3,0,,,,,,,,,,,,,,,,,,,,,,,,,,,,,,,Glycerolipids [GL],,,,,,,,,,,,,,,,SQDG(34:3),SQDG(34:3),
SQDG 34:4,SQDG,GL,SQDG 34:4,,,SPECIES,814.4901,C43H74O12S,34:4,34,4,0,,,,,,,,,,,,,,,,,,,,,,,,,,,,,,,Glycerolipids [GL],,,,,,,,,,,,,,,,SQDG(34:4),SQDG(34:4),
SQDG 36:3,SQDG,GL,SQDG 36:3,,,SPECIES,844.53705,C45H80O12S,36:3,36,3,0,,,,,,,,,,,,,,,,,,,,,,,,,,,,,,,Glycerolipids [GL],,,,,,,,,,,,,,,,SQDG(36:3),SQDG(36:3),
SQDG 36:4,SQDG,GL,SQDG 36:4,,,SPECIES,842.5214,C45H78O12S,36:4,36,4,0,,,,,,,,,,,,,,,,,,,,,,,,,,,,,,,Glycerolipids [GL],,,,,,,,,,,,,,,,SQDG(36:4),SQDG(36:4),
SQDG 36:5,SQDG,GL,SQDG 36:5,,,SPECIES,840.50575,C45H76O12S,36:5,36,5,0,,,,,,,,,,,,,,,,,,,,,,,,,,,,,,,Glycerolipids [GL],,,,,,,,,,,,,,,,SQDG(36:5),SQDG(36:5),
SQDG 36:6,SQDG,GL,SQDG 36:6,,,SPECIES,838.4901,C45H74O12S,36:6,36,6,0,,,,,,,,,,,,,,,,,,,,,,,,,,,,,,,Glycerolipids [GL],,,,,,,,,,,,,,,,SQDG(36:6),SQDG(36:6),
LBPA 32:0,BMP,GP,BMP 32:0,,,SPECIES,722.50979,C38H75O10P,32:0,32,0,0,,,,,,,,,,,,,,,,,,,,,,,,,,,,,,,Glycerophospholipids [GP],glycerophosphoglycerols [GP04],monoacylglycerophosphomonoradylglycerols [GP0410],endosome/lysosome,membrane component,,headgroup with negative charge,,,,,,,,,,BMP(32:0),BMP(32:0),
LBPA 32:1,BMP,GP,BMP 32:1,,,SPECIES,720.49414,C38H73O10P,32:1,32,1,0,,,,,,,,,,,,,,,,,,,,,,,,,,,,,,,Glycerophospholipids [GP],glycerophosphoglycerols [GP04],monoacylglycerophosphomonoradylglycerols [GP0410],endosome/lysosome,membrane component,,headgroup with negative charge,,,,,,,,,,BMP(32:1),BMP(32:1),
LBPA 34:1,BMP,GP,BMP 34:1,,,SPECIES,748.52544,C40H77O10P,34:1,34,1,0,,,,,,,,,,,,,,,,,,,,,,,,,,,,,,,Glycerophospholipids [GP],glycerophosphoglycerols [GP04],monoacylglycerophosphomonoradylglycerols [GP0410],endosome/lysosome,membrane component,,headgroup with negative charge,,,,,,,,,,BMP(34:1),BMP(34:1),
LBPA 34:2,BMP,GP,BMP 34:2,,,SPECIES,746.50979,C40H75O10P,34:2,34,2,0,,,,,,,,,,,,,,,,,,,,,,,,,,,,,,,Glycerophospholipids [GP],glycerophosphoglycerols [GP04],monoacylglycerophosphomonoradylglycerols [GP0410],endosome/lysosome,membrane component,,headgroup with negative charge,,,,,,,,,,BMP(34:2),BMP(34:2),
LBPA 36:1,BMP,GP,BMP 36:1,,,SPECIES,776.55674,C42H81O10P,36:1,36,1,0,,,,,,,,,,,,,,,,,,,,,,,,,,,,,,,Glycerophospholipids [GP],glycerophosphoglycerols [GP04],monoacylglycerophosphomonoradylglycerols [GP0410],endosome/lysosome,membrane component,,headgroup with negative charge,,,,,,,,,,BMP(36:1),BMP(36:1),
LBPA 36:2,BMP,GP,BMP 36:2,,,SPECIES,774.54109,C42H79O10P,36:2,36,2,0,,,,,,,,,,,,,,,,,,,,,,,,,,,,,,,Glycerophospholipids [GP],glycerophosphoglycerols [GP04],monoacylglycerophosphomonoradylglycerols [GP0410],endosome/lysosome,membrane component,,headgroup with negative charge,,,,,,,,,,BMP(36:2),BMP(36:2),
LBPA 36:3,BMP,GP,BMP 36:3,,,SPECIES,772.52544,C42H77O10P,36:3,36,3,0,,,,,,,,,,,,,,,,,,,,,,,,,,,,,,,Glycerophospholipids [GP],glycerophosphoglycerols [GP04],monoacylglycerophosphomonoradylglycerols [GP0410],endosome/lysosome,membrane component,,headgroup with negative charge,,,,,,,,,,BMP(36:3),BMP(36:3),
LBPA 36:4,BMP,GP,BMP 36:4,,,SPECIES,770.50979,C42H75O10P,36:4,36,4,0,,,,,,,,,,,,,,,,,,,,,,,,,,,,,,,Glycerophospholipids [GP],glycerophosphoglycerols [GP04],monoacylglycerophosphomonoradylglycerols [GP0410],endosome/lysosome,membrane component,,headgroup with negative charge,,,,,,,,,,BMP(36:4),BMP(36:4),
LBPA 36:5,BMP,GP,BMP 36:5,,,SPECIES,768.49414,C42H73O10P,36:5,36,5,0,,,,,,,,,,,,,,,,,,,,,,,,,,,,,,,Glycerophospholipids [GP],glycerophosphoglycerols [GP04],monoacylglycerophosphomonoradylglycerols [GP0410],endosome/lysosome,membrane component,,headgroup with negative charge,,,,,,,,,,BMP(36:5),BMP(36:5),
LBPA 38:4,BMP,GP,BMP 38:4,,,SPECIES,798.54109,C44H79O10P,38:4,38,4,0,,,,,,,,,,,,,,,,,,,,,,,,,,,,,,,Glycerophospholipids [GP],glycerophosphoglycerols [GP04],monoacylglycerophosphomonoradylglycerols [GP0410],endosome/lysosome,membrane component,,headgroup with negative charge,,,,,,,,,,BMP(38:4),BMP(38:4),
LBPA 38:5,BMP,GP,BMP 38:5,,,SPECIES,796.52544,C44H77O10P,38:5,38,5,0,,,,,,,,,,,,,,,,,,,,,,,,,,,,,,,Glycerophospholipids [GP],glycerophosphoglycerols [GP04],monoacylglycerophosphomonoradylglycerols [GP0410],endosome/lysosome,membrane component,,headgroup with negative charge,,,,,,,,,,BMP(38:5),BMP(38:5),
LBPA 38:6,BMP,GP,BMP 38:6,,,SPECIES,794.50979,C44H75O10P,38:6,38,6,0,,,,,,,,,,,,,,,,,,,,,,,,,,,,,,,Glycerophospholipids [GP],glycerophosphoglycerols [GP04],monoacylglycerophosphomonoradylglycerols [GP0410],endosome/lysosome,membrane component,,headgroup with negative charge,,,,,,,,,,BMP(38:6),BMP(38:6),
LBPA 40:7,BMP,GP,BMP 40:7,,,SPECIES,820.52544,C46H77O10P,40:7,40,7,0,,,,,,,,,,,,,,,,,,,,,,,,,,,,,,,Glycerophospholipids [GP],glycerophosphoglycerols [GP04],monoacylglycerophosphomonoradylglycerols [GP0410],endosome/lysosome,membrane component,,headgroup with negative charge,,,,,,,,,,BMP(40:7),BMP(40:7),
LBPA 40:8,BMP,GP,BMP 40:8,,,SPECIES,818.50979,C46H75O10P,40:8,40,8,0,,,,,,,,,,,,,,,,,,,,,,,,,,,,,,,Glycerophospholipids [GP],glycerophosphoglycerols [GP04],monoacylglycerophosphomonoradylglycerols [GP0410],endosome/lysosome,membrane component,,headgroup with negative charge,,,,,,,,,,BMP(40:8),BMP(40:8),
LBPA 42:10,BMP,GP,BMP 42:10,,,SPECIES,842.50979,C48H75O10P,42:10,42,10,0,,,,,,,,,,,,,,,,,,,,,,,,,,,,,,,Glycerophospholipids [GP],glycerophosphoglycerols [GP04],monoacylglycerophosphomonoradylglycerols [GP0410],endosome/lysosome,membrane component,,headgroup with negative charge,,,,,,,,,,BMP(42:10),BMP(42:10),
LBPA 44:12,BMP,GP,BMP 44:12,,,SPECIES,866.50979,C50H75O10P,44:12,44,12,0,,,,,,,,,,,,,,,,,,,,,,,,,,,,,,,Glycerophospholipids [GP],glycerophosphoglycerols [GP04],monoacylglycerophosphomonoradylglycerols [GP0410],endosome/lysosome,membrane component,,headgroup with negative charge,,,,,,,,,,BMP(44:12),BMP(44:12),
SE 43:3 (Cholestadienol),SE,SE,,,,,,,,43,3,0,,,,,,,,,,,,,,,,,,,,,,,,,,,,,,,Sterol lipids [ST],sterols [ST01],steryl esters [ST0102],,,,,,,,,,,,,,,,
SE 44:3 (Ergostadienol),SE,SE,,,,,,,,44,3,0,,,,,,,,,,,,,,,,,,,,,,,,,,,,,,,Sterol lipids [ST],sterols [ST01],steryl esters [ST0102],,,,,,,,,,,,,,,,
SE 44:4 (Ergosterol),SE,SE,,,,,,,,44,4,0,,,,,,,,,,,,,,,,,,,,,,,,,,,,,,,Sterol lipids [ST],sterols [ST01],steryl esters [ST0102],,,,,,,,,,,,,,,,
SE 44:5 (Ergostatetraenol),SE,SE,,,,,,,,44,5,0,,,,,,,,,,,,,,,,,,,,,,,,,,,,,,,Sterol lipids [ST],sterols [ST01],steryl esters [ST0102],,,,,,,,,,,,,,,,
SE 45:3 (Stigmasterol),SE,SE,,,,,,,,45,3,0,,,,,,,,,,,,,,,,,,,,,,,,,,,,,,,Sterol lipids [ST],sterols [ST01],steryl esters [ST0102],,,,,,,,,,,,,,,,
SE 45:3 (Cholestadienol),SE,SE,,,,,,,,45,3,0,,,,,,,,,,,,,,,,,,,,,,,,,,,,,,,Sterol lipids [ST],sterols [ST01],steryl esters [ST0102],,,,,,,,,,,,,,,,
SE 46:3 (Lanosterol),SE,SE,,,,,,,,46,3,0,,,,,,,,,,,,,,,,,,,,,,,,,,,,,,,Sterol lipids [ST],sterols [ST01],steryl esters [ST0102],,,,,,,,,,,,,,,,
SE 46:3 (Ergostadienol),SE,SE,,,,,,,,46,3,0,,,,,,,,,,,,,,,,,,,,,,,,,,,,,,,Sterol lipids [ST],sterols [ST01],steryl esters [ST0102],,,,,,,,,,,,,,,,
SE 46:4 (Ergosterol),SE,SE,,,,,,,,46,4,0,,,,,,,,,,,,,,,,,,,,,,,,,,,,,,,Sterol lipids [ST],sterols [ST01],steryl esters [ST0102],,,,,,,,,,,,,,,,
SE 46:5 (Ergostatetraenol),SE,SE,,,,,,,,46,5,0,,,,,,,,,,,,,,,,,,,,,,,,,,,,,,,Sterol lipids [ST],sterols [ST01],steryl esters [ST0102],,,,,,,,,,,,,,,,
SE 47:3 (Stigmasterol),SE,SE,,,,,,,,47,3,0,,,,,,,,,,,,,,,,,,,,,,,,,,,,,,,Sterol lipids [ST],sterols [ST01],steryl esters [ST0102],,,,,,,,,,,,,,,,
SE 48:3 (Lanosterol),SE,SE,,,,,,,,48,3,0,,,,,,,,,,,,,,,,,,,,,,,,,,,,,,,Sterol lipids [ST],sterols [ST01],steryl esters [ST0102],,,,,,,,,,,,,,,,
